**************************************************
Report         : passing_points

Reference      : Ref:/WORK/CSS_Transmitter_Top
Implementation : Imp:/WORK/CSS_Transmitter_Top
Version        : L-2016.03-SP1
Date           : Fri Sep 18 12:09:49 2026
**************************************************

1287 Passing compare points:

  Ref  DFF        Ref:/WORK/CSS_Transmitter_Top/Modulation_system_cart/Address_A/address_reg_0_
  Impl DFF        Imp:/WORK/CSS_Transmitter_Top/Modulation_system_cart/Address_A/address_reg_0_

  Ref  DFF        Ref:/WORK/CSS_Transmitter_Top/Modulation_system_cart/Address_A/address_reg_1_
  Impl DFF        Imp:/WORK/CSS_Transmitter_Top/Modulation_system_cart/Address_A/address_reg_1_

  Ref  DFF        Ref:/WORK/CSS_Transmitter_Top/Modulation_system_cart/Address_A/address_reg_2_
  Impl DFF        Imp:/WORK/CSS_Transmitter_Top/Modulation_system_cart/Address_A/address_reg_2_

  Ref  DFF        Ref:/WORK/CSS_Transmitter_Top/Modulation_system_cart/Address_C/address_reg_0_
  Impl DFF        Imp:/WORK/CSS_Transmitter_Top/Modulation_system_cart/Address_C/address_reg_0_

  Ref  DFF        Ref:/WORK/CSS_Transmitter_Top/Modulation_system_cart/Address_C/address_reg_10_
  Impl DFF        Imp:/WORK/CSS_Transmitter_Top/Modulation_system_cart/Address_C/address_reg_10_

  Ref  DFF        Ref:/WORK/CSS_Transmitter_Top/Modulation_system_cart/Address_C/address_reg_11_
  Impl DFF        Imp:/WORK/CSS_Transmitter_Top/Modulation_system_cart/Address_C/address_reg_11_

  Ref  DFF        Ref:/WORK/CSS_Transmitter_Top/Modulation_system_cart/Address_C/address_reg_1_
  Impl DFF        Imp:/WORK/CSS_Transmitter_Top/Modulation_system_cart/Address_C/address_reg_1_

  Ref  DFF        Ref:/WORK/CSS_Transmitter_Top/Modulation_system_cart/Address_C/address_reg_2_
  Impl DFF        Imp:/WORK/CSS_Transmitter_Top/Modulation_system_cart/Address_C/address_reg_2_

  Ref  DFF        Ref:/WORK/CSS_Transmitter_Top/Modulation_system_cart/Address_C/address_reg_3_
  Impl DFF        Imp:/WORK/CSS_Transmitter_Top/Modulation_system_cart/Address_C/address_reg_3_

  Ref  DFF        Ref:/WORK/CSS_Transmitter_Top/Modulation_system_cart/Address_C/address_reg_4_
  Impl DFF        Imp:/WORK/CSS_Transmitter_Top/Modulation_system_cart/Address_C/address_reg_4_

  Ref  DFF        Ref:/WORK/CSS_Transmitter_Top/Modulation_system_cart/Address_C/address_reg_5_
  Impl DFF        Imp:/WORK/CSS_Transmitter_Top/Modulation_system_cart/Address_C/address_reg_5_

  Ref  DFF        Ref:/WORK/CSS_Transmitter_Top/Modulation_system_cart/Address_C/address_reg_6_
  Impl DFF        Imp:/WORK/CSS_Transmitter_Top/Modulation_system_cart/Address_C/address_reg_6_

  Ref  DFF        Ref:/WORK/CSS_Transmitter_Top/Modulation_system_cart/Address_C/address_reg_7_
  Impl DFF        Imp:/WORK/CSS_Transmitter_Top/Modulation_system_cart/Address_C/address_reg_7_

  Ref  DFF        Ref:/WORK/CSS_Transmitter_Top/Modulation_system_cart/Address_C/address_reg_8_
  Impl DFF        Imp:/WORK/CSS_Transmitter_Top/Modulation_system_cart/Address_C/address_reg_8_

  Ref  DFF        Ref:/WORK/CSS_Transmitter_Top/Modulation_system_cart/Address_C/address_reg_9_
  Impl DFF        Imp:/WORK/CSS_Transmitter_Top/Modulation_system_cart/Address_C/address_reg_9_

  Ref  DFF        Ref:/WORK/CSS_Transmitter_Top/Modulation_system_cart/Address_D/address_reg_0_
  Impl DFF        Imp:/WORK/CSS_Transmitter_Top/Modulation_system_cart/Address_D/address_reg_0_

  Ref  DFF        Ref:/WORK/CSS_Transmitter_Top/Modulation_system_cart/Address_D/address_reg_1_
  Impl DFF        Imp:/WORK/CSS_Transmitter_Top/Modulation_system_cart/Address_D/address_reg_1_

  Ref  DFF        Ref:/WORK/CSS_Transmitter_Top/Modulation_system_cart/Address_D/address_reg_2_
  Impl DFF        Imp:/WORK/CSS_Transmitter_Top/Modulation_system_cart/Address_D/address_reg_2_

  Ref  DFF        Ref:/WORK/CSS_Transmitter_Top/Modulation_system_cart/Address_D/address_reg_3_
  Impl DFF        Imp:/WORK/CSS_Transmitter_Top/Modulation_system_cart/Address_D/address_reg_3_

  Ref  DFF        Ref:/WORK/CSS_Transmitter_Top/Modulation_system_cart/CSK_GEN/dqpsk_im_active_reg_0_
  Impl DFF        Imp:/WORK/CSS_Transmitter_Top/Modulation_system_cart/CSK_GEN/dqpsk_im_active_reg_0_

  Ref  DFF        Ref:/WORK/CSS_Transmitter_Top/Modulation_system_cart/CSK_GEN/dqpsk_im_active_reg_1_
  Impl DFF        Imp:/WORK/CSS_Transmitter_Top/Modulation_system_cart/CSK_GEN/dqpsk_im_active_reg_1_

  Ref  DFF        Ref:/WORK/CSS_Transmitter_Top/Modulation_system_cart/CSK_GEN/dqpsk_re_active_reg_0_
  Impl DFF        Imp:/WORK/CSS_Transmitter_Top/Modulation_system_cart/CSK_GEN/dqpsk_re_active_reg_0_

  Ref  DFF        Ref:/WORK/CSS_Transmitter_Top/Modulation_system_cart/CSK_GEN/dqpsk_re_active_reg_1_
  Impl DFF        Imp:/WORK/CSS_Transmitter_Top/Modulation_system_cart/CSK_GEN/dqpsk_re_active_reg_1_

  Ref  DFF        Ref:/WORK/CSS_Transmitter_Top/Modulation_system_cart/DeLAY_REG/dataout_reg_0_
  Impl DFF        Imp:/WORK/CSS_Transmitter_Top/Modulation_system_cart/DeLAY_REG/dataout_reg_0_

  Ref  DFF        Ref:/WORK/CSS_Transmitter_Top/Modulation_system_cart/I_bit_RAM/mem_reg_0_
  Impl DFF        Imp:/WORK/CSS_Transmitter_Top/Modulation_system_cart/I_bit_RAM/mem_reg_0_

  Ref  DFF        Ref:/WORK/CSS_Transmitter_Top/Modulation_system_cart/I_bit_RAM/mem_reg_1_
  Impl DFF        Imp:/WORK/CSS_Transmitter_Top/Modulation_system_cart/I_bit_RAM/mem_reg_1_

  Ref  DFF        Ref:/WORK/CSS_Transmitter_Top/Modulation_system_cart/I_bit_RAM/mem_reg_2_
  Impl DFF        Imp:/WORK/CSS_Transmitter_Top/Modulation_system_cart/I_bit_RAM/mem_reg_2_

  Ref  DFF        Ref:/WORK/CSS_Transmitter_Top/Modulation_system_cart/I_bit_RAM/mem_reg_3_
  Impl DFF        Imp:/WORK/CSS_Transmitter_Top/Modulation_system_cart/I_bit_RAM/mem_reg_3_

  Ref  DFF        Ref:/WORK/CSS_Transmitter_Top/Modulation_system_cart/Q_bit_RAM/mem_reg_0_
  Impl DFF        Imp:/WORK/CSS_Transmitter_Top/Modulation_system_cart/Q_bit_RAM/mem_reg_0_

  Ref  DFF        Ref:/WORK/CSS_Transmitter_Top/Modulation_system_cart/Q_bit_RAM/mem_reg_1_
  Impl DFF        Imp:/WORK/CSS_Transmitter_Top/Modulation_system_cart/Q_bit_RAM/mem_reg_1_

  Ref  DFF        Ref:/WORK/CSS_Transmitter_Top/Modulation_system_cart/Q_bit_RAM/mem_reg_2_
  Impl DFF        Imp:/WORK/CSS_Transmitter_Top/Modulation_system_cart/Q_bit_RAM/mem_reg_2_

  Ref  DFF        Ref:/WORK/CSS_Transmitter_Top/Modulation_system_cart/Q_bit_RAM/mem_reg_3_
  Impl DFF        Imp:/WORK/CSS_Transmitter_Top/Modulation_system_cart/Q_bit_RAM/mem_reg_3_

  Ref  DFF        Ref:/WORK/CSS_Transmitter_Top/Modulation_system_cart/control_unit/state_reg_reg_0_
  Impl DFF        Imp:/WORK/CSS_Transmitter_Top/Modulation_system_cart/control_unit/state_reg_reg_0_

  Ref  DFF        Ref:/WORK/CSS_Transmitter_Top/Modulation_system_cart/control_unit/state_reg_reg_1_
  Impl DFF        Imp:/WORK/CSS_Transmitter_Top/Modulation_system_cart/control_unit/state_reg_reg_1_

  Ref  DFF        Ref:/WORK/CSS_Transmitter_Top/Modulation_system_cart/delay_timer/count_reg_0_
  Impl DFF        Imp:/WORK/CSS_Transmitter_Top/Modulation_system_cart/delay_timer/count_reg_0_

  Ref  DFF        Ref:/WORK/CSS_Transmitter_Top/Modulation_system_cart/delay_timer/count_reg_1_
  Impl DFF        Imp:/WORK/CSS_Transmitter_Top/Modulation_system_cart/delay_timer/count_reg_1_

  Ref  DFF        Ref:/WORK/CSS_Transmitter_Top/Modulation_system_cart/delay_timer/count_reg_2_
  Impl DFF        Imp:/WORK/CSS_Transmitter_Top/Modulation_system_cart/delay_timer/count_reg_2_

  Ref  DFF        Ref:/WORK/CSS_Transmitter_Top/Modulation_system_cart/delay_timer/count_reg_3_
  Impl DFF        Imp:/WORK/CSS_Transmitter_Top/Modulation_system_cart/delay_timer/count_reg_3_

  Ref  DFF        Ref:/WORK/CSS_Transmitter_Top/Modulation_system_cart/delay_timer/count_reg_4_
  Impl DFF        Imp:/WORK/CSS_Transmitter_Top/Modulation_system_cart/delay_timer/count_reg_4_

  Ref  DFF        Ref:/WORK/CSS_Transmitter_Top/Modulation_system_cart/delay_timer/count_reg_5_
  Impl DFF        Imp:/WORK/CSS_Transmitter_Top/Modulation_system_cart/delay_timer/count_reg_5_

  Ref  DFF        Ref:/WORK/CSS_Transmitter_Top/Modulation_system_cart/delay_timer/count_reg_6_
  Impl DFF        Imp:/WORK/CSS_Transmitter_Top/Modulation_system_cart/delay_timer/count_reg_6_

  Ref  DFF        Ref:/WORK/CSS_Transmitter_Top/Modulation_system_cart/delay_timer/trig_reg
  Impl DFF        Imp:/WORK/CSS_Transmitter_Top/Modulation_system_cart/delay_timer/trig_reg

  Ref  DFF        Ref:/WORK/CSS_Transmitter_Top/Modulation_system_cart/feedback_memory/mem_im_reg_0__0_
  Impl DFF        Imp:/WORK/CSS_Transmitter_Top/Modulation_system_cart/feedback_memory/mem_im_reg_0__0_

  Ref  DFF        Ref:/WORK/CSS_Transmitter_Top/Modulation_system_cart/feedback_memory/mem_im_reg_0__1_
  Impl DFF        Imp:/WORK/CSS_Transmitter_Top/Modulation_system_cart/feedback_memory/mem_im_reg_0__1_

  Ref  DFF        Ref:/WORK/CSS_Transmitter_Top/Modulation_system_cart/feedback_memory/mem_im_reg_1__0_
  Impl DFF        Imp:/WORK/CSS_Transmitter_Top/Modulation_system_cart/feedback_memory/mem_im_reg_1__0_

  Ref  DFF        Ref:/WORK/CSS_Transmitter_Top/Modulation_system_cart/feedback_memory/mem_im_reg_1__1_
  Impl DFF        Imp:/WORK/CSS_Transmitter_Top/Modulation_system_cart/feedback_memory/mem_im_reg_1__1_

  Ref  DFF        Ref:/WORK/CSS_Transmitter_Top/Modulation_system_cart/feedback_memory/mem_im_reg_2__0_
  Impl DFF        Imp:/WORK/CSS_Transmitter_Top/Modulation_system_cart/feedback_memory/mem_im_reg_2__0_

  Ref  DFF        Ref:/WORK/CSS_Transmitter_Top/Modulation_system_cart/feedback_memory/mem_im_reg_2__1_
  Impl DFF        Imp:/WORK/CSS_Transmitter_Top/Modulation_system_cart/feedback_memory/mem_im_reg_2__1_

  Ref  DFF        Ref:/WORK/CSS_Transmitter_Top/Modulation_system_cart/feedback_memory/mem_im_reg_3__0_
  Impl DFF        Imp:/WORK/CSS_Transmitter_Top/Modulation_system_cart/feedback_memory/mem_im_reg_3__0_

  Ref  DFF        Ref:/WORK/CSS_Transmitter_Top/Modulation_system_cart/feedback_memory/mem_im_reg_3__1_
  Impl DFF        Imp:/WORK/CSS_Transmitter_Top/Modulation_system_cart/feedback_memory/mem_im_reg_3__1_

  Ref  DFF        Ref:/WORK/CSS_Transmitter_Top/Modulation_system_cart/feedback_memory/mem_re_reg_0__0_
  Impl DFF        Imp:/WORK/CSS_Transmitter_Top/Modulation_system_cart/feedback_memory/mem_re_reg_0__0_

  Ref  DFF        Ref:/WORK/CSS_Transmitter_Top/Modulation_system_cart/feedback_memory/mem_re_reg_0__1_
  Impl DFF        Imp:/WORK/CSS_Transmitter_Top/Modulation_system_cart/feedback_memory/mem_re_reg_0__1_

  Ref  DFF        Ref:/WORK/CSS_Transmitter_Top/Modulation_system_cart/feedback_memory/mem_re_reg_1__0_
  Impl DFF        Imp:/WORK/CSS_Transmitter_Top/Modulation_system_cart/feedback_memory/mem_re_reg_1__0_

  Ref  DFF        Ref:/WORK/CSS_Transmitter_Top/Modulation_system_cart/feedback_memory/mem_re_reg_1__1_
  Impl DFF        Imp:/WORK/CSS_Transmitter_Top/Modulation_system_cart/feedback_memory/mem_re_reg_1__1_

  Ref  DFF        Ref:/WORK/CSS_Transmitter_Top/Modulation_system_cart/feedback_memory/mem_re_reg_2__0_
  Impl DFF        Imp:/WORK/CSS_Transmitter_Top/Modulation_system_cart/feedback_memory/mem_re_reg_2__0_

  Ref  DFF        Ref:/WORK/CSS_Transmitter_Top/Modulation_system_cart/feedback_memory/mem_re_reg_2__1_
  Impl DFF        Imp:/WORK/CSS_Transmitter_Top/Modulation_system_cart/feedback_memory/mem_re_reg_2__1_

  Ref  DFF        Ref:/WORK/CSS_Transmitter_Top/Modulation_system_cart/feedback_memory/mem_re_reg_3__0_
  Impl DFF        Imp:/WORK/CSS_Transmitter_Top/Modulation_system_cart/feedback_memory/mem_re_reg_3__0_

  Ref  DFF        Ref:/WORK/CSS_Transmitter_Top/Modulation_system_cart/feedback_memory/mem_re_reg_3__1_
  Impl DFF        Imp:/WORK/CSS_Transmitter_Top/Modulation_system_cart/feedback_memory/mem_re_reg_3__1_

  Ref  DFF        Ref:/WORK/CSS_Transmitter_Top/u_framer/u_acc/acc_reg_0_
  Impl DFF        Imp:/WORK/CSS_Transmitter_Top/u_framer/u_acc/acc_reg_0_

  Ref  DFF        Ref:/WORK/CSS_Transmitter_Top/u_framer/u_acc/acc_reg_10_
  Impl DFF        Imp:/WORK/CSS_Transmitter_Top/u_framer/u_acc/acc_reg_10_

  Ref  DFF        Ref:/WORK/CSS_Transmitter_Top/u_framer/u_acc/acc_reg_11_
  Impl DFF        Imp:/WORK/CSS_Transmitter_Top/u_framer/u_acc/acc_reg_11_

  Ref  DFF        Ref:/WORK/CSS_Transmitter_Top/u_framer/u_acc/acc_reg_12_
  Impl DFF        Imp:/WORK/CSS_Transmitter_Top/u_framer/u_acc/acc_reg_12_

  Ref  DFF        Ref:/WORK/CSS_Transmitter_Top/u_framer/u_acc/acc_reg_13_
  Impl DFF        Imp:/WORK/CSS_Transmitter_Top/u_framer/u_acc/acc_reg_13_

  Ref  DFF        Ref:/WORK/CSS_Transmitter_Top/u_framer/u_acc/acc_reg_14_
  Impl DFF        Imp:/WORK/CSS_Transmitter_Top/u_framer/u_acc/acc_reg_14_

  Ref  DFF        Ref:/WORK/CSS_Transmitter_Top/u_framer/u_acc/acc_reg_15_
  Impl DFF        Imp:/WORK/CSS_Transmitter_Top/u_framer/u_acc/acc_reg_15_

  Ref  DFF        Ref:/WORK/CSS_Transmitter_Top/u_framer/u_acc/acc_reg_16_
  Impl DFF        Imp:/WORK/CSS_Transmitter_Top/u_framer/u_acc/acc_reg_16_

  Ref  DFF        Ref:/WORK/CSS_Transmitter_Top/u_framer/u_acc/acc_reg_17_
  Impl DFF        Imp:/WORK/CSS_Transmitter_Top/u_framer/u_acc/acc_reg_17_

  Ref  DFF        Ref:/WORK/CSS_Transmitter_Top/u_framer/u_acc/acc_reg_18_
  Impl DFF        Imp:/WORK/CSS_Transmitter_Top/u_framer/u_acc/acc_reg_18_

  Ref  DFF        Ref:/WORK/CSS_Transmitter_Top/u_framer/u_acc/acc_reg_19_
  Impl DFF        Imp:/WORK/CSS_Transmitter_Top/u_framer/u_acc/acc_reg_19_

  Ref  DFF        Ref:/WORK/CSS_Transmitter_Top/u_framer/u_acc/acc_reg_1_
  Impl DFF        Imp:/WORK/CSS_Transmitter_Top/u_framer/u_acc/acc_reg_1_

  Ref  DFF        Ref:/WORK/CSS_Transmitter_Top/u_framer/u_acc/acc_reg_20_
  Impl DFF        Imp:/WORK/CSS_Transmitter_Top/u_framer/u_acc/acc_reg_20_

  Ref  DFF        Ref:/WORK/CSS_Transmitter_Top/u_framer/u_acc/acc_reg_21_
  Impl DFF        Imp:/WORK/CSS_Transmitter_Top/u_framer/u_acc/acc_reg_21_

  Ref  DFF        Ref:/WORK/CSS_Transmitter_Top/u_framer/u_acc/acc_reg_22_
  Impl DFF        Imp:/WORK/CSS_Transmitter_Top/u_framer/u_acc/acc_reg_22_

  Ref  DFF        Ref:/WORK/CSS_Transmitter_Top/u_framer/u_acc/acc_reg_23_
  Impl DFF        Imp:/WORK/CSS_Transmitter_Top/u_framer/u_acc/acc_reg_23_

  Ref  DFF        Ref:/WORK/CSS_Transmitter_Top/u_framer/u_acc/acc_reg_2_
  Impl DFF        Imp:/WORK/CSS_Transmitter_Top/u_framer/u_acc/acc_reg_2_

  Ref  DFF        Ref:/WORK/CSS_Transmitter_Top/u_framer/u_acc/acc_reg_3_
  Impl DFF        Imp:/WORK/CSS_Transmitter_Top/u_framer/u_acc/acc_reg_3_

  Ref  DFF        Ref:/WORK/CSS_Transmitter_Top/u_framer/u_acc/acc_reg_4_
  Impl DFF        Imp:/WORK/CSS_Transmitter_Top/u_framer/u_acc/acc_reg_4_

  Ref  DFF        Ref:/WORK/CSS_Transmitter_Top/u_framer/u_acc/acc_reg_5_
  Impl DFF        Imp:/WORK/CSS_Transmitter_Top/u_framer/u_acc/acc_reg_5_

  Ref  DFF        Ref:/WORK/CSS_Transmitter_Top/u_framer/u_acc/acc_reg_6_
  Impl DFF        Imp:/WORK/CSS_Transmitter_Top/u_framer/u_acc/acc_reg_6_

  Ref  DFF        Ref:/WORK/CSS_Transmitter_Top/u_framer/u_acc/acc_reg_7_
  Impl DFF        Imp:/WORK/CSS_Transmitter_Top/u_framer/u_acc/acc_reg_7_

  Ref  DFF        Ref:/WORK/CSS_Transmitter_Top/u_framer/u_acc/acc_reg_8_
  Impl DFF        Imp:/WORK/CSS_Transmitter_Top/u_framer/u_acc/acc_reg_8_

  Ref  DFF        Ref:/WORK/CSS_Transmitter_Top/u_framer/u_acc/acc_reg_9_
  Impl DFF        Imp:/WORK/CSS_Transmitter_Top/u_framer/u_acc/acc_reg_9_

  Ref  DFF0X      Ref:/WORK/CSS_Transmitter_Top/u_framer/u_ctrl/bits_left_reg_0_
  Impl DFF0X      Imp:/WORK/CSS_Transmitter_Top/u_framer/u_ctrl/bits_left_reg_0_

  Ref  DFF        Ref:/WORK/CSS_Transmitter_Top/u_framer/u_ctrl/bits_left_reg_10_
  Impl DFF        Imp:/WORK/CSS_Transmitter_Top/u_framer/u_ctrl/bits_left_reg_10_

  Ref  DFF        Ref:/WORK/CSS_Transmitter_Top/u_framer/u_ctrl/bits_left_reg_11_
  Impl DFF        Imp:/WORK/CSS_Transmitter_Top/u_framer/u_ctrl/bits_left_reg_11_

  Ref  DFF        Ref:/WORK/CSS_Transmitter_Top/u_framer/u_ctrl/bits_left_reg_1_
  Impl DFF        Imp:/WORK/CSS_Transmitter_Top/u_framer/u_ctrl/bits_left_reg_1_

  Ref  DFF        Ref:/WORK/CSS_Transmitter_Top/u_framer/u_ctrl/bits_left_reg_2_
  Impl DFF        Imp:/WORK/CSS_Transmitter_Top/u_framer/u_ctrl/bits_left_reg_2_

  Ref  DFF        Ref:/WORK/CSS_Transmitter_Top/u_framer/u_ctrl/bits_left_reg_3_
  Impl DFF        Imp:/WORK/CSS_Transmitter_Top/u_framer/u_ctrl/bits_left_reg_3_

  Ref  DFF        Ref:/WORK/CSS_Transmitter_Top/u_framer/u_ctrl/bits_left_reg_4_
  Impl DFF        Imp:/WORK/CSS_Transmitter_Top/u_framer/u_ctrl/bits_left_reg_4_

  Ref  DFF        Ref:/WORK/CSS_Transmitter_Top/u_framer/u_ctrl/bits_left_reg_5_
  Impl DFF        Imp:/WORK/CSS_Transmitter_Top/u_framer/u_ctrl/bits_left_reg_5_

  Ref  DFF        Ref:/WORK/CSS_Transmitter_Top/u_framer/u_ctrl/bits_left_reg_6_
  Impl DFF        Imp:/WORK/CSS_Transmitter_Top/u_framer/u_ctrl/bits_left_reg_6_

  Ref  DFF        Ref:/WORK/CSS_Transmitter_Top/u_framer/u_ctrl/bits_left_reg_7_
  Impl DFF        Imp:/WORK/CSS_Transmitter_Top/u_framer/u_ctrl/bits_left_reg_7_

  Ref  DFF        Ref:/WORK/CSS_Transmitter_Top/u_framer/u_ctrl/bits_left_reg_8_
  Impl DFF        Imp:/WORK/CSS_Transmitter_Top/u_framer/u_ctrl/bits_left_reg_8_

  Ref  DFF        Ref:/WORK/CSS_Transmitter_Top/u_framer/u_ctrl/bits_left_reg_9_
  Impl DFF        Imp:/WORK/CSS_Transmitter_Top/u_framer/u_ctrl/bits_left_reg_9_

  Ref  DFF        Ref:/WORK/CSS_Transmitter_Top/u_framer/u_ctrl/busy_prev_reg
  Impl DFF        Imp:/WORK/CSS_Transmitter_Top/u_framer/u_ctrl/busy_prev_reg

  Ref  DFF        Ref:/WORK/CSS_Transmitter_Top/u_framer/u_ctrl/byte_idx_reg_0_
  Impl DFF        Imp:/WORK/CSS_Transmitter_Top/u_framer/u_ctrl/byte_idx_reg_0_

  Ref  DFF        Ref:/WORK/CSS_Transmitter_Top/u_framer/u_ctrl/byte_idx_reg_1_
  Impl DFF        Imp:/WORK/CSS_Transmitter_Top/u_framer/u_ctrl/byte_idx_reg_1_

  Ref  DFF        Ref:/WORK/CSS_Transmitter_Top/u_framer/u_ctrl/byte_idx_reg_2_
  Impl DFF        Imp:/WORK/CSS_Transmitter_Top/u_framer/u_ctrl/byte_idx_reg_2_

  Ref  DFF        Ref:/WORK/CSS_Transmitter_Top/u_framer/u_ctrl/byte_idx_reg_3_
  Impl DFF        Imp:/WORK/CSS_Transmitter_Top/u_framer/u_ctrl/byte_idx_reg_3_

  Ref  DFF        Ref:/WORK/CSS_Transmitter_Top/u_framer/u_ctrl/byte_idx_reg_4_
  Impl DFF        Imp:/WORK/CSS_Transmitter_Top/u_framer/u_ctrl/byte_idx_reg_4_

  Ref  DFF        Ref:/WORK/CSS_Transmitter_Top/u_framer/u_ctrl/byte_idx_reg_5_
  Impl DFF        Imp:/WORK/CSS_Transmitter_Top/u_framer/u_ctrl/byte_idx_reg_5_

  Ref  DFF        Ref:/WORK/CSS_Transmitter_Top/u_framer/u_ctrl/byte_idx_reg_6_
  Impl DFF        Imp:/WORK/CSS_Transmitter_Top/u_framer/u_ctrl/byte_idx_reg_6_

  Ref  DFF        Ref:/WORK/CSS_Transmitter_Top/u_framer/u_ctrl/byte_idx_reg_7_
  Impl DFF        Imp:/WORK/CSS_Transmitter_Top/u_framer/u_ctrl/byte_idx_reg_7_

  Ref  DFF        Ref:/WORK/CSS_Transmitter_Top/u_framer/u_ctrl/half_reg
  Impl DFF        Imp:/WORK/CSS_Transmitter_Top/u_framer/u_ctrl/half_reg

  Ref  DFF        Ref:/WORK/CSS_Transmitter_Top/u_framer/u_ctrl/k_reg_0_
  Impl DFF        Imp:/WORK/CSS_Transmitter_Top/u_framer/u_ctrl/k_reg_0_

  Ref  DFF        Ref:/WORK/CSS_Transmitter_Top/u_framer/u_ctrl/k_reg_1_
  Impl DFF        Imp:/WORK/CSS_Transmitter_Top/u_framer/u_ctrl/k_reg_1_

  Ref  DFF        Ref:/WORK/CSS_Transmitter_Top/u_framer/u_ctrl/k_reg_2_
  Impl DFF        Imp:/WORK/CSS_Transmitter_Top/u_framer/u_ctrl/k_reg_2_

  Ref  DFF        Ref:/WORK/CSS_Transmitter_Top/u_framer/u_ctrl/k_reg_3_
  Impl DFF        Imp:/WORK/CSS_Transmitter_Top/u_framer/u_ctrl/k_reg_3_

  Ref  DFF        Ref:/WORK/CSS_Transmitter_Top/u_framer/u_ctrl/len_err_reg
  Impl DFF        Imp:/WORK/CSS_Transmitter_Top/u_framer/u_ctrl/len_err_reg

  Ref  DFF        Ref:/WORK/CSS_Transmitter_Top/u_framer/u_ctrl/len_q_reg_0_
  Impl DFF        Imp:/WORK/CSS_Transmitter_Top/u_framer/u_ctrl/len_q_reg_0_

  Ref  DFF        Ref:/WORK/CSS_Transmitter_Top/u_framer/u_ctrl/len_q_reg_1_
  Impl DFF        Imp:/WORK/CSS_Transmitter_Top/u_framer/u_ctrl/len_q_reg_1_

  Ref  DFF        Ref:/WORK/CSS_Transmitter_Top/u_framer/u_ctrl/len_q_reg_2_
  Impl DFF        Imp:/WORK/CSS_Transmitter_Top/u_framer/u_ctrl/len_q_reg_2_

  Ref  DFF        Ref:/WORK/CSS_Transmitter_Top/u_framer/u_ctrl/len_q_reg_3_
  Impl DFF        Imp:/WORK/CSS_Transmitter_Top/u_framer/u_ctrl/len_q_reg_3_

  Ref  DFF        Ref:/WORK/CSS_Transmitter_Top/u_framer/u_ctrl/len_q_reg_4_
  Impl DFF        Imp:/WORK/CSS_Transmitter_Top/u_framer/u_ctrl/len_q_reg_4_

  Ref  DFF        Ref:/WORK/CSS_Transmitter_Top/u_framer/u_ctrl/len_q_reg_5_
  Impl DFF        Imp:/WORK/CSS_Transmitter_Top/u_framer/u_ctrl/len_q_reg_5_

  Ref  DFF        Ref:/WORK/CSS_Transmitter_Top/u_framer/u_ctrl/len_q_reg_6_
  Impl DFF        Imp:/WORK/CSS_Transmitter_Top/u_framer/u_ctrl/len_q_reg_6_

  Ref  DFF        Ref:/WORK/CSS_Transmitter_Top/u_framer/u_ctrl/load_cnt_reg_0_
  Impl DFF        Imp:/WORK/CSS_Transmitter_Top/u_framer/u_ctrl/load_cnt_reg_0_

  Ref  DFF        Ref:/WORK/CSS_Transmitter_Top/u_framer/u_ctrl/load_cnt_reg_1_
  Impl DFF        Imp:/WORK/CSS_Transmitter_Top/u_framer/u_ctrl/load_cnt_reg_1_

  Ref  DFF        Ref:/WORK/CSS_Transmitter_Top/u_framer/u_ctrl/phr_blk_reg
  Impl DFF        Imp:/WORK/CSS_Transmitter_Top/u_framer/u_ctrl/phr_blk_reg

  Ref  DFF        Ref:/WORK/CSS_Transmitter_Top/u_framer/u_ctrl/ppdu_nibbles_reg_0_
  Impl DFF        Imp:/WORK/CSS_Transmitter_Top/u_framer/u_ctrl/ppdu_nibbles_reg_0_

  Ref  DFF        Ref:/WORK/CSS_Transmitter_Top/u_framer/u_ctrl/ppdu_nibbles_reg_1_
  Impl DFF        Imp:/WORK/CSS_Transmitter_Top/u_framer/u_ctrl/ppdu_nibbles_reg_1_

  Ref  DFF        Ref:/WORK/CSS_Transmitter_Top/u_framer/u_ctrl/ppdu_nibbles_reg_2_
  Impl DFF        Imp:/WORK/CSS_Transmitter_Top/u_framer/u_ctrl/ppdu_nibbles_reg_2_

  Ref  DFF        Ref:/WORK/CSS_Transmitter_Top/u_framer/u_ctrl/ppdu_nibbles_reg_3_
  Impl DFF        Imp:/WORK/CSS_Transmitter_Top/u_framer/u_ctrl/ppdu_nibbles_reg_3_

  Ref  DFF        Ref:/WORK/CSS_Transmitter_Top/u_framer/u_ctrl/ppdu_nibbles_reg_4_
  Impl DFF        Imp:/WORK/CSS_Transmitter_Top/u_framer/u_ctrl/ppdu_nibbles_reg_4_

  Ref  DFF        Ref:/WORK/CSS_Transmitter_Top/u_framer/u_ctrl/ppdu_nibbles_reg_5_
  Impl DFF        Imp:/WORK/CSS_Transmitter_Top/u_framer/u_ctrl/ppdu_nibbles_reg_5_

  Ref  DFF        Ref:/WORK/CSS_Transmitter_Top/u_framer/u_ctrl/ppdu_nibbles_reg_6_
  Impl DFF        Imp:/WORK/CSS_Transmitter_Top/u_framer/u_ctrl/ppdu_nibbles_reg_6_

  Ref  DFF        Ref:/WORK/CSS_Transmitter_Top/u_framer/u_ctrl/ppdu_nibbles_reg_7_
  Impl DFF        Imp:/WORK/CSS_Transmitter_Top/u_framer/u_ctrl/ppdu_nibbles_reg_7_

  Ref  DFF        Ref:/WORK/CSS_Transmitter_Top/u_framer/u_ctrl/ppdu_nibbles_reg_8_
  Impl DFF        Imp:/WORK/CSS_Transmitter_Top/u_framer/u_ctrl/ppdu_nibbles_reg_8_

  Ref  DFF        Ref:/WORK/CSS_Transmitter_Top/u_framer/u_ctrl/ppdu_nibbles_reg_9_
  Impl DFF        Imp:/WORK/CSS_Transmitter_Top/u_framer/u_ctrl/ppdu_nibbles_reg_9_

  Ref  DFF        Ref:/WORK/CSS_Transmitter_Top/u_framer/u_ctrl/rate_q_reg
  Impl DFF        Imp:/WORK/CSS_Transmitter_Top/u_framer/u_ctrl/rate_q_reg

  Ref  DFF        Ref:/WORK/CSS_Transmitter_Top/u_framer/u_ctrl/shr_cnt_reg_0_
  Impl DFF        Imp:/WORK/CSS_Transmitter_Top/u_framer/u_ctrl/shr_cnt_reg_0_

  Ref  DFF        Ref:/WORK/CSS_Transmitter_Top/u_framer/u_ctrl/shr_cnt_reg_1_
  Impl DFF        Imp:/WORK/CSS_Transmitter_Top/u_framer/u_ctrl/shr_cnt_reg_1_

  Ref  DFF        Ref:/WORK/CSS_Transmitter_Top/u_framer/u_ctrl/shr_cnt_reg_2_
  Impl DFF        Imp:/WORK/CSS_Transmitter_Top/u_framer/u_ctrl/shr_cnt_reg_2_

  Ref  DFF        Ref:/WORK/CSS_Transmitter_Top/u_framer/u_ctrl/shr_cnt_reg_3_
  Impl DFF        Imp:/WORK/CSS_Transmitter_Top/u_framer/u_ctrl/shr_cnt_reg_3_

  Ref  DFF        Ref:/WORK/CSS_Transmitter_Top/u_framer/u_ctrl/shr_cnt_reg_4_
  Impl DFF        Imp:/WORK/CSS_Transmitter_Top/u_framer/u_ctrl/shr_cnt_reg_4_

  Ref  DFF        Ref:/WORK/CSS_Transmitter_Top/u_framer/u_ctrl/start_prev_reg
  Impl DFF        Imp:/WORK/CSS_Transmitter_Top/u_framer/u_ctrl/start_prev_reg

  Ref  DFF        Ref:/WORK/CSS_Transmitter_Top/u_framer/u_ctrl/state_reg_0_
  Impl DFF        Imp:/WORK/CSS_Transmitter_Top/u_framer/u_ctrl/state_reg_0_

  Ref  DFF        Ref:/WORK/CSS_Transmitter_Top/u_framer/u_ctrl/state_reg_1_
  Impl DFF        Imp:/WORK/CSS_Transmitter_Top/u_framer/u_ctrl/state_reg_1_

  Ref  DFF        Ref:/WORK/CSS_Transmitter_Top/u_framer/u_ctrl/state_reg_2_
  Impl DFF        Imp:/WORK/CSS_Transmitter_Top/u_framer/u_ctrl/state_reg_2_

  Ref  DFF        Ref:/WORK/CSS_Transmitter_Top/u_framer/u_ctrl/win_reg_0_
  Impl DFF        Imp:/WORK/CSS_Transmitter_Top/u_framer/u_ctrl/win_reg_0_

  Ref  DFF        Ref:/WORK/CSS_Transmitter_Top/u_framer/u_ctrl/win_reg_1_
  Impl DFF        Imp:/WORK/CSS_Transmitter_Top/u_framer/u_ctrl/win_reg_1_

  Ref  DFF        Ref:/WORK/CSS_Transmitter_Top/u_framer/u_ctrl/wptr_reg_0_
  Impl DFF        Imp:/WORK/CSS_Transmitter_Top/u_framer/u_ctrl/wptr_reg_0_

  Ref  DFF        Ref:/WORK/CSS_Transmitter_Top/u_framer/u_ctrl/wptr_reg_1_
  Impl DFF        Imp:/WORK/CSS_Transmitter_Top/u_framer/u_ctrl/wptr_reg_1_

  Ref  DFF        Ref:/WORK/CSS_Transmitter_Top/u_framer/u_ctrl/wptr_reg_2_
  Impl DFF        Imp:/WORK/CSS_Transmitter_Top/u_framer/u_ctrl/wptr_reg_2_

  Ref  DFF        Ref:/WORK/CSS_Transmitter_Top/u_framer/u_ctrl/wptr_reg_3_
  Impl DFF        Imp:/WORK/CSS_Transmitter_Top/u_framer/u_ctrl/wptr_reg_3_

  Ref  DFF        Ref:/WORK/CSS_Transmitter_Top/u_framer/u_ctrl/wptr_reg_4_
  Impl DFF        Imp:/WORK/CSS_Transmitter_Top/u_framer/u_ctrl/wptr_reg_4_

  Ref  DFF        Ref:/WORK/CSS_Transmitter_Top/u_framer/u_ctrl/wptr_reg_5_
  Impl DFF        Imp:/WORK/CSS_Transmitter_Top/u_framer/u_ctrl/wptr_reg_5_

  Ref  DFF        Ref:/WORK/CSS_Transmitter_Top/u_framer/u_ctrl/wptr_reg_6_
  Impl DFF        Imp:/WORK/CSS_Transmitter_Top/u_framer/u_ctrl/wptr_reg_6_

  Ref  DFF        Ref:/WORK/CSS_Transmitter_Top/u_framer/u_ctrl/wptr_reg_7_
  Impl DFF        Imp:/WORK/CSS_Transmitter_Top/u_framer/u_ctrl/wptr_reg_7_

  Ref  DFF        Ref:/WORK/CSS_Transmitter_Top/u_framer/u_ctrl/wptr_reg_8_
  Impl DFF        Imp:/WORK/CSS_Transmitter_Top/u_framer/u_ctrl/wptr_reg_8_

  Ref  DFF        Ref:/WORK/CSS_Transmitter_Top/u_framer/u_ctrl/wptr_reg_9_
  Impl DFF        Imp:/WORK/CSS_Transmitter_Top/u_framer/u_ctrl/wptr_reg_9_

  Ref  DFF        Ref:/WORK/CSS_Transmitter_Top/u_framer/u_il/hold_i_reg_0_
  Impl DFF        Imp:/WORK/CSS_Transmitter_Top/u_framer/u_il/hold_i_reg_0_

  Ref  DFF        Ref:/WORK/CSS_Transmitter_Top/u_framer/u_il/hold_i_reg_10_
  Impl DFF        Imp:/WORK/CSS_Transmitter_Top/u_framer/u_il/hold_i_reg_10_

  Ref  DFF        Ref:/WORK/CSS_Transmitter_Top/u_framer/u_il/hold_i_reg_11_
  Impl DFF        Imp:/WORK/CSS_Transmitter_Top/u_framer/u_il/hold_i_reg_11_

  Ref  DFF        Ref:/WORK/CSS_Transmitter_Top/u_framer/u_il/hold_i_reg_12_
  Impl DFF        Imp:/WORK/CSS_Transmitter_Top/u_framer/u_il/hold_i_reg_12_

  Ref  DFF        Ref:/WORK/CSS_Transmitter_Top/u_framer/u_il/hold_i_reg_13_
  Impl DFF        Imp:/WORK/CSS_Transmitter_Top/u_framer/u_il/hold_i_reg_13_

  Ref  DFF        Ref:/WORK/CSS_Transmitter_Top/u_framer/u_il/hold_i_reg_14_
  Impl DFF        Imp:/WORK/CSS_Transmitter_Top/u_framer/u_il/hold_i_reg_14_

  Ref  DFF        Ref:/WORK/CSS_Transmitter_Top/u_framer/u_il/hold_i_reg_15_
  Impl DFF        Imp:/WORK/CSS_Transmitter_Top/u_framer/u_il/hold_i_reg_15_

  Ref  DFF        Ref:/WORK/CSS_Transmitter_Top/u_framer/u_il/hold_i_reg_16_
  Impl DFF        Imp:/WORK/CSS_Transmitter_Top/u_framer/u_il/hold_i_reg_16_

  Ref  DFF        Ref:/WORK/CSS_Transmitter_Top/u_framer/u_il/hold_i_reg_17_
  Impl DFF        Imp:/WORK/CSS_Transmitter_Top/u_framer/u_il/hold_i_reg_17_

  Ref  DFF        Ref:/WORK/CSS_Transmitter_Top/u_framer/u_il/hold_i_reg_18_
  Impl DFF        Imp:/WORK/CSS_Transmitter_Top/u_framer/u_il/hold_i_reg_18_

  Ref  DFF        Ref:/WORK/CSS_Transmitter_Top/u_framer/u_il/hold_i_reg_19_
  Impl DFF        Imp:/WORK/CSS_Transmitter_Top/u_framer/u_il/hold_i_reg_19_

  Ref  DFF        Ref:/WORK/CSS_Transmitter_Top/u_framer/u_il/hold_i_reg_1_
  Impl DFF        Imp:/WORK/CSS_Transmitter_Top/u_framer/u_il/hold_i_reg_1_

  Ref  DFF        Ref:/WORK/CSS_Transmitter_Top/u_framer/u_il/hold_i_reg_20_
  Impl DFF        Imp:/WORK/CSS_Transmitter_Top/u_framer/u_il/hold_i_reg_20_

  Ref  DFF        Ref:/WORK/CSS_Transmitter_Top/u_framer/u_il/hold_i_reg_21_
  Impl DFF        Imp:/WORK/CSS_Transmitter_Top/u_framer/u_il/hold_i_reg_21_

  Ref  DFF        Ref:/WORK/CSS_Transmitter_Top/u_framer/u_il/hold_i_reg_22_
  Impl DFF        Imp:/WORK/CSS_Transmitter_Top/u_framer/u_il/hold_i_reg_22_

  Ref  DFF        Ref:/WORK/CSS_Transmitter_Top/u_framer/u_il/hold_i_reg_23_
  Impl DFF        Imp:/WORK/CSS_Transmitter_Top/u_framer/u_il/hold_i_reg_23_

  Ref  DFF        Ref:/WORK/CSS_Transmitter_Top/u_framer/u_il/hold_i_reg_24_
  Impl DFF        Imp:/WORK/CSS_Transmitter_Top/u_framer/u_il/hold_i_reg_24_

  Ref  DFF        Ref:/WORK/CSS_Transmitter_Top/u_framer/u_il/hold_i_reg_25_
  Impl DFF        Imp:/WORK/CSS_Transmitter_Top/u_framer/u_il/hold_i_reg_25_

  Ref  DFF        Ref:/WORK/CSS_Transmitter_Top/u_framer/u_il/hold_i_reg_26_
  Impl DFF        Imp:/WORK/CSS_Transmitter_Top/u_framer/u_il/hold_i_reg_26_

  Ref  DFF        Ref:/WORK/CSS_Transmitter_Top/u_framer/u_il/hold_i_reg_27_
  Impl DFF        Imp:/WORK/CSS_Transmitter_Top/u_framer/u_il/hold_i_reg_27_

  Ref  DFF        Ref:/WORK/CSS_Transmitter_Top/u_framer/u_il/hold_i_reg_28_
  Impl DFF        Imp:/WORK/CSS_Transmitter_Top/u_framer/u_il/hold_i_reg_28_

  Ref  DFF        Ref:/WORK/CSS_Transmitter_Top/u_framer/u_il/hold_i_reg_29_
  Impl DFF        Imp:/WORK/CSS_Transmitter_Top/u_framer/u_il/hold_i_reg_29_

  Ref  DFF        Ref:/WORK/CSS_Transmitter_Top/u_framer/u_il/hold_i_reg_2_
  Impl DFF        Imp:/WORK/CSS_Transmitter_Top/u_framer/u_il/hold_i_reg_2_

  Ref  DFF        Ref:/WORK/CSS_Transmitter_Top/u_framer/u_il/hold_i_reg_30_
  Impl DFF        Imp:/WORK/CSS_Transmitter_Top/u_framer/u_il/hold_i_reg_30_

  Ref  DFF        Ref:/WORK/CSS_Transmitter_Top/u_framer/u_il/hold_i_reg_31_
  Impl DFF        Imp:/WORK/CSS_Transmitter_Top/u_framer/u_il/hold_i_reg_31_

  Ref  DFF        Ref:/WORK/CSS_Transmitter_Top/u_framer/u_il/hold_i_reg_3_
  Impl DFF        Imp:/WORK/CSS_Transmitter_Top/u_framer/u_il/hold_i_reg_3_

  Ref  DFF        Ref:/WORK/CSS_Transmitter_Top/u_framer/u_il/hold_i_reg_4_
  Impl DFF        Imp:/WORK/CSS_Transmitter_Top/u_framer/u_il/hold_i_reg_4_

  Ref  DFF        Ref:/WORK/CSS_Transmitter_Top/u_framer/u_il/hold_i_reg_5_
  Impl DFF        Imp:/WORK/CSS_Transmitter_Top/u_framer/u_il/hold_i_reg_5_

  Ref  DFF        Ref:/WORK/CSS_Transmitter_Top/u_framer/u_il/hold_i_reg_6_
  Impl DFF        Imp:/WORK/CSS_Transmitter_Top/u_framer/u_il/hold_i_reg_6_

  Ref  DFF        Ref:/WORK/CSS_Transmitter_Top/u_framer/u_il/hold_i_reg_7_
  Impl DFF        Imp:/WORK/CSS_Transmitter_Top/u_framer/u_il/hold_i_reg_7_

  Ref  DFF        Ref:/WORK/CSS_Transmitter_Top/u_framer/u_il/hold_i_reg_8_
  Impl DFF        Imp:/WORK/CSS_Transmitter_Top/u_framer/u_il/hold_i_reg_8_

  Ref  DFF        Ref:/WORK/CSS_Transmitter_Top/u_framer/u_il/hold_i_reg_9_
  Impl DFF        Imp:/WORK/CSS_Transmitter_Top/u_framer/u_il/hold_i_reg_9_

  Ref  DFF        Ref:/WORK/CSS_Transmitter_Top/u_framer/u_il/hold_q_reg_0_
  Impl DFF        Imp:/WORK/CSS_Transmitter_Top/u_framer/u_il/hold_q_reg_0_

  Ref  DFF        Ref:/WORK/CSS_Transmitter_Top/u_framer/u_il/hold_q_reg_10_
  Impl DFF        Imp:/WORK/CSS_Transmitter_Top/u_framer/u_il/hold_q_reg_10_

  Ref  DFF        Ref:/WORK/CSS_Transmitter_Top/u_framer/u_il/hold_q_reg_11_
  Impl DFF        Imp:/WORK/CSS_Transmitter_Top/u_framer/u_il/hold_q_reg_11_

  Ref  DFF        Ref:/WORK/CSS_Transmitter_Top/u_framer/u_il/hold_q_reg_12_
  Impl DFF        Imp:/WORK/CSS_Transmitter_Top/u_framer/u_il/hold_q_reg_12_

  Ref  DFF        Ref:/WORK/CSS_Transmitter_Top/u_framer/u_il/hold_q_reg_13_
  Impl DFF        Imp:/WORK/CSS_Transmitter_Top/u_framer/u_il/hold_q_reg_13_

  Ref  DFF        Ref:/WORK/CSS_Transmitter_Top/u_framer/u_il/hold_q_reg_14_
  Impl DFF        Imp:/WORK/CSS_Transmitter_Top/u_framer/u_il/hold_q_reg_14_

  Ref  DFF        Ref:/WORK/CSS_Transmitter_Top/u_framer/u_il/hold_q_reg_15_
  Impl DFF        Imp:/WORK/CSS_Transmitter_Top/u_framer/u_il/hold_q_reg_15_

  Ref  DFF        Ref:/WORK/CSS_Transmitter_Top/u_framer/u_il/hold_q_reg_16_
  Impl DFF        Imp:/WORK/CSS_Transmitter_Top/u_framer/u_il/hold_q_reg_16_

  Ref  DFF        Ref:/WORK/CSS_Transmitter_Top/u_framer/u_il/hold_q_reg_17_
  Impl DFF        Imp:/WORK/CSS_Transmitter_Top/u_framer/u_il/hold_q_reg_17_

  Ref  DFF        Ref:/WORK/CSS_Transmitter_Top/u_framer/u_il/hold_q_reg_18_
  Impl DFF        Imp:/WORK/CSS_Transmitter_Top/u_framer/u_il/hold_q_reg_18_

  Ref  DFF        Ref:/WORK/CSS_Transmitter_Top/u_framer/u_il/hold_q_reg_19_
  Impl DFF        Imp:/WORK/CSS_Transmitter_Top/u_framer/u_il/hold_q_reg_19_

  Ref  DFF        Ref:/WORK/CSS_Transmitter_Top/u_framer/u_il/hold_q_reg_1_
  Impl DFF        Imp:/WORK/CSS_Transmitter_Top/u_framer/u_il/hold_q_reg_1_

  Ref  DFF        Ref:/WORK/CSS_Transmitter_Top/u_framer/u_il/hold_q_reg_20_
  Impl DFF        Imp:/WORK/CSS_Transmitter_Top/u_framer/u_il/hold_q_reg_20_

  Ref  DFF        Ref:/WORK/CSS_Transmitter_Top/u_framer/u_il/hold_q_reg_21_
  Impl DFF        Imp:/WORK/CSS_Transmitter_Top/u_framer/u_il/hold_q_reg_21_

  Ref  DFF        Ref:/WORK/CSS_Transmitter_Top/u_framer/u_il/hold_q_reg_22_
  Impl DFF        Imp:/WORK/CSS_Transmitter_Top/u_framer/u_il/hold_q_reg_22_

  Ref  DFF        Ref:/WORK/CSS_Transmitter_Top/u_framer/u_il/hold_q_reg_23_
  Impl DFF        Imp:/WORK/CSS_Transmitter_Top/u_framer/u_il/hold_q_reg_23_

  Ref  DFF        Ref:/WORK/CSS_Transmitter_Top/u_framer/u_il/hold_q_reg_24_
  Impl DFF        Imp:/WORK/CSS_Transmitter_Top/u_framer/u_il/hold_q_reg_24_

  Ref  DFF        Ref:/WORK/CSS_Transmitter_Top/u_framer/u_il/hold_q_reg_25_
  Impl DFF        Imp:/WORK/CSS_Transmitter_Top/u_framer/u_il/hold_q_reg_25_

  Ref  DFF        Ref:/WORK/CSS_Transmitter_Top/u_framer/u_il/hold_q_reg_26_
  Impl DFF        Imp:/WORK/CSS_Transmitter_Top/u_framer/u_il/hold_q_reg_26_

  Ref  DFF        Ref:/WORK/CSS_Transmitter_Top/u_framer/u_il/hold_q_reg_27_
  Impl DFF        Imp:/WORK/CSS_Transmitter_Top/u_framer/u_il/hold_q_reg_27_

  Ref  DFF        Ref:/WORK/CSS_Transmitter_Top/u_framer/u_il/hold_q_reg_28_
  Impl DFF        Imp:/WORK/CSS_Transmitter_Top/u_framer/u_il/hold_q_reg_28_

  Ref  DFF        Ref:/WORK/CSS_Transmitter_Top/u_framer/u_il/hold_q_reg_29_
  Impl DFF        Imp:/WORK/CSS_Transmitter_Top/u_framer/u_il/hold_q_reg_29_

  Ref  DFF        Ref:/WORK/CSS_Transmitter_Top/u_framer/u_il/hold_q_reg_2_
  Impl DFF        Imp:/WORK/CSS_Transmitter_Top/u_framer/u_il/hold_q_reg_2_

  Ref  DFF        Ref:/WORK/CSS_Transmitter_Top/u_framer/u_il/hold_q_reg_30_
  Impl DFF        Imp:/WORK/CSS_Transmitter_Top/u_framer/u_il/hold_q_reg_30_

  Ref  DFF        Ref:/WORK/CSS_Transmitter_Top/u_framer/u_il/hold_q_reg_31_
  Impl DFF        Imp:/WORK/CSS_Transmitter_Top/u_framer/u_il/hold_q_reg_31_

  Ref  DFF        Ref:/WORK/CSS_Transmitter_Top/u_framer/u_il/hold_q_reg_3_
  Impl DFF        Imp:/WORK/CSS_Transmitter_Top/u_framer/u_il/hold_q_reg_3_

  Ref  DFF        Ref:/WORK/CSS_Transmitter_Top/u_framer/u_il/hold_q_reg_4_
  Impl DFF        Imp:/WORK/CSS_Transmitter_Top/u_framer/u_il/hold_q_reg_4_

  Ref  DFF        Ref:/WORK/CSS_Transmitter_Top/u_framer/u_il/hold_q_reg_5_
  Impl DFF        Imp:/WORK/CSS_Transmitter_Top/u_framer/u_il/hold_q_reg_5_

  Ref  DFF        Ref:/WORK/CSS_Transmitter_Top/u_framer/u_il/hold_q_reg_6_
  Impl DFF        Imp:/WORK/CSS_Transmitter_Top/u_framer/u_il/hold_q_reg_6_

  Ref  DFF        Ref:/WORK/CSS_Transmitter_Top/u_framer/u_il/hold_q_reg_7_
  Impl DFF        Imp:/WORK/CSS_Transmitter_Top/u_framer/u_il/hold_q_reg_7_

  Ref  DFF        Ref:/WORK/CSS_Transmitter_Top/u_framer/u_il/hold_q_reg_8_
  Impl DFF        Imp:/WORK/CSS_Transmitter_Top/u_framer/u_il/hold_q_reg_8_

  Ref  DFF        Ref:/WORK/CSS_Transmitter_Top/u_framer/u_il/hold_q_reg_9_
  Impl DFF        Imp:/WORK/CSS_Transmitter_Top/u_framer/u_il/hold_q_reg_9_

  Ref  DFF        Ref:/WORK/CSS_Transmitter_Top/u_framer/u_payload_ram/b00/mem_reg_0__0_
  Impl DFF        Imp:/WORK/CSS_Transmitter_Top/u_framer/u_payload_ram/b00/mem_reg_0__0_

  Ref  DFF        Ref:/WORK/CSS_Transmitter_Top/u_framer/u_payload_ram/b00/mem_reg_0__1_
  Impl DFF        Imp:/WORK/CSS_Transmitter_Top/u_framer/u_payload_ram/b00/mem_reg_0__1_

  Ref  DFF        Ref:/WORK/CSS_Transmitter_Top/u_framer/u_payload_ram/b00/mem_reg_0__2_
  Impl DFF        Imp:/WORK/CSS_Transmitter_Top/u_framer/u_payload_ram/b00/mem_reg_0__2_

  Ref  DFF        Ref:/WORK/CSS_Transmitter_Top/u_framer/u_payload_ram/b00/mem_reg_0__3_
  Impl DFF        Imp:/WORK/CSS_Transmitter_Top/u_framer/u_payload_ram/b00/mem_reg_0__3_

  Ref  DFF        Ref:/WORK/CSS_Transmitter_Top/u_framer/u_payload_ram/b00/mem_reg_0__4_
  Impl DFF        Imp:/WORK/CSS_Transmitter_Top/u_framer/u_payload_ram/b00/mem_reg_0__4_

  Ref  DFF        Ref:/WORK/CSS_Transmitter_Top/u_framer/u_payload_ram/b00/mem_reg_0__5_
  Impl DFF        Imp:/WORK/CSS_Transmitter_Top/u_framer/u_payload_ram/b00/mem_reg_0__5_

  Ref  DFF        Ref:/WORK/CSS_Transmitter_Top/u_framer/u_payload_ram/b00/mem_reg_0__6_
  Impl DFF        Imp:/WORK/CSS_Transmitter_Top/u_framer/u_payload_ram/b00/mem_reg_0__6_

  Ref  DFF        Ref:/WORK/CSS_Transmitter_Top/u_framer/u_payload_ram/b00/mem_reg_0__7_
  Impl DFF        Imp:/WORK/CSS_Transmitter_Top/u_framer/u_payload_ram/b00/mem_reg_0__7_

  Ref  DFF        Ref:/WORK/CSS_Transmitter_Top/u_framer/u_payload_ram/b00/mem_reg_1__0_
  Impl DFF        Imp:/WORK/CSS_Transmitter_Top/u_framer/u_payload_ram/b00/mem_reg_1__0_

  Ref  DFF        Ref:/WORK/CSS_Transmitter_Top/u_framer/u_payload_ram/b00/mem_reg_1__1_
  Impl DFF        Imp:/WORK/CSS_Transmitter_Top/u_framer/u_payload_ram/b00/mem_reg_1__1_

  Ref  DFF        Ref:/WORK/CSS_Transmitter_Top/u_framer/u_payload_ram/b00/mem_reg_1__2_
  Impl DFF        Imp:/WORK/CSS_Transmitter_Top/u_framer/u_payload_ram/b00/mem_reg_1__2_

  Ref  DFF        Ref:/WORK/CSS_Transmitter_Top/u_framer/u_payload_ram/b00/mem_reg_1__3_
  Impl DFF        Imp:/WORK/CSS_Transmitter_Top/u_framer/u_payload_ram/b00/mem_reg_1__3_

  Ref  DFF        Ref:/WORK/CSS_Transmitter_Top/u_framer/u_payload_ram/b00/mem_reg_1__4_
  Impl DFF        Imp:/WORK/CSS_Transmitter_Top/u_framer/u_payload_ram/b00/mem_reg_1__4_

  Ref  DFF        Ref:/WORK/CSS_Transmitter_Top/u_framer/u_payload_ram/b00/mem_reg_1__5_
  Impl DFF        Imp:/WORK/CSS_Transmitter_Top/u_framer/u_payload_ram/b00/mem_reg_1__5_

  Ref  DFF        Ref:/WORK/CSS_Transmitter_Top/u_framer/u_payload_ram/b00/mem_reg_1__6_
  Impl DFF        Imp:/WORK/CSS_Transmitter_Top/u_framer/u_payload_ram/b00/mem_reg_1__6_

  Ref  DFF        Ref:/WORK/CSS_Transmitter_Top/u_framer/u_payload_ram/b00/mem_reg_1__7_
  Impl DFF        Imp:/WORK/CSS_Transmitter_Top/u_framer/u_payload_ram/b00/mem_reg_1__7_

  Ref  DFF        Ref:/WORK/CSS_Transmitter_Top/u_framer/u_payload_ram/b00/mem_reg_2__0_
  Impl DFF        Imp:/WORK/CSS_Transmitter_Top/u_framer/u_payload_ram/b00/mem_reg_2__0_

  Ref  DFF        Ref:/WORK/CSS_Transmitter_Top/u_framer/u_payload_ram/b00/mem_reg_2__1_
  Impl DFF        Imp:/WORK/CSS_Transmitter_Top/u_framer/u_payload_ram/b00/mem_reg_2__1_

  Ref  DFF        Ref:/WORK/CSS_Transmitter_Top/u_framer/u_payload_ram/b00/mem_reg_2__2_
  Impl DFF        Imp:/WORK/CSS_Transmitter_Top/u_framer/u_payload_ram/b00/mem_reg_2__2_

  Ref  DFF        Ref:/WORK/CSS_Transmitter_Top/u_framer/u_payload_ram/b00/mem_reg_2__3_
  Impl DFF        Imp:/WORK/CSS_Transmitter_Top/u_framer/u_payload_ram/b00/mem_reg_2__3_

  Ref  DFF        Ref:/WORK/CSS_Transmitter_Top/u_framer/u_payload_ram/b00/mem_reg_2__4_
  Impl DFF        Imp:/WORK/CSS_Transmitter_Top/u_framer/u_payload_ram/b00/mem_reg_2__4_

  Ref  DFF        Ref:/WORK/CSS_Transmitter_Top/u_framer/u_payload_ram/b00/mem_reg_2__5_
  Impl DFF        Imp:/WORK/CSS_Transmitter_Top/u_framer/u_payload_ram/b00/mem_reg_2__5_

  Ref  DFF        Ref:/WORK/CSS_Transmitter_Top/u_framer/u_payload_ram/b00/mem_reg_2__6_
  Impl DFF        Imp:/WORK/CSS_Transmitter_Top/u_framer/u_payload_ram/b00/mem_reg_2__6_

  Ref  DFF        Ref:/WORK/CSS_Transmitter_Top/u_framer/u_payload_ram/b00/mem_reg_2__7_
  Impl DFF        Imp:/WORK/CSS_Transmitter_Top/u_framer/u_payload_ram/b00/mem_reg_2__7_

  Ref  DFF        Ref:/WORK/CSS_Transmitter_Top/u_framer/u_payload_ram/b00/mem_reg_3__0_
  Impl DFF        Imp:/WORK/CSS_Transmitter_Top/u_framer/u_payload_ram/b00/mem_reg_3__0_

  Ref  DFF        Ref:/WORK/CSS_Transmitter_Top/u_framer/u_payload_ram/b00/mem_reg_3__1_
  Impl DFF        Imp:/WORK/CSS_Transmitter_Top/u_framer/u_payload_ram/b00/mem_reg_3__1_

  Ref  DFF        Ref:/WORK/CSS_Transmitter_Top/u_framer/u_payload_ram/b00/mem_reg_3__2_
  Impl DFF        Imp:/WORK/CSS_Transmitter_Top/u_framer/u_payload_ram/b00/mem_reg_3__2_

  Ref  DFF        Ref:/WORK/CSS_Transmitter_Top/u_framer/u_payload_ram/b00/mem_reg_3__3_
  Impl DFF        Imp:/WORK/CSS_Transmitter_Top/u_framer/u_payload_ram/b00/mem_reg_3__3_

  Ref  DFF        Ref:/WORK/CSS_Transmitter_Top/u_framer/u_payload_ram/b00/mem_reg_3__4_
  Impl DFF        Imp:/WORK/CSS_Transmitter_Top/u_framer/u_payload_ram/b00/mem_reg_3__4_

  Ref  DFF        Ref:/WORK/CSS_Transmitter_Top/u_framer/u_payload_ram/b00/mem_reg_3__5_
  Impl DFF        Imp:/WORK/CSS_Transmitter_Top/u_framer/u_payload_ram/b00/mem_reg_3__5_

  Ref  DFF        Ref:/WORK/CSS_Transmitter_Top/u_framer/u_payload_ram/b00/mem_reg_3__6_
  Impl DFF        Imp:/WORK/CSS_Transmitter_Top/u_framer/u_payload_ram/b00/mem_reg_3__6_

  Ref  DFF        Ref:/WORK/CSS_Transmitter_Top/u_framer/u_payload_ram/b00/mem_reg_3__7_
  Impl DFF        Imp:/WORK/CSS_Transmitter_Top/u_framer/u_payload_ram/b00/mem_reg_3__7_

  Ref  DFF        Ref:/WORK/CSS_Transmitter_Top/u_framer/u_payload_ram/b00/mem_reg_4__0_
  Impl DFF        Imp:/WORK/CSS_Transmitter_Top/u_framer/u_payload_ram/b00/mem_reg_4__0_

  Ref  DFF        Ref:/WORK/CSS_Transmitter_Top/u_framer/u_payload_ram/b00/mem_reg_4__1_
  Impl DFF        Imp:/WORK/CSS_Transmitter_Top/u_framer/u_payload_ram/b00/mem_reg_4__1_

  Ref  DFF        Ref:/WORK/CSS_Transmitter_Top/u_framer/u_payload_ram/b00/mem_reg_4__2_
  Impl DFF        Imp:/WORK/CSS_Transmitter_Top/u_framer/u_payload_ram/b00/mem_reg_4__2_

  Ref  DFF        Ref:/WORK/CSS_Transmitter_Top/u_framer/u_payload_ram/b00/mem_reg_4__3_
  Impl DFF        Imp:/WORK/CSS_Transmitter_Top/u_framer/u_payload_ram/b00/mem_reg_4__3_

  Ref  DFF        Ref:/WORK/CSS_Transmitter_Top/u_framer/u_payload_ram/b00/mem_reg_4__4_
  Impl DFF        Imp:/WORK/CSS_Transmitter_Top/u_framer/u_payload_ram/b00/mem_reg_4__4_

  Ref  DFF        Ref:/WORK/CSS_Transmitter_Top/u_framer/u_payload_ram/b00/mem_reg_4__5_
  Impl DFF        Imp:/WORK/CSS_Transmitter_Top/u_framer/u_payload_ram/b00/mem_reg_4__5_

  Ref  DFF        Ref:/WORK/CSS_Transmitter_Top/u_framer/u_payload_ram/b00/mem_reg_4__6_
  Impl DFF        Imp:/WORK/CSS_Transmitter_Top/u_framer/u_payload_ram/b00/mem_reg_4__6_

  Ref  DFF        Ref:/WORK/CSS_Transmitter_Top/u_framer/u_payload_ram/b00/mem_reg_4__7_
  Impl DFF        Imp:/WORK/CSS_Transmitter_Top/u_framer/u_payload_ram/b00/mem_reg_4__7_

  Ref  DFF        Ref:/WORK/CSS_Transmitter_Top/u_framer/u_payload_ram/b00/mem_reg_5__0_
  Impl DFF        Imp:/WORK/CSS_Transmitter_Top/u_framer/u_payload_ram/b00/mem_reg_5__0_

  Ref  DFF        Ref:/WORK/CSS_Transmitter_Top/u_framer/u_payload_ram/b00/mem_reg_5__1_
  Impl DFF        Imp:/WORK/CSS_Transmitter_Top/u_framer/u_payload_ram/b00/mem_reg_5__1_

  Ref  DFF        Ref:/WORK/CSS_Transmitter_Top/u_framer/u_payload_ram/b00/mem_reg_5__2_
  Impl DFF        Imp:/WORK/CSS_Transmitter_Top/u_framer/u_payload_ram/b00/mem_reg_5__2_

  Ref  DFF        Ref:/WORK/CSS_Transmitter_Top/u_framer/u_payload_ram/b00/mem_reg_5__3_
  Impl DFF        Imp:/WORK/CSS_Transmitter_Top/u_framer/u_payload_ram/b00/mem_reg_5__3_

  Ref  DFF        Ref:/WORK/CSS_Transmitter_Top/u_framer/u_payload_ram/b00/mem_reg_5__4_
  Impl DFF        Imp:/WORK/CSS_Transmitter_Top/u_framer/u_payload_ram/b00/mem_reg_5__4_

  Ref  DFF        Ref:/WORK/CSS_Transmitter_Top/u_framer/u_payload_ram/b00/mem_reg_5__5_
  Impl DFF        Imp:/WORK/CSS_Transmitter_Top/u_framer/u_payload_ram/b00/mem_reg_5__5_

  Ref  DFF        Ref:/WORK/CSS_Transmitter_Top/u_framer/u_payload_ram/b00/mem_reg_5__6_
  Impl DFF        Imp:/WORK/CSS_Transmitter_Top/u_framer/u_payload_ram/b00/mem_reg_5__6_

  Ref  DFF        Ref:/WORK/CSS_Transmitter_Top/u_framer/u_payload_ram/b00/mem_reg_5__7_
  Impl DFF        Imp:/WORK/CSS_Transmitter_Top/u_framer/u_payload_ram/b00/mem_reg_5__7_

  Ref  DFF        Ref:/WORK/CSS_Transmitter_Top/u_framer/u_payload_ram/b00/mem_reg_6__0_
  Impl DFF        Imp:/WORK/CSS_Transmitter_Top/u_framer/u_payload_ram/b00/mem_reg_6__0_

  Ref  DFF        Ref:/WORK/CSS_Transmitter_Top/u_framer/u_payload_ram/b00/mem_reg_6__1_
  Impl DFF        Imp:/WORK/CSS_Transmitter_Top/u_framer/u_payload_ram/b00/mem_reg_6__1_

  Ref  DFF        Ref:/WORK/CSS_Transmitter_Top/u_framer/u_payload_ram/b00/mem_reg_6__2_
  Impl DFF        Imp:/WORK/CSS_Transmitter_Top/u_framer/u_payload_ram/b00/mem_reg_6__2_

  Ref  DFF        Ref:/WORK/CSS_Transmitter_Top/u_framer/u_payload_ram/b00/mem_reg_6__3_
  Impl DFF        Imp:/WORK/CSS_Transmitter_Top/u_framer/u_payload_ram/b00/mem_reg_6__3_

  Ref  DFF        Ref:/WORK/CSS_Transmitter_Top/u_framer/u_payload_ram/b00/mem_reg_6__4_
  Impl DFF        Imp:/WORK/CSS_Transmitter_Top/u_framer/u_payload_ram/b00/mem_reg_6__4_

  Ref  DFF        Ref:/WORK/CSS_Transmitter_Top/u_framer/u_payload_ram/b00/mem_reg_6__5_
  Impl DFF        Imp:/WORK/CSS_Transmitter_Top/u_framer/u_payload_ram/b00/mem_reg_6__5_

  Ref  DFF        Ref:/WORK/CSS_Transmitter_Top/u_framer/u_payload_ram/b00/mem_reg_6__6_
  Impl DFF        Imp:/WORK/CSS_Transmitter_Top/u_framer/u_payload_ram/b00/mem_reg_6__6_

  Ref  DFF        Ref:/WORK/CSS_Transmitter_Top/u_framer/u_payload_ram/b00/mem_reg_6__7_
  Impl DFF        Imp:/WORK/CSS_Transmitter_Top/u_framer/u_payload_ram/b00/mem_reg_6__7_

  Ref  DFF        Ref:/WORK/CSS_Transmitter_Top/u_framer/u_payload_ram/b00/mem_reg_7__0_
  Impl DFF        Imp:/WORK/CSS_Transmitter_Top/u_framer/u_payload_ram/b00/mem_reg_7__0_

  Ref  DFF        Ref:/WORK/CSS_Transmitter_Top/u_framer/u_payload_ram/b00/mem_reg_7__1_
  Impl DFF        Imp:/WORK/CSS_Transmitter_Top/u_framer/u_payload_ram/b00/mem_reg_7__1_

  Ref  DFF        Ref:/WORK/CSS_Transmitter_Top/u_framer/u_payload_ram/b00/mem_reg_7__2_
  Impl DFF        Imp:/WORK/CSS_Transmitter_Top/u_framer/u_payload_ram/b00/mem_reg_7__2_

  Ref  DFF        Ref:/WORK/CSS_Transmitter_Top/u_framer/u_payload_ram/b00/mem_reg_7__3_
  Impl DFF        Imp:/WORK/CSS_Transmitter_Top/u_framer/u_payload_ram/b00/mem_reg_7__3_

  Ref  DFF        Ref:/WORK/CSS_Transmitter_Top/u_framer/u_payload_ram/b00/mem_reg_7__4_
  Impl DFF        Imp:/WORK/CSS_Transmitter_Top/u_framer/u_payload_ram/b00/mem_reg_7__4_

  Ref  DFF        Ref:/WORK/CSS_Transmitter_Top/u_framer/u_payload_ram/b00/mem_reg_7__5_
  Impl DFF        Imp:/WORK/CSS_Transmitter_Top/u_framer/u_payload_ram/b00/mem_reg_7__5_

  Ref  DFF        Ref:/WORK/CSS_Transmitter_Top/u_framer/u_payload_ram/b00/mem_reg_7__6_
  Impl DFF        Imp:/WORK/CSS_Transmitter_Top/u_framer/u_payload_ram/b00/mem_reg_7__6_

  Ref  DFF        Ref:/WORK/CSS_Transmitter_Top/u_framer/u_payload_ram/b00/mem_reg_7__7_
  Impl DFF        Imp:/WORK/CSS_Transmitter_Top/u_framer/u_payload_ram/b00/mem_reg_7__7_

  Ref  DFF        Ref:/WORK/CSS_Transmitter_Top/u_framer/u_payload_ram/b01/mem_reg_0__0_
  Impl DFF        Imp:/WORK/CSS_Transmitter_Top/u_framer/u_payload_ram/b01/mem_reg_0__0_

  Ref  DFF        Ref:/WORK/CSS_Transmitter_Top/u_framer/u_payload_ram/b01/mem_reg_0__1_
  Impl DFF        Imp:/WORK/CSS_Transmitter_Top/u_framer/u_payload_ram/b01/mem_reg_0__1_

  Ref  DFF        Ref:/WORK/CSS_Transmitter_Top/u_framer/u_payload_ram/b01/mem_reg_0__2_
  Impl DFF        Imp:/WORK/CSS_Transmitter_Top/u_framer/u_payload_ram/b01/mem_reg_0__2_

  Ref  DFF        Ref:/WORK/CSS_Transmitter_Top/u_framer/u_payload_ram/b01/mem_reg_0__3_
  Impl DFF        Imp:/WORK/CSS_Transmitter_Top/u_framer/u_payload_ram/b01/mem_reg_0__3_

  Ref  DFF        Ref:/WORK/CSS_Transmitter_Top/u_framer/u_payload_ram/b01/mem_reg_0__4_
  Impl DFF        Imp:/WORK/CSS_Transmitter_Top/u_framer/u_payload_ram/b01/mem_reg_0__4_

  Ref  DFF        Ref:/WORK/CSS_Transmitter_Top/u_framer/u_payload_ram/b01/mem_reg_0__5_
  Impl DFF        Imp:/WORK/CSS_Transmitter_Top/u_framer/u_payload_ram/b01/mem_reg_0__5_

  Ref  DFF        Ref:/WORK/CSS_Transmitter_Top/u_framer/u_payload_ram/b01/mem_reg_0__6_
  Impl DFF        Imp:/WORK/CSS_Transmitter_Top/u_framer/u_payload_ram/b01/mem_reg_0__6_

  Ref  DFF        Ref:/WORK/CSS_Transmitter_Top/u_framer/u_payload_ram/b01/mem_reg_0__7_
  Impl DFF        Imp:/WORK/CSS_Transmitter_Top/u_framer/u_payload_ram/b01/mem_reg_0__7_

  Ref  DFF        Ref:/WORK/CSS_Transmitter_Top/u_framer/u_payload_ram/b01/mem_reg_1__0_
  Impl DFF        Imp:/WORK/CSS_Transmitter_Top/u_framer/u_payload_ram/b01/mem_reg_1__0_

  Ref  DFF        Ref:/WORK/CSS_Transmitter_Top/u_framer/u_payload_ram/b01/mem_reg_1__1_
  Impl DFF        Imp:/WORK/CSS_Transmitter_Top/u_framer/u_payload_ram/b01/mem_reg_1__1_

  Ref  DFF        Ref:/WORK/CSS_Transmitter_Top/u_framer/u_payload_ram/b01/mem_reg_1__2_
  Impl DFF        Imp:/WORK/CSS_Transmitter_Top/u_framer/u_payload_ram/b01/mem_reg_1__2_

  Ref  DFF        Ref:/WORK/CSS_Transmitter_Top/u_framer/u_payload_ram/b01/mem_reg_1__3_
  Impl DFF        Imp:/WORK/CSS_Transmitter_Top/u_framer/u_payload_ram/b01/mem_reg_1__3_

  Ref  DFF        Ref:/WORK/CSS_Transmitter_Top/u_framer/u_payload_ram/b01/mem_reg_1__4_
  Impl DFF        Imp:/WORK/CSS_Transmitter_Top/u_framer/u_payload_ram/b01/mem_reg_1__4_

  Ref  DFF        Ref:/WORK/CSS_Transmitter_Top/u_framer/u_payload_ram/b01/mem_reg_1__5_
  Impl DFF        Imp:/WORK/CSS_Transmitter_Top/u_framer/u_payload_ram/b01/mem_reg_1__5_

  Ref  DFF        Ref:/WORK/CSS_Transmitter_Top/u_framer/u_payload_ram/b01/mem_reg_1__6_
  Impl DFF        Imp:/WORK/CSS_Transmitter_Top/u_framer/u_payload_ram/b01/mem_reg_1__6_

  Ref  DFF        Ref:/WORK/CSS_Transmitter_Top/u_framer/u_payload_ram/b01/mem_reg_1__7_
  Impl DFF        Imp:/WORK/CSS_Transmitter_Top/u_framer/u_payload_ram/b01/mem_reg_1__7_

  Ref  DFF        Ref:/WORK/CSS_Transmitter_Top/u_framer/u_payload_ram/b01/mem_reg_2__0_
  Impl DFF        Imp:/WORK/CSS_Transmitter_Top/u_framer/u_payload_ram/b01/mem_reg_2__0_

  Ref  DFF        Ref:/WORK/CSS_Transmitter_Top/u_framer/u_payload_ram/b01/mem_reg_2__1_
  Impl DFF        Imp:/WORK/CSS_Transmitter_Top/u_framer/u_payload_ram/b01/mem_reg_2__1_

  Ref  DFF        Ref:/WORK/CSS_Transmitter_Top/u_framer/u_payload_ram/b01/mem_reg_2__2_
  Impl DFF        Imp:/WORK/CSS_Transmitter_Top/u_framer/u_payload_ram/b01/mem_reg_2__2_

  Ref  DFF        Ref:/WORK/CSS_Transmitter_Top/u_framer/u_payload_ram/b01/mem_reg_2__3_
  Impl DFF        Imp:/WORK/CSS_Transmitter_Top/u_framer/u_payload_ram/b01/mem_reg_2__3_

  Ref  DFF        Ref:/WORK/CSS_Transmitter_Top/u_framer/u_payload_ram/b01/mem_reg_2__4_
  Impl DFF        Imp:/WORK/CSS_Transmitter_Top/u_framer/u_payload_ram/b01/mem_reg_2__4_

  Ref  DFF        Ref:/WORK/CSS_Transmitter_Top/u_framer/u_payload_ram/b01/mem_reg_2__5_
  Impl DFF        Imp:/WORK/CSS_Transmitter_Top/u_framer/u_payload_ram/b01/mem_reg_2__5_

  Ref  DFF        Ref:/WORK/CSS_Transmitter_Top/u_framer/u_payload_ram/b01/mem_reg_2__6_
  Impl DFF        Imp:/WORK/CSS_Transmitter_Top/u_framer/u_payload_ram/b01/mem_reg_2__6_

  Ref  DFF        Ref:/WORK/CSS_Transmitter_Top/u_framer/u_payload_ram/b01/mem_reg_2__7_
  Impl DFF        Imp:/WORK/CSS_Transmitter_Top/u_framer/u_payload_ram/b01/mem_reg_2__7_

  Ref  DFF        Ref:/WORK/CSS_Transmitter_Top/u_framer/u_payload_ram/b01/mem_reg_3__0_
  Impl DFF        Imp:/WORK/CSS_Transmitter_Top/u_framer/u_payload_ram/b01/mem_reg_3__0_

  Ref  DFF        Ref:/WORK/CSS_Transmitter_Top/u_framer/u_payload_ram/b01/mem_reg_3__1_
  Impl DFF        Imp:/WORK/CSS_Transmitter_Top/u_framer/u_payload_ram/b01/mem_reg_3__1_

  Ref  DFF        Ref:/WORK/CSS_Transmitter_Top/u_framer/u_payload_ram/b01/mem_reg_3__2_
  Impl DFF        Imp:/WORK/CSS_Transmitter_Top/u_framer/u_payload_ram/b01/mem_reg_3__2_

  Ref  DFF        Ref:/WORK/CSS_Transmitter_Top/u_framer/u_payload_ram/b01/mem_reg_3__3_
  Impl DFF        Imp:/WORK/CSS_Transmitter_Top/u_framer/u_payload_ram/b01/mem_reg_3__3_

  Ref  DFF        Ref:/WORK/CSS_Transmitter_Top/u_framer/u_payload_ram/b01/mem_reg_3__4_
  Impl DFF        Imp:/WORK/CSS_Transmitter_Top/u_framer/u_payload_ram/b01/mem_reg_3__4_

  Ref  DFF        Ref:/WORK/CSS_Transmitter_Top/u_framer/u_payload_ram/b01/mem_reg_3__5_
  Impl DFF        Imp:/WORK/CSS_Transmitter_Top/u_framer/u_payload_ram/b01/mem_reg_3__5_

  Ref  DFF        Ref:/WORK/CSS_Transmitter_Top/u_framer/u_payload_ram/b01/mem_reg_3__6_
  Impl DFF        Imp:/WORK/CSS_Transmitter_Top/u_framer/u_payload_ram/b01/mem_reg_3__6_

  Ref  DFF        Ref:/WORK/CSS_Transmitter_Top/u_framer/u_payload_ram/b01/mem_reg_3__7_
  Impl DFF        Imp:/WORK/CSS_Transmitter_Top/u_framer/u_payload_ram/b01/mem_reg_3__7_

  Ref  DFF        Ref:/WORK/CSS_Transmitter_Top/u_framer/u_payload_ram/b01/mem_reg_4__0_
  Impl DFF        Imp:/WORK/CSS_Transmitter_Top/u_framer/u_payload_ram/b01/mem_reg_4__0_

  Ref  DFF        Ref:/WORK/CSS_Transmitter_Top/u_framer/u_payload_ram/b01/mem_reg_4__1_
  Impl DFF        Imp:/WORK/CSS_Transmitter_Top/u_framer/u_payload_ram/b01/mem_reg_4__1_

  Ref  DFF        Ref:/WORK/CSS_Transmitter_Top/u_framer/u_payload_ram/b01/mem_reg_4__2_
  Impl DFF        Imp:/WORK/CSS_Transmitter_Top/u_framer/u_payload_ram/b01/mem_reg_4__2_

  Ref  DFF        Ref:/WORK/CSS_Transmitter_Top/u_framer/u_payload_ram/b01/mem_reg_4__3_
  Impl DFF        Imp:/WORK/CSS_Transmitter_Top/u_framer/u_payload_ram/b01/mem_reg_4__3_

  Ref  DFF        Ref:/WORK/CSS_Transmitter_Top/u_framer/u_payload_ram/b01/mem_reg_4__4_
  Impl DFF        Imp:/WORK/CSS_Transmitter_Top/u_framer/u_payload_ram/b01/mem_reg_4__4_

  Ref  DFF        Ref:/WORK/CSS_Transmitter_Top/u_framer/u_payload_ram/b01/mem_reg_4__5_
  Impl DFF        Imp:/WORK/CSS_Transmitter_Top/u_framer/u_payload_ram/b01/mem_reg_4__5_

  Ref  DFF        Ref:/WORK/CSS_Transmitter_Top/u_framer/u_payload_ram/b01/mem_reg_4__6_
  Impl DFF        Imp:/WORK/CSS_Transmitter_Top/u_framer/u_payload_ram/b01/mem_reg_4__6_

  Ref  DFF        Ref:/WORK/CSS_Transmitter_Top/u_framer/u_payload_ram/b01/mem_reg_4__7_
  Impl DFF        Imp:/WORK/CSS_Transmitter_Top/u_framer/u_payload_ram/b01/mem_reg_4__7_

  Ref  DFF        Ref:/WORK/CSS_Transmitter_Top/u_framer/u_payload_ram/b01/mem_reg_5__0_
  Impl DFF        Imp:/WORK/CSS_Transmitter_Top/u_framer/u_payload_ram/b01/mem_reg_5__0_

  Ref  DFF        Ref:/WORK/CSS_Transmitter_Top/u_framer/u_payload_ram/b01/mem_reg_5__1_
  Impl DFF        Imp:/WORK/CSS_Transmitter_Top/u_framer/u_payload_ram/b01/mem_reg_5__1_

  Ref  DFF        Ref:/WORK/CSS_Transmitter_Top/u_framer/u_payload_ram/b01/mem_reg_5__2_
  Impl DFF        Imp:/WORK/CSS_Transmitter_Top/u_framer/u_payload_ram/b01/mem_reg_5__2_

  Ref  DFF        Ref:/WORK/CSS_Transmitter_Top/u_framer/u_payload_ram/b01/mem_reg_5__3_
  Impl DFF        Imp:/WORK/CSS_Transmitter_Top/u_framer/u_payload_ram/b01/mem_reg_5__3_

  Ref  DFF        Ref:/WORK/CSS_Transmitter_Top/u_framer/u_payload_ram/b01/mem_reg_5__4_
  Impl DFF        Imp:/WORK/CSS_Transmitter_Top/u_framer/u_payload_ram/b01/mem_reg_5__4_

  Ref  DFF        Ref:/WORK/CSS_Transmitter_Top/u_framer/u_payload_ram/b01/mem_reg_5__5_
  Impl DFF        Imp:/WORK/CSS_Transmitter_Top/u_framer/u_payload_ram/b01/mem_reg_5__5_

  Ref  DFF        Ref:/WORK/CSS_Transmitter_Top/u_framer/u_payload_ram/b01/mem_reg_5__6_
  Impl DFF        Imp:/WORK/CSS_Transmitter_Top/u_framer/u_payload_ram/b01/mem_reg_5__6_

  Ref  DFF        Ref:/WORK/CSS_Transmitter_Top/u_framer/u_payload_ram/b01/mem_reg_5__7_
  Impl DFF        Imp:/WORK/CSS_Transmitter_Top/u_framer/u_payload_ram/b01/mem_reg_5__7_

  Ref  DFF        Ref:/WORK/CSS_Transmitter_Top/u_framer/u_payload_ram/b01/mem_reg_6__0_
  Impl DFF        Imp:/WORK/CSS_Transmitter_Top/u_framer/u_payload_ram/b01/mem_reg_6__0_

  Ref  DFF        Ref:/WORK/CSS_Transmitter_Top/u_framer/u_payload_ram/b01/mem_reg_6__1_
  Impl DFF        Imp:/WORK/CSS_Transmitter_Top/u_framer/u_payload_ram/b01/mem_reg_6__1_

  Ref  DFF        Ref:/WORK/CSS_Transmitter_Top/u_framer/u_payload_ram/b01/mem_reg_6__2_
  Impl DFF        Imp:/WORK/CSS_Transmitter_Top/u_framer/u_payload_ram/b01/mem_reg_6__2_

  Ref  DFF        Ref:/WORK/CSS_Transmitter_Top/u_framer/u_payload_ram/b01/mem_reg_6__3_
  Impl DFF        Imp:/WORK/CSS_Transmitter_Top/u_framer/u_payload_ram/b01/mem_reg_6__3_

  Ref  DFF        Ref:/WORK/CSS_Transmitter_Top/u_framer/u_payload_ram/b01/mem_reg_6__4_
  Impl DFF        Imp:/WORK/CSS_Transmitter_Top/u_framer/u_payload_ram/b01/mem_reg_6__4_

  Ref  DFF        Ref:/WORK/CSS_Transmitter_Top/u_framer/u_payload_ram/b01/mem_reg_6__5_
  Impl DFF        Imp:/WORK/CSS_Transmitter_Top/u_framer/u_payload_ram/b01/mem_reg_6__5_

  Ref  DFF        Ref:/WORK/CSS_Transmitter_Top/u_framer/u_payload_ram/b01/mem_reg_6__6_
  Impl DFF        Imp:/WORK/CSS_Transmitter_Top/u_framer/u_payload_ram/b01/mem_reg_6__6_

  Ref  DFF        Ref:/WORK/CSS_Transmitter_Top/u_framer/u_payload_ram/b01/mem_reg_6__7_
  Impl DFF        Imp:/WORK/CSS_Transmitter_Top/u_framer/u_payload_ram/b01/mem_reg_6__7_

  Ref  DFF        Ref:/WORK/CSS_Transmitter_Top/u_framer/u_payload_ram/b01/mem_reg_7__0_
  Impl DFF        Imp:/WORK/CSS_Transmitter_Top/u_framer/u_payload_ram/b01/mem_reg_7__0_

  Ref  DFF        Ref:/WORK/CSS_Transmitter_Top/u_framer/u_payload_ram/b01/mem_reg_7__1_
  Impl DFF        Imp:/WORK/CSS_Transmitter_Top/u_framer/u_payload_ram/b01/mem_reg_7__1_

  Ref  DFF        Ref:/WORK/CSS_Transmitter_Top/u_framer/u_payload_ram/b01/mem_reg_7__2_
  Impl DFF        Imp:/WORK/CSS_Transmitter_Top/u_framer/u_payload_ram/b01/mem_reg_7__2_

  Ref  DFF        Ref:/WORK/CSS_Transmitter_Top/u_framer/u_payload_ram/b01/mem_reg_7__3_
  Impl DFF        Imp:/WORK/CSS_Transmitter_Top/u_framer/u_payload_ram/b01/mem_reg_7__3_

  Ref  DFF        Ref:/WORK/CSS_Transmitter_Top/u_framer/u_payload_ram/b01/mem_reg_7__4_
  Impl DFF        Imp:/WORK/CSS_Transmitter_Top/u_framer/u_payload_ram/b01/mem_reg_7__4_

  Ref  DFF        Ref:/WORK/CSS_Transmitter_Top/u_framer/u_payload_ram/b01/mem_reg_7__5_
  Impl DFF        Imp:/WORK/CSS_Transmitter_Top/u_framer/u_payload_ram/b01/mem_reg_7__5_

  Ref  DFF        Ref:/WORK/CSS_Transmitter_Top/u_framer/u_payload_ram/b01/mem_reg_7__6_
  Impl DFF        Imp:/WORK/CSS_Transmitter_Top/u_framer/u_payload_ram/b01/mem_reg_7__6_

  Ref  DFF        Ref:/WORK/CSS_Transmitter_Top/u_framer/u_payload_ram/b01/mem_reg_7__7_
  Impl DFF        Imp:/WORK/CSS_Transmitter_Top/u_framer/u_payload_ram/b01/mem_reg_7__7_

  Ref  DFF        Ref:/WORK/CSS_Transmitter_Top/u_framer/u_payload_ram/b02/mem_reg_0__0_
  Impl DFF        Imp:/WORK/CSS_Transmitter_Top/u_framer/u_payload_ram/b02/mem_reg_0__0_

  Ref  DFF        Ref:/WORK/CSS_Transmitter_Top/u_framer/u_payload_ram/b02/mem_reg_0__1_
  Impl DFF        Imp:/WORK/CSS_Transmitter_Top/u_framer/u_payload_ram/b02/mem_reg_0__1_

  Ref  DFF        Ref:/WORK/CSS_Transmitter_Top/u_framer/u_payload_ram/b02/mem_reg_0__2_
  Impl DFF        Imp:/WORK/CSS_Transmitter_Top/u_framer/u_payload_ram/b02/mem_reg_0__2_

  Ref  DFF        Ref:/WORK/CSS_Transmitter_Top/u_framer/u_payload_ram/b02/mem_reg_0__3_
  Impl DFF        Imp:/WORK/CSS_Transmitter_Top/u_framer/u_payload_ram/b02/mem_reg_0__3_

  Ref  DFF        Ref:/WORK/CSS_Transmitter_Top/u_framer/u_payload_ram/b02/mem_reg_0__4_
  Impl DFF        Imp:/WORK/CSS_Transmitter_Top/u_framer/u_payload_ram/b02/mem_reg_0__4_

  Ref  DFF        Ref:/WORK/CSS_Transmitter_Top/u_framer/u_payload_ram/b02/mem_reg_0__5_
  Impl DFF        Imp:/WORK/CSS_Transmitter_Top/u_framer/u_payload_ram/b02/mem_reg_0__5_

  Ref  DFF        Ref:/WORK/CSS_Transmitter_Top/u_framer/u_payload_ram/b02/mem_reg_0__6_
  Impl DFF        Imp:/WORK/CSS_Transmitter_Top/u_framer/u_payload_ram/b02/mem_reg_0__6_

  Ref  DFF        Ref:/WORK/CSS_Transmitter_Top/u_framer/u_payload_ram/b02/mem_reg_0__7_
  Impl DFF        Imp:/WORK/CSS_Transmitter_Top/u_framer/u_payload_ram/b02/mem_reg_0__7_

  Ref  DFF        Ref:/WORK/CSS_Transmitter_Top/u_framer/u_payload_ram/b02/mem_reg_1__0_
  Impl DFF        Imp:/WORK/CSS_Transmitter_Top/u_framer/u_payload_ram/b02/mem_reg_1__0_

  Ref  DFF        Ref:/WORK/CSS_Transmitter_Top/u_framer/u_payload_ram/b02/mem_reg_1__1_
  Impl DFF        Imp:/WORK/CSS_Transmitter_Top/u_framer/u_payload_ram/b02/mem_reg_1__1_

  Ref  DFF        Ref:/WORK/CSS_Transmitter_Top/u_framer/u_payload_ram/b02/mem_reg_1__2_
  Impl DFF        Imp:/WORK/CSS_Transmitter_Top/u_framer/u_payload_ram/b02/mem_reg_1__2_

  Ref  DFF        Ref:/WORK/CSS_Transmitter_Top/u_framer/u_payload_ram/b02/mem_reg_1__3_
  Impl DFF        Imp:/WORK/CSS_Transmitter_Top/u_framer/u_payload_ram/b02/mem_reg_1__3_

  Ref  DFF        Ref:/WORK/CSS_Transmitter_Top/u_framer/u_payload_ram/b02/mem_reg_1__4_
  Impl DFF        Imp:/WORK/CSS_Transmitter_Top/u_framer/u_payload_ram/b02/mem_reg_1__4_

  Ref  DFF        Ref:/WORK/CSS_Transmitter_Top/u_framer/u_payload_ram/b02/mem_reg_1__5_
  Impl DFF        Imp:/WORK/CSS_Transmitter_Top/u_framer/u_payload_ram/b02/mem_reg_1__5_

  Ref  DFF        Ref:/WORK/CSS_Transmitter_Top/u_framer/u_payload_ram/b02/mem_reg_1__6_
  Impl DFF        Imp:/WORK/CSS_Transmitter_Top/u_framer/u_payload_ram/b02/mem_reg_1__6_

  Ref  DFF        Ref:/WORK/CSS_Transmitter_Top/u_framer/u_payload_ram/b02/mem_reg_1__7_
  Impl DFF        Imp:/WORK/CSS_Transmitter_Top/u_framer/u_payload_ram/b02/mem_reg_1__7_

  Ref  DFF        Ref:/WORK/CSS_Transmitter_Top/u_framer/u_payload_ram/b02/mem_reg_2__0_
  Impl DFF        Imp:/WORK/CSS_Transmitter_Top/u_framer/u_payload_ram/b02/mem_reg_2__0_

  Ref  DFF        Ref:/WORK/CSS_Transmitter_Top/u_framer/u_payload_ram/b02/mem_reg_2__1_
  Impl DFF        Imp:/WORK/CSS_Transmitter_Top/u_framer/u_payload_ram/b02/mem_reg_2__1_

  Ref  DFF        Ref:/WORK/CSS_Transmitter_Top/u_framer/u_payload_ram/b02/mem_reg_2__2_
  Impl DFF        Imp:/WORK/CSS_Transmitter_Top/u_framer/u_payload_ram/b02/mem_reg_2__2_

  Ref  DFF        Ref:/WORK/CSS_Transmitter_Top/u_framer/u_payload_ram/b02/mem_reg_2__3_
  Impl DFF        Imp:/WORK/CSS_Transmitter_Top/u_framer/u_payload_ram/b02/mem_reg_2__3_

  Ref  DFF        Ref:/WORK/CSS_Transmitter_Top/u_framer/u_payload_ram/b02/mem_reg_2__4_
  Impl DFF        Imp:/WORK/CSS_Transmitter_Top/u_framer/u_payload_ram/b02/mem_reg_2__4_

  Ref  DFF        Ref:/WORK/CSS_Transmitter_Top/u_framer/u_payload_ram/b02/mem_reg_2__5_
  Impl DFF        Imp:/WORK/CSS_Transmitter_Top/u_framer/u_payload_ram/b02/mem_reg_2__5_

  Ref  DFF        Ref:/WORK/CSS_Transmitter_Top/u_framer/u_payload_ram/b02/mem_reg_2__6_
  Impl DFF        Imp:/WORK/CSS_Transmitter_Top/u_framer/u_payload_ram/b02/mem_reg_2__6_

  Ref  DFF        Ref:/WORK/CSS_Transmitter_Top/u_framer/u_payload_ram/b02/mem_reg_2__7_
  Impl DFF        Imp:/WORK/CSS_Transmitter_Top/u_framer/u_payload_ram/b02/mem_reg_2__7_

  Ref  DFF        Ref:/WORK/CSS_Transmitter_Top/u_framer/u_payload_ram/b02/mem_reg_3__0_
  Impl DFF        Imp:/WORK/CSS_Transmitter_Top/u_framer/u_payload_ram/b02/mem_reg_3__0_

  Ref  DFF        Ref:/WORK/CSS_Transmitter_Top/u_framer/u_payload_ram/b02/mem_reg_3__1_
  Impl DFF        Imp:/WORK/CSS_Transmitter_Top/u_framer/u_payload_ram/b02/mem_reg_3__1_

  Ref  DFF        Ref:/WORK/CSS_Transmitter_Top/u_framer/u_payload_ram/b02/mem_reg_3__2_
  Impl DFF        Imp:/WORK/CSS_Transmitter_Top/u_framer/u_payload_ram/b02/mem_reg_3__2_

  Ref  DFF        Ref:/WORK/CSS_Transmitter_Top/u_framer/u_payload_ram/b02/mem_reg_3__3_
  Impl DFF        Imp:/WORK/CSS_Transmitter_Top/u_framer/u_payload_ram/b02/mem_reg_3__3_

  Ref  DFF        Ref:/WORK/CSS_Transmitter_Top/u_framer/u_payload_ram/b02/mem_reg_3__4_
  Impl DFF        Imp:/WORK/CSS_Transmitter_Top/u_framer/u_payload_ram/b02/mem_reg_3__4_

  Ref  DFF        Ref:/WORK/CSS_Transmitter_Top/u_framer/u_payload_ram/b02/mem_reg_3__5_
  Impl DFF        Imp:/WORK/CSS_Transmitter_Top/u_framer/u_payload_ram/b02/mem_reg_3__5_

  Ref  DFF        Ref:/WORK/CSS_Transmitter_Top/u_framer/u_payload_ram/b02/mem_reg_3__6_
  Impl DFF        Imp:/WORK/CSS_Transmitter_Top/u_framer/u_payload_ram/b02/mem_reg_3__6_

  Ref  DFF        Ref:/WORK/CSS_Transmitter_Top/u_framer/u_payload_ram/b02/mem_reg_3__7_
  Impl DFF        Imp:/WORK/CSS_Transmitter_Top/u_framer/u_payload_ram/b02/mem_reg_3__7_

  Ref  DFF        Ref:/WORK/CSS_Transmitter_Top/u_framer/u_payload_ram/b02/mem_reg_4__0_
  Impl DFF        Imp:/WORK/CSS_Transmitter_Top/u_framer/u_payload_ram/b02/mem_reg_4__0_

  Ref  DFF        Ref:/WORK/CSS_Transmitter_Top/u_framer/u_payload_ram/b02/mem_reg_4__1_
  Impl DFF        Imp:/WORK/CSS_Transmitter_Top/u_framer/u_payload_ram/b02/mem_reg_4__1_

  Ref  DFF        Ref:/WORK/CSS_Transmitter_Top/u_framer/u_payload_ram/b02/mem_reg_4__2_
  Impl DFF        Imp:/WORK/CSS_Transmitter_Top/u_framer/u_payload_ram/b02/mem_reg_4__2_

  Ref  DFF        Ref:/WORK/CSS_Transmitter_Top/u_framer/u_payload_ram/b02/mem_reg_4__3_
  Impl DFF        Imp:/WORK/CSS_Transmitter_Top/u_framer/u_payload_ram/b02/mem_reg_4__3_

  Ref  DFF        Ref:/WORK/CSS_Transmitter_Top/u_framer/u_payload_ram/b02/mem_reg_4__4_
  Impl DFF        Imp:/WORK/CSS_Transmitter_Top/u_framer/u_payload_ram/b02/mem_reg_4__4_

  Ref  DFF        Ref:/WORK/CSS_Transmitter_Top/u_framer/u_payload_ram/b02/mem_reg_4__5_
  Impl DFF        Imp:/WORK/CSS_Transmitter_Top/u_framer/u_payload_ram/b02/mem_reg_4__5_

  Ref  DFF        Ref:/WORK/CSS_Transmitter_Top/u_framer/u_payload_ram/b02/mem_reg_4__6_
  Impl DFF        Imp:/WORK/CSS_Transmitter_Top/u_framer/u_payload_ram/b02/mem_reg_4__6_

  Ref  DFF        Ref:/WORK/CSS_Transmitter_Top/u_framer/u_payload_ram/b02/mem_reg_4__7_
  Impl DFF        Imp:/WORK/CSS_Transmitter_Top/u_framer/u_payload_ram/b02/mem_reg_4__7_

  Ref  DFF        Ref:/WORK/CSS_Transmitter_Top/u_framer/u_payload_ram/b02/mem_reg_5__0_
  Impl DFF        Imp:/WORK/CSS_Transmitter_Top/u_framer/u_payload_ram/b02/mem_reg_5__0_

  Ref  DFF        Ref:/WORK/CSS_Transmitter_Top/u_framer/u_payload_ram/b02/mem_reg_5__1_
  Impl DFF        Imp:/WORK/CSS_Transmitter_Top/u_framer/u_payload_ram/b02/mem_reg_5__1_

  Ref  DFF        Ref:/WORK/CSS_Transmitter_Top/u_framer/u_payload_ram/b02/mem_reg_5__2_
  Impl DFF        Imp:/WORK/CSS_Transmitter_Top/u_framer/u_payload_ram/b02/mem_reg_5__2_

  Ref  DFF        Ref:/WORK/CSS_Transmitter_Top/u_framer/u_payload_ram/b02/mem_reg_5__3_
  Impl DFF        Imp:/WORK/CSS_Transmitter_Top/u_framer/u_payload_ram/b02/mem_reg_5__3_

  Ref  DFF        Ref:/WORK/CSS_Transmitter_Top/u_framer/u_payload_ram/b02/mem_reg_5__4_
  Impl DFF        Imp:/WORK/CSS_Transmitter_Top/u_framer/u_payload_ram/b02/mem_reg_5__4_

  Ref  DFF        Ref:/WORK/CSS_Transmitter_Top/u_framer/u_payload_ram/b02/mem_reg_5__5_
  Impl DFF        Imp:/WORK/CSS_Transmitter_Top/u_framer/u_payload_ram/b02/mem_reg_5__5_

  Ref  DFF        Ref:/WORK/CSS_Transmitter_Top/u_framer/u_payload_ram/b02/mem_reg_5__6_
  Impl DFF        Imp:/WORK/CSS_Transmitter_Top/u_framer/u_payload_ram/b02/mem_reg_5__6_

  Ref  DFF        Ref:/WORK/CSS_Transmitter_Top/u_framer/u_payload_ram/b02/mem_reg_5__7_
  Impl DFF        Imp:/WORK/CSS_Transmitter_Top/u_framer/u_payload_ram/b02/mem_reg_5__7_

  Ref  DFF        Ref:/WORK/CSS_Transmitter_Top/u_framer/u_payload_ram/b02/mem_reg_6__0_
  Impl DFF        Imp:/WORK/CSS_Transmitter_Top/u_framer/u_payload_ram/b02/mem_reg_6__0_

  Ref  DFF        Ref:/WORK/CSS_Transmitter_Top/u_framer/u_payload_ram/b02/mem_reg_6__1_
  Impl DFF        Imp:/WORK/CSS_Transmitter_Top/u_framer/u_payload_ram/b02/mem_reg_6__1_

  Ref  DFF        Ref:/WORK/CSS_Transmitter_Top/u_framer/u_payload_ram/b02/mem_reg_6__2_
  Impl DFF        Imp:/WORK/CSS_Transmitter_Top/u_framer/u_payload_ram/b02/mem_reg_6__2_

  Ref  DFF        Ref:/WORK/CSS_Transmitter_Top/u_framer/u_payload_ram/b02/mem_reg_6__3_
  Impl DFF        Imp:/WORK/CSS_Transmitter_Top/u_framer/u_payload_ram/b02/mem_reg_6__3_

  Ref  DFF        Ref:/WORK/CSS_Transmitter_Top/u_framer/u_payload_ram/b02/mem_reg_6__4_
  Impl DFF        Imp:/WORK/CSS_Transmitter_Top/u_framer/u_payload_ram/b02/mem_reg_6__4_

  Ref  DFF        Ref:/WORK/CSS_Transmitter_Top/u_framer/u_payload_ram/b02/mem_reg_6__5_
  Impl DFF        Imp:/WORK/CSS_Transmitter_Top/u_framer/u_payload_ram/b02/mem_reg_6__5_

  Ref  DFF        Ref:/WORK/CSS_Transmitter_Top/u_framer/u_payload_ram/b02/mem_reg_6__6_
  Impl DFF        Imp:/WORK/CSS_Transmitter_Top/u_framer/u_payload_ram/b02/mem_reg_6__6_

  Ref  DFF        Ref:/WORK/CSS_Transmitter_Top/u_framer/u_payload_ram/b02/mem_reg_6__7_
  Impl DFF        Imp:/WORK/CSS_Transmitter_Top/u_framer/u_payload_ram/b02/mem_reg_6__7_

  Ref  DFF        Ref:/WORK/CSS_Transmitter_Top/u_framer/u_payload_ram/b02/mem_reg_7__0_
  Impl DFF        Imp:/WORK/CSS_Transmitter_Top/u_framer/u_payload_ram/b02/mem_reg_7__0_

  Ref  DFF        Ref:/WORK/CSS_Transmitter_Top/u_framer/u_payload_ram/b02/mem_reg_7__1_
  Impl DFF        Imp:/WORK/CSS_Transmitter_Top/u_framer/u_payload_ram/b02/mem_reg_7__1_

  Ref  DFF        Ref:/WORK/CSS_Transmitter_Top/u_framer/u_payload_ram/b02/mem_reg_7__2_
  Impl DFF        Imp:/WORK/CSS_Transmitter_Top/u_framer/u_payload_ram/b02/mem_reg_7__2_

  Ref  DFF        Ref:/WORK/CSS_Transmitter_Top/u_framer/u_payload_ram/b02/mem_reg_7__3_
  Impl DFF        Imp:/WORK/CSS_Transmitter_Top/u_framer/u_payload_ram/b02/mem_reg_7__3_

  Ref  DFF        Ref:/WORK/CSS_Transmitter_Top/u_framer/u_payload_ram/b02/mem_reg_7__4_
  Impl DFF        Imp:/WORK/CSS_Transmitter_Top/u_framer/u_payload_ram/b02/mem_reg_7__4_

  Ref  DFF        Ref:/WORK/CSS_Transmitter_Top/u_framer/u_payload_ram/b02/mem_reg_7__5_
  Impl DFF        Imp:/WORK/CSS_Transmitter_Top/u_framer/u_payload_ram/b02/mem_reg_7__5_

  Ref  DFF        Ref:/WORK/CSS_Transmitter_Top/u_framer/u_payload_ram/b02/mem_reg_7__6_
  Impl DFF        Imp:/WORK/CSS_Transmitter_Top/u_framer/u_payload_ram/b02/mem_reg_7__6_

  Ref  DFF        Ref:/WORK/CSS_Transmitter_Top/u_framer/u_payload_ram/b02/mem_reg_7__7_
  Impl DFF        Imp:/WORK/CSS_Transmitter_Top/u_framer/u_payload_ram/b02/mem_reg_7__7_

  Ref  DFF        Ref:/WORK/CSS_Transmitter_Top/u_framer/u_payload_ram/b03/mem_reg_0__0_
  Impl DFF        Imp:/WORK/CSS_Transmitter_Top/u_framer/u_payload_ram/b03/mem_reg_0__0_

  Ref  DFF        Ref:/WORK/CSS_Transmitter_Top/u_framer/u_payload_ram/b03/mem_reg_0__1_
  Impl DFF        Imp:/WORK/CSS_Transmitter_Top/u_framer/u_payload_ram/b03/mem_reg_0__1_

  Ref  DFF        Ref:/WORK/CSS_Transmitter_Top/u_framer/u_payload_ram/b03/mem_reg_0__2_
  Impl DFF        Imp:/WORK/CSS_Transmitter_Top/u_framer/u_payload_ram/b03/mem_reg_0__2_

  Ref  DFF        Ref:/WORK/CSS_Transmitter_Top/u_framer/u_payload_ram/b03/mem_reg_0__3_
  Impl DFF        Imp:/WORK/CSS_Transmitter_Top/u_framer/u_payload_ram/b03/mem_reg_0__3_

  Ref  DFF        Ref:/WORK/CSS_Transmitter_Top/u_framer/u_payload_ram/b03/mem_reg_0__4_
  Impl DFF        Imp:/WORK/CSS_Transmitter_Top/u_framer/u_payload_ram/b03/mem_reg_0__4_

  Ref  DFF        Ref:/WORK/CSS_Transmitter_Top/u_framer/u_payload_ram/b03/mem_reg_0__5_
  Impl DFF        Imp:/WORK/CSS_Transmitter_Top/u_framer/u_payload_ram/b03/mem_reg_0__5_

  Ref  DFF        Ref:/WORK/CSS_Transmitter_Top/u_framer/u_payload_ram/b03/mem_reg_0__6_
  Impl DFF        Imp:/WORK/CSS_Transmitter_Top/u_framer/u_payload_ram/b03/mem_reg_0__6_

  Ref  DFF        Ref:/WORK/CSS_Transmitter_Top/u_framer/u_payload_ram/b03/mem_reg_0__7_
  Impl DFF        Imp:/WORK/CSS_Transmitter_Top/u_framer/u_payload_ram/b03/mem_reg_0__7_

  Ref  DFF        Ref:/WORK/CSS_Transmitter_Top/u_framer/u_payload_ram/b03/mem_reg_1__0_
  Impl DFF        Imp:/WORK/CSS_Transmitter_Top/u_framer/u_payload_ram/b03/mem_reg_1__0_

  Ref  DFF        Ref:/WORK/CSS_Transmitter_Top/u_framer/u_payload_ram/b03/mem_reg_1__1_
  Impl DFF        Imp:/WORK/CSS_Transmitter_Top/u_framer/u_payload_ram/b03/mem_reg_1__1_

  Ref  DFF        Ref:/WORK/CSS_Transmitter_Top/u_framer/u_payload_ram/b03/mem_reg_1__2_
  Impl DFF        Imp:/WORK/CSS_Transmitter_Top/u_framer/u_payload_ram/b03/mem_reg_1__2_

  Ref  DFF        Ref:/WORK/CSS_Transmitter_Top/u_framer/u_payload_ram/b03/mem_reg_1__3_
  Impl DFF        Imp:/WORK/CSS_Transmitter_Top/u_framer/u_payload_ram/b03/mem_reg_1__3_

  Ref  DFF        Ref:/WORK/CSS_Transmitter_Top/u_framer/u_payload_ram/b03/mem_reg_1__4_
  Impl DFF        Imp:/WORK/CSS_Transmitter_Top/u_framer/u_payload_ram/b03/mem_reg_1__4_

  Ref  DFF        Ref:/WORK/CSS_Transmitter_Top/u_framer/u_payload_ram/b03/mem_reg_1__5_
  Impl DFF        Imp:/WORK/CSS_Transmitter_Top/u_framer/u_payload_ram/b03/mem_reg_1__5_

  Ref  DFF        Ref:/WORK/CSS_Transmitter_Top/u_framer/u_payload_ram/b03/mem_reg_1__6_
  Impl DFF        Imp:/WORK/CSS_Transmitter_Top/u_framer/u_payload_ram/b03/mem_reg_1__6_

  Ref  DFF        Ref:/WORK/CSS_Transmitter_Top/u_framer/u_payload_ram/b03/mem_reg_1__7_
  Impl DFF        Imp:/WORK/CSS_Transmitter_Top/u_framer/u_payload_ram/b03/mem_reg_1__7_

  Ref  DFF        Ref:/WORK/CSS_Transmitter_Top/u_framer/u_payload_ram/b03/mem_reg_2__0_
  Impl DFF        Imp:/WORK/CSS_Transmitter_Top/u_framer/u_payload_ram/b03/mem_reg_2__0_

  Ref  DFF        Ref:/WORK/CSS_Transmitter_Top/u_framer/u_payload_ram/b03/mem_reg_2__1_
  Impl DFF        Imp:/WORK/CSS_Transmitter_Top/u_framer/u_payload_ram/b03/mem_reg_2__1_

  Ref  DFF        Ref:/WORK/CSS_Transmitter_Top/u_framer/u_payload_ram/b03/mem_reg_2__2_
  Impl DFF        Imp:/WORK/CSS_Transmitter_Top/u_framer/u_payload_ram/b03/mem_reg_2__2_

  Ref  DFF        Ref:/WORK/CSS_Transmitter_Top/u_framer/u_payload_ram/b03/mem_reg_2__3_
  Impl DFF        Imp:/WORK/CSS_Transmitter_Top/u_framer/u_payload_ram/b03/mem_reg_2__3_

  Ref  DFF        Ref:/WORK/CSS_Transmitter_Top/u_framer/u_payload_ram/b03/mem_reg_2__4_
  Impl DFF        Imp:/WORK/CSS_Transmitter_Top/u_framer/u_payload_ram/b03/mem_reg_2__4_

  Ref  DFF        Ref:/WORK/CSS_Transmitter_Top/u_framer/u_payload_ram/b03/mem_reg_2__5_
  Impl DFF        Imp:/WORK/CSS_Transmitter_Top/u_framer/u_payload_ram/b03/mem_reg_2__5_

  Ref  DFF        Ref:/WORK/CSS_Transmitter_Top/u_framer/u_payload_ram/b03/mem_reg_2__6_
  Impl DFF        Imp:/WORK/CSS_Transmitter_Top/u_framer/u_payload_ram/b03/mem_reg_2__6_

  Ref  DFF        Ref:/WORK/CSS_Transmitter_Top/u_framer/u_payload_ram/b03/mem_reg_2__7_
  Impl DFF        Imp:/WORK/CSS_Transmitter_Top/u_framer/u_payload_ram/b03/mem_reg_2__7_

  Ref  DFF        Ref:/WORK/CSS_Transmitter_Top/u_framer/u_payload_ram/b03/mem_reg_3__0_
  Impl DFF        Imp:/WORK/CSS_Transmitter_Top/u_framer/u_payload_ram/b03/mem_reg_3__0_

  Ref  DFF        Ref:/WORK/CSS_Transmitter_Top/u_framer/u_payload_ram/b03/mem_reg_3__1_
  Impl DFF        Imp:/WORK/CSS_Transmitter_Top/u_framer/u_payload_ram/b03/mem_reg_3__1_

  Ref  DFF        Ref:/WORK/CSS_Transmitter_Top/u_framer/u_payload_ram/b03/mem_reg_3__2_
  Impl DFF        Imp:/WORK/CSS_Transmitter_Top/u_framer/u_payload_ram/b03/mem_reg_3__2_

  Ref  DFF        Ref:/WORK/CSS_Transmitter_Top/u_framer/u_payload_ram/b03/mem_reg_3__3_
  Impl DFF        Imp:/WORK/CSS_Transmitter_Top/u_framer/u_payload_ram/b03/mem_reg_3__3_

  Ref  DFF        Ref:/WORK/CSS_Transmitter_Top/u_framer/u_payload_ram/b03/mem_reg_3__4_
  Impl DFF        Imp:/WORK/CSS_Transmitter_Top/u_framer/u_payload_ram/b03/mem_reg_3__4_

  Ref  DFF        Ref:/WORK/CSS_Transmitter_Top/u_framer/u_payload_ram/b03/mem_reg_3__5_
  Impl DFF        Imp:/WORK/CSS_Transmitter_Top/u_framer/u_payload_ram/b03/mem_reg_3__5_

  Ref  DFF        Ref:/WORK/CSS_Transmitter_Top/u_framer/u_payload_ram/b03/mem_reg_3__6_
  Impl DFF        Imp:/WORK/CSS_Transmitter_Top/u_framer/u_payload_ram/b03/mem_reg_3__6_

  Ref  DFF        Ref:/WORK/CSS_Transmitter_Top/u_framer/u_payload_ram/b03/mem_reg_3__7_
  Impl DFF        Imp:/WORK/CSS_Transmitter_Top/u_framer/u_payload_ram/b03/mem_reg_3__7_

  Ref  DFF        Ref:/WORK/CSS_Transmitter_Top/u_framer/u_payload_ram/b03/mem_reg_4__0_
  Impl DFF        Imp:/WORK/CSS_Transmitter_Top/u_framer/u_payload_ram/b03/mem_reg_4__0_

  Ref  DFF        Ref:/WORK/CSS_Transmitter_Top/u_framer/u_payload_ram/b03/mem_reg_4__1_
  Impl DFF        Imp:/WORK/CSS_Transmitter_Top/u_framer/u_payload_ram/b03/mem_reg_4__1_

  Ref  DFF        Ref:/WORK/CSS_Transmitter_Top/u_framer/u_payload_ram/b03/mem_reg_4__2_
  Impl DFF        Imp:/WORK/CSS_Transmitter_Top/u_framer/u_payload_ram/b03/mem_reg_4__2_

  Ref  DFF        Ref:/WORK/CSS_Transmitter_Top/u_framer/u_payload_ram/b03/mem_reg_4__3_
  Impl DFF        Imp:/WORK/CSS_Transmitter_Top/u_framer/u_payload_ram/b03/mem_reg_4__3_

  Ref  DFF        Ref:/WORK/CSS_Transmitter_Top/u_framer/u_payload_ram/b03/mem_reg_4__4_
  Impl DFF        Imp:/WORK/CSS_Transmitter_Top/u_framer/u_payload_ram/b03/mem_reg_4__4_

  Ref  DFF        Ref:/WORK/CSS_Transmitter_Top/u_framer/u_payload_ram/b03/mem_reg_4__5_
  Impl DFF        Imp:/WORK/CSS_Transmitter_Top/u_framer/u_payload_ram/b03/mem_reg_4__5_

  Ref  DFF        Ref:/WORK/CSS_Transmitter_Top/u_framer/u_payload_ram/b03/mem_reg_4__6_
  Impl DFF        Imp:/WORK/CSS_Transmitter_Top/u_framer/u_payload_ram/b03/mem_reg_4__6_

  Ref  DFF        Ref:/WORK/CSS_Transmitter_Top/u_framer/u_payload_ram/b03/mem_reg_4__7_
  Impl DFF        Imp:/WORK/CSS_Transmitter_Top/u_framer/u_payload_ram/b03/mem_reg_4__7_

  Ref  DFF        Ref:/WORK/CSS_Transmitter_Top/u_framer/u_payload_ram/b03/mem_reg_5__0_
  Impl DFF        Imp:/WORK/CSS_Transmitter_Top/u_framer/u_payload_ram/b03/mem_reg_5__0_

  Ref  DFF        Ref:/WORK/CSS_Transmitter_Top/u_framer/u_payload_ram/b03/mem_reg_5__1_
  Impl DFF        Imp:/WORK/CSS_Transmitter_Top/u_framer/u_payload_ram/b03/mem_reg_5__1_

  Ref  DFF        Ref:/WORK/CSS_Transmitter_Top/u_framer/u_payload_ram/b03/mem_reg_5__2_
  Impl DFF        Imp:/WORK/CSS_Transmitter_Top/u_framer/u_payload_ram/b03/mem_reg_5__2_

  Ref  DFF        Ref:/WORK/CSS_Transmitter_Top/u_framer/u_payload_ram/b03/mem_reg_5__3_
  Impl DFF        Imp:/WORK/CSS_Transmitter_Top/u_framer/u_payload_ram/b03/mem_reg_5__3_

  Ref  DFF        Ref:/WORK/CSS_Transmitter_Top/u_framer/u_payload_ram/b03/mem_reg_5__4_
  Impl DFF        Imp:/WORK/CSS_Transmitter_Top/u_framer/u_payload_ram/b03/mem_reg_5__4_

  Ref  DFF        Ref:/WORK/CSS_Transmitter_Top/u_framer/u_payload_ram/b03/mem_reg_5__5_
  Impl DFF        Imp:/WORK/CSS_Transmitter_Top/u_framer/u_payload_ram/b03/mem_reg_5__5_

  Ref  DFF        Ref:/WORK/CSS_Transmitter_Top/u_framer/u_payload_ram/b03/mem_reg_5__6_
  Impl DFF        Imp:/WORK/CSS_Transmitter_Top/u_framer/u_payload_ram/b03/mem_reg_5__6_

  Ref  DFF        Ref:/WORK/CSS_Transmitter_Top/u_framer/u_payload_ram/b03/mem_reg_5__7_
  Impl DFF        Imp:/WORK/CSS_Transmitter_Top/u_framer/u_payload_ram/b03/mem_reg_5__7_

  Ref  DFF        Ref:/WORK/CSS_Transmitter_Top/u_framer/u_payload_ram/b03/mem_reg_6__0_
  Impl DFF        Imp:/WORK/CSS_Transmitter_Top/u_framer/u_payload_ram/b03/mem_reg_6__0_

  Ref  DFF        Ref:/WORK/CSS_Transmitter_Top/u_framer/u_payload_ram/b03/mem_reg_6__1_
  Impl DFF        Imp:/WORK/CSS_Transmitter_Top/u_framer/u_payload_ram/b03/mem_reg_6__1_

  Ref  DFF        Ref:/WORK/CSS_Transmitter_Top/u_framer/u_payload_ram/b03/mem_reg_6__2_
  Impl DFF        Imp:/WORK/CSS_Transmitter_Top/u_framer/u_payload_ram/b03/mem_reg_6__2_

  Ref  DFF        Ref:/WORK/CSS_Transmitter_Top/u_framer/u_payload_ram/b03/mem_reg_6__3_
  Impl DFF        Imp:/WORK/CSS_Transmitter_Top/u_framer/u_payload_ram/b03/mem_reg_6__3_

  Ref  DFF        Ref:/WORK/CSS_Transmitter_Top/u_framer/u_payload_ram/b03/mem_reg_6__4_
  Impl DFF        Imp:/WORK/CSS_Transmitter_Top/u_framer/u_payload_ram/b03/mem_reg_6__4_

  Ref  DFF        Ref:/WORK/CSS_Transmitter_Top/u_framer/u_payload_ram/b03/mem_reg_6__5_
  Impl DFF        Imp:/WORK/CSS_Transmitter_Top/u_framer/u_payload_ram/b03/mem_reg_6__5_

  Ref  DFF        Ref:/WORK/CSS_Transmitter_Top/u_framer/u_payload_ram/b03/mem_reg_6__6_
  Impl DFF        Imp:/WORK/CSS_Transmitter_Top/u_framer/u_payload_ram/b03/mem_reg_6__6_

  Ref  DFF        Ref:/WORK/CSS_Transmitter_Top/u_framer/u_payload_ram/b03/mem_reg_6__7_
  Impl DFF        Imp:/WORK/CSS_Transmitter_Top/u_framer/u_payload_ram/b03/mem_reg_6__7_

  Ref  DFF        Ref:/WORK/CSS_Transmitter_Top/u_framer/u_payload_ram/b03/mem_reg_7__0_
  Impl DFF        Imp:/WORK/CSS_Transmitter_Top/u_framer/u_payload_ram/b03/mem_reg_7__0_

  Ref  DFF        Ref:/WORK/CSS_Transmitter_Top/u_framer/u_payload_ram/b03/mem_reg_7__1_
  Impl DFF        Imp:/WORK/CSS_Transmitter_Top/u_framer/u_payload_ram/b03/mem_reg_7__1_

  Ref  DFF        Ref:/WORK/CSS_Transmitter_Top/u_framer/u_payload_ram/b03/mem_reg_7__2_
  Impl DFF        Imp:/WORK/CSS_Transmitter_Top/u_framer/u_payload_ram/b03/mem_reg_7__2_

  Ref  DFF        Ref:/WORK/CSS_Transmitter_Top/u_framer/u_payload_ram/b03/mem_reg_7__3_
  Impl DFF        Imp:/WORK/CSS_Transmitter_Top/u_framer/u_payload_ram/b03/mem_reg_7__3_

  Ref  DFF        Ref:/WORK/CSS_Transmitter_Top/u_framer/u_payload_ram/b03/mem_reg_7__4_
  Impl DFF        Imp:/WORK/CSS_Transmitter_Top/u_framer/u_payload_ram/b03/mem_reg_7__4_

  Ref  DFF        Ref:/WORK/CSS_Transmitter_Top/u_framer/u_payload_ram/b03/mem_reg_7__5_
  Impl DFF        Imp:/WORK/CSS_Transmitter_Top/u_framer/u_payload_ram/b03/mem_reg_7__5_

  Ref  DFF        Ref:/WORK/CSS_Transmitter_Top/u_framer/u_payload_ram/b03/mem_reg_7__6_
  Impl DFF        Imp:/WORK/CSS_Transmitter_Top/u_framer/u_payload_ram/b03/mem_reg_7__6_

  Ref  DFF        Ref:/WORK/CSS_Transmitter_Top/u_framer/u_payload_ram/b03/mem_reg_7__7_
  Impl DFF        Imp:/WORK/CSS_Transmitter_Top/u_framer/u_payload_ram/b03/mem_reg_7__7_

  Ref  DFF        Ref:/WORK/CSS_Transmitter_Top/u_framer/u_payload_ram/b04/mem_reg_0__0_
  Impl DFF        Imp:/WORK/CSS_Transmitter_Top/u_framer/u_payload_ram/b04/mem_reg_0__0_

  Ref  DFF        Ref:/WORK/CSS_Transmitter_Top/u_framer/u_payload_ram/b04/mem_reg_0__1_
  Impl DFF        Imp:/WORK/CSS_Transmitter_Top/u_framer/u_payload_ram/b04/mem_reg_0__1_

  Ref  DFF        Ref:/WORK/CSS_Transmitter_Top/u_framer/u_payload_ram/b04/mem_reg_0__2_
  Impl DFF        Imp:/WORK/CSS_Transmitter_Top/u_framer/u_payload_ram/b04/mem_reg_0__2_

  Ref  DFF        Ref:/WORK/CSS_Transmitter_Top/u_framer/u_payload_ram/b04/mem_reg_0__3_
  Impl DFF        Imp:/WORK/CSS_Transmitter_Top/u_framer/u_payload_ram/b04/mem_reg_0__3_

  Ref  DFF        Ref:/WORK/CSS_Transmitter_Top/u_framer/u_payload_ram/b04/mem_reg_0__4_
  Impl DFF        Imp:/WORK/CSS_Transmitter_Top/u_framer/u_payload_ram/b04/mem_reg_0__4_

  Ref  DFF        Ref:/WORK/CSS_Transmitter_Top/u_framer/u_payload_ram/b04/mem_reg_0__5_
  Impl DFF        Imp:/WORK/CSS_Transmitter_Top/u_framer/u_payload_ram/b04/mem_reg_0__5_

  Ref  DFF        Ref:/WORK/CSS_Transmitter_Top/u_framer/u_payload_ram/b04/mem_reg_0__6_
  Impl DFF        Imp:/WORK/CSS_Transmitter_Top/u_framer/u_payload_ram/b04/mem_reg_0__6_

  Ref  DFF        Ref:/WORK/CSS_Transmitter_Top/u_framer/u_payload_ram/b04/mem_reg_0__7_
  Impl DFF        Imp:/WORK/CSS_Transmitter_Top/u_framer/u_payload_ram/b04/mem_reg_0__7_

  Ref  DFF        Ref:/WORK/CSS_Transmitter_Top/u_framer/u_payload_ram/b04/mem_reg_1__0_
  Impl DFF        Imp:/WORK/CSS_Transmitter_Top/u_framer/u_payload_ram/b04/mem_reg_1__0_

  Ref  DFF        Ref:/WORK/CSS_Transmitter_Top/u_framer/u_payload_ram/b04/mem_reg_1__1_
  Impl DFF        Imp:/WORK/CSS_Transmitter_Top/u_framer/u_payload_ram/b04/mem_reg_1__1_

  Ref  DFF        Ref:/WORK/CSS_Transmitter_Top/u_framer/u_payload_ram/b04/mem_reg_1__2_
  Impl DFF        Imp:/WORK/CSS_Transmitter_Top/u_framer/u_payload_ram/b04/mem_reg_1__2_

  Ref  DFF        Ref:/WORK/CSS_Transmitter_Top/u_framer/u_payload_ram/b04/mem_reg_1__3_
  Impl DFF        Imp:/WORK/CSS_Transmitter_Top/u_framer/u_payload_ram/b04/mem_reg_1__3_

  Ref  DFF        Ref:/WORK/CSS_Transmitter_Top/u_framer/u_payload_ram/b04/mem_reg_1__4_
  Impl DFF        Imp:/WORK/CSS_Transmitter_Top/u_framer/u_payload_ram/b04/mem_reg_1__4_

  Ref  DFF        Ref:/WORK/CSS_Transmitter_Top/u_framer/u_payload_ram/b04/mem_reg_1__5_
  Impl DFF        Imp:/WORK/CSS_Transmitter_Top/u_framer/u_payload_ram/b04/mem_reg_1__5_

  Ref  DFF        Ref:/WORK/CSS_Transmitter_Top/u_framer/u_payload_ram/b04/mem_reg_1__6_
  Impl DFF        Imp:/WORK/CSS_Transmitter_Top/u_framer/u_payload_ram/b04/mem_reg_1__6_

  Ref  DFF        Ref:/WORK/CSS_Transmitter_Top/u_framer/u_payload_ram/b04/mem_reg_1__7_
  Impl DFF        Imp:/WORK/CSS_Transmitter_Top/u_framer/u_payload_ram/b04/mem_reg_1__7_

  Ref  DFF        Ref:/WORK/CSS_Transmitter_Top/u_framer/u_payload_ram/b04/mem_reg_2__0_
  Impl DFF        Imp:/WORK/CSS_Transmitter_Top/u_framer/u_payload_ram/b04/mem_reg_2__0_

  Ref  DFF        Ref:/WORK/CSS_Transmitter_Top/u_framer/u_payload_ram/b04/mem_reg_2__1_
  Impl DFF        Imp:/WORK/CSS_Transmitter_Top/u_framer/u_payload_ram/b04/mem_reg_2__1_

  Ref  DFF        Ref:/WORK/CSS_Transmitter_Top/u_framer/u_payload_ram/b04/mem_reg_2__2_
  Impl DFF        Imp:/WORK/CSS_Transmitter_Top/u_framer/u_payload_ram/b04/mem_reg_2__2_

  Ref  DFF        Ref:/WORK/CSS_Transmitter_Top/u_framer/u_payload_ram/b04/mem_reg_2__3_
  Impl DFF        Imp:/WORK/CSS_Transmitter_Top/u_framer/u_payload_ram/b04/mem_reg_2__3_

  Ref  DFF        Ref:/WORK/CSS_Transmitter_Top/u_framer/u_payload_ram/b04/mem_reg_2__4_
  Impl DFF        Imp:/WORK/CSS_Transmitter_Top/u_framer/u_payload_ram/b04/mem_reg_2__4_

  Ref  DFF        Ref:/WORK/CSS_Transmitter_Top/u_framer/u_payload_ram/b04/mem_reg_2__5_
  Impl DFF        Imp:/WORK/CSS_Transmitter_Top/u_framer/u_payload_ram/b04/mem_reg_2__5_

  Ref  DFF        Ref:/WORK/CSS_Transmitter_Top/u_framer/u_payload_ram/b04/mem_reg_2__6_
  Impl DFF        Imp:/WORK/CSS_Transmitter_Top/u_framer/u_payload_ram/b04/mem_reg_2__6_

  Ref  DFF        Ref:/WORK/CSS_Transmitter_Top/u_framer/u_payload_ram/b04/mem_reg_2__7_
  Impl DFF        Imp:/WORK/CSS_Transmitter_Top/u_framer/u_payload_ram/b04/mem_reg_2__7_

  Ref  DFF        Ref:/WORK/CSS_Transmitter_Top/u_framer/u_payload_ram/b04/mem_reg_3__0_
  Impl DFF        Imp:/WORK/CSS_Transmitter_Top/u_framer/u_payload_ram/b04/mem_reg_3__0_

  Ref  DFF        Ref:/WORK/CSS_Transmitter_Top/u_framer/u_payload_ram/b04/mem_reg_3__1_
  Impl DFF        Imp:/WORK/CSS_Transmitter_Top/u_framer/u_payload_ram/b04/mem_reg_3__1_

  Ref  DFF        Ref:/WORK/CSS_Transmitter_Top/u_framer/u_payload_ram/b04/mem_reg_3__2_
  Impl DFF        Imp:/WORK/CSS_Transmitter_Top/u_framer/u_payload_ram/b04/mem_reg_3__2_

  Ref  DFF        Ref:/WORK/CSS_Transmitter_Top/u_framer/u_payload_ram/b04/mem_reg_3__3_
  Impl DFF        Imp:/WORK/CSS_Transmitter_Top/u_framer/u_payload_ram/b04/mem_reg_3__3_

  Ref  DFF        Ref:/WORK/CSS_Transmitter_Top/u_framer/u_payload_ram/b04/mem_reg_3__4_
  Impl DFF        Imp:/WORK/CSS_Transmitter_Top/u_framer/u_payload_ram/b04/mem_reg_3__4_

  Ref  DFF        Ref:/WORK/CSS_Transmitter_Top/u_framer/u_payload_ram/b04/mem_reg_3__5_
  Impl DFF        Imp:/WORK/CSS_Transmitter_Top/u_framer/u_payload_ram/b04/mem_reg_3__5_

  Ref  DFF        Ref:/WORK/CSS_Transmitter_Top/u_framer/u_payload_ram/b04/mem_reg_3__6_
  Impl DFF        Imp:/WORK/CSS_Transmitter_Top/u_framer/u_payload_ram/b04/mem_reg_3__6_

  Ref  DFF        Ref:/WORK/CSS_Transmitter_Top/u_framer/u_payload_ram/b04/mem_reg_3__7_
  Impl DFF        Imp:/WORK/CSS_Transmitter_Top/u_framer/u_payload_ram/b04/mem_reg_3__7_

  Ref  DFF        Ref:/WORK/CSS_Transmitter_Top/u_framer/u_payload_ram/b04/mem_reg_4__0_
  Impl DFF        Imp:/WORK/CSS_Transmitter_Top/u_framer/u_payload_ram/b04/mem_reg_4__0_

  Ref  DFF        Ref:/WORK/CSS_Transmitter_Top/u_framer/u_payload_ram/b04/mem_reg_4__1_
  Impl DFF        Imp:/WORK/CSS_Transmitter_Top/u_framer/u_payload_ram/b04/mem_reg_4__1_

  Ref  DFF        Ref:/WORK/CSS_Transmitter_Top/u_framer/u_payload_ram/b04/mem_reg_4__2_
  Impl DFF        Imp:/WORK/CSS_Transmitter_Top/u_framer/u_payload_ram/b04/mem_reg_4__2_

  Ref  DFF        Ref:/WORK/CSS_Transmitter_Top/u_framer/u_payload_ram/b04/mem_reg_4__3_
  Impl DFF        Imp:/WORK/CSS_Transmitter_Top/u_framer/u_payload_ram/b04/mem_reg_4__3_

  Ref  DFF        Ref:/WORK/CSS_Transmitter_Top/u_framer/u_payload_ram/b04/mem_reg_4__4_
  Impl DFF        Imp:/WORK/CSS_Transmitter_Top/u_framer/u_payload_ram/b04/mem_reg_4__4_

  Ref  DFF        Ref:/WORK/CSS_Transmitter_Top/u_framer/u_payload_ram/b04/mem_reg_4__5_
  Impl DFF        Imp:/WORK/CSS_Transmitter_Top/u_framer/u_payload_ram/b04/mem_reg_4__5_

  Ref  DFF        Ref:/WORK/CSS_Transmitter_Top/u_framer/u_payload_ram/b04/mem_reg_4__6_
  Impl DFF        Imp:/WORK/CSS_Transmitter_Top/u_framer/u_payload_ram/b04/mem_reg_4__6_

  Ref  DFF        Ref:/WORK/CSS_Transmitter_Top/u_framer/u_payload_ram/b04/mem_reg_4__7_
  Impl DFF        Imp:/WORK/CSS_Transmitter_Top/u_framer/u_payload_ram/b04/mem_reg_4__7_

  Ref  DFF        Ref:/WORK/CSS_Transmitter_Top/u_framer/u_payload_ram/b04/mem_reg_5__0_
  Impl DFF        Imp:/WORK/CSS_Transmitter_Top/u_framer/u_payload_ram/b04/mem_reg_5__0_

  Ref  DFF        Ref:/WORK/CSS_Transmitter_Top/u_framer/u_payload_ram/b04/mem_reg_5__1_
  Impl DFF        Imp:/WORK/CSS_Transmitter_Top/u_framer/u_payload_ram/b04/mem_reg_5__1_

  Ref  DFF        Ref:/WORK/CSS_Transmitter_Top/u_framer/u_payload_ram/b04/mem_reg_5__2_
  Impl DFF        Imp:/WORK/CSS_Transmitter_Top/u_framer/u_payload_ram/b04/mem_reg_5__2_

  Ref  DFF        Ref:/WORK/CSS_Transmitter_Top/u_framer/u_payload_ram/b04/mem_reg_5__3_
  Impl DFF        Imp:/WORK/CSS_Transmitter_Top/u_framer/u_payload_ram/b04/mem_reg_5__3_

  Ref  DFF        Ref:/WORK/CSS_Transmitter_Top/u_framer/u_payload_ram/b04/mem_reg_5__4_
  Impl DFF        Imp:/WORK/CSS_Transmitter_Top/u_framer/u_payload_ram/b04/mem_reg_5__4_

  Ref  DFF        Ref:/WORK/CSS_Transmitter_Top/u_framer/u_payload_ram/b04/mem_reg_5__5_
  Impl DFF        Imp:/WORK/CSS_Transmitter_Top/u_framer/u_payload_ram/b04/mem_reg_5__5_

  Ref  DFF        Ref:/WORK/CSS_Transmitter_Top/u_framer/u_payload_ram/b04/mem_reg_5__6_
  Impl DFF        Imp:/WORK/CSS_Transmitter_Top/u_framer/u_payload_ram/b04/mem_reg_5__6_

  Ref  DFF        Ref:/WORK/CSS_Transmitter_Top/u_framer/u_payload_ram/b04/mem_reg_5__7_
  Impl DFF        Imp:/WORK/CSS_Transmitter_Top/u_framer/u_payload_ram/b04/mem_reg_5__7_

  Ref  DFF        Ref:/WORK/CSS_Transmitter_Top/u_framer/u_payload_ram/b04/mem_reg_6__0_
  Impl DFF        Imp:/WORK/CSS_Transmitter_Top/u_framer/u_payload_ram/b04/mem_reg_6__0_

  Ref  DFF        Ref:/WORK/CSS_Transmitter_Top/u_framer/u_payload_ram/b04/mem_reg_6__1_
  Impl DFF        Imp:/WORK/CSS_Transmitter_Top/u_framer/u_payload_ram/b04/mem_reg_6__1_

  Ref  DFF        Ref:/WORK/CSS_Transmitter_Top/u_framer/u_payload_ram/b04/mem_reg_6__2_
  Impl DFF        Imp:/WORK/CSS_Transmitter_Top/u_framer/u_payload_ram/b04/mem_reg_6__2_

  Ref  DFF        Ref:/WORK/CSS_Transmitter_Top/u_framer/u_payload_ram/b04/mem_reg_6__3_
  Impl DFF        Imp:/WORK/CSS_Transmitter_Top/u_framer/u_payload_ram/b04/mem_reg_6__3_

  Ref  DFF        Ref:/WORK/CSS_Transmitter_Top/u_framer/u_payload_ram/b04/mem_reg_6__4_
  Impl DFF        Imp:/WORK/CSS_Transmitter_Top/u_framer/u_payload_ram/b04/mem_reg_6__4_

  Ref  DFF        Ref:/WORK/CSS_Transmitter_Top/u_framer/u_payload_ram/b04/mem_reg_6__5_
  Impl DFF        Imp:/WORK/CSS_Transmitter_Top/u_framer/u_payload_ram/b04/mem_reg_6__5_

  Ref  DFF        Ref:/WORK/CSS_Transmitter_Top/u_framer/u_payload_ram/b04/mem_reg_6__6_
  Impl DFF        Imp:/WORK/CSS_Transmitter_Top/u_framer/u_payload_ram/b04/mem_reg_6__6_

  Ref  DFF        Ref:/WORK/CSS_Transmitter_Top/u_framer/u_payload_ram/b04/mem_reg_6__7_
  Impl DFF        Imp:/WORK/CSS_Transmitter_Top/u_framer/u_payload_ram/b04/mem_reg_6__7_

  Ref  DFF        Ref:/WORK/CSS_Transmitter_Top/u_framer/u_payload_ram/b04/mem_reg_7__0_
  Impl DFF        Imp:/WORK/CSS_Transmitter_Top/u_framer/u_payload_ram/b04/mem_reg_7__0_

  Ref  DFF        Ref:/WORK/CSS_Transmitter_Top/u_framer/u_payload_ram/b04/mem_reg_7__1_
  Impl DFF        Imp:/WORK/CSS_Transmitter_Top/u_framer/u_payload_ram/b04/mem_reg_7__1_

  Ref  DFF        Ref:/WORK/CSS_Transmitter_Top/u_framer/u_payload_ram/b04/mem_reg_7__2_
  Impl DFF        Imp:/WORK/CSS_Transmitter_Top/u_framer/u_payload_ram/b04/mem_reg_7__2_

  Ref  DFF        Ref:/WORK/CSS_Transmitter_Top/u_framer/u_payload_ram/b04/mem_reg_7__3_
  Impl DFF        Imp:/WORK/CSS_Transmitter_Top/u_framer/u_payload_ram/b04/mem_reg_7__3_

  Ref  DFF        Ref:/WORK/CSS_Transmitter_Top/u_framer/u_payload_ram/b04/mem_reg_7__4_
  Impl DFF        Imp:/WORK/CSS_Transmitter_Top/u_framer/u_payload_ram/b04/mem_reg_7__4_

  Ref  DFF        Ref:/WORK/CSS_Transmitter_Top/u_framer/u_payload_ram/b04/mem_reg_7__5_
  Impl DFF        Imp:/WORK/CSS_Transmitter_Top/u_framer/u_payload_ram/b04/mem_reg_7__5_

  Ref  DFF        Ref:/WORK/CSS_Transmitter_Top/u_framer/u_payload_ram/b04/mem_reg_7__6_
  Impl DFF        Imp:/WORK/CSS_Transmitter_Top/u_framer/u_payload_ram/b04/mem_reg_7__6_

  Ref  DFF        Ref:/WORK/CSS_Transmitter_Top/u_framer/u_payload_ram/b04/mem_reg_7__7_
  Impl DFF        Imp:/WORK/CSS_Transmitter_Top/u_framer/u_payload_ram/b04/mem_reg_7__7_

  Ref  DFF        Ref:/WORK/CSS_Transmitter_Top/u_framer/u_payload_ram/b05/mem_reg_0__0_
  Impl DFF        Imp:/WORK/CSS_Transmitter_Top/u_framer/u_payload_ram/b05/mem_reg_0__0_

  Ref  DFF        Ref:/WORK/CSS_Transmitter_Top/u_framer/u_payload_ram/b05/mem_reg_0__1_
  Impl DFF        Imp:/WORK/CSS_Transmitter_Top/u_framer/u_payload_ram/b05/mem_reg_0__1_

  Ref  DFF        Ref:/WORK/CSS_Transmitter_Top/u_framer/u_payload_ram/b05/mem_reg_0__2_
  Impl DFF        Imp:/WORK/CSS_Transmitter_Top/u_framer/u_payload_ram/b05/mem_reg_0__2_

  Ref  DFF        Ref:/WORK/CSS_Transmitter_Top/u_framer/u_payload_ram/b05/mem_reg_0__3_
  Impl DFF        Imp:/WORK/CSS_Transmitter_Top/u_framer/u_payload_ram/b05/mem_reg_0__3_

  Ref  DFF        Ref:/WORK/CSS_Transmitter_Top/u_framer/u_payload_ram/b05/mem_reg_0__4_
  Impl DFF        Imp:/WORK/CSS_Transmitter_Top/u_framer/u_payload_ram/b05/mem_reg_0__4_

  Ref  DFF        Ref:/WORK/CSS_Transmitter_Top/u_framer/u_payload_ram/b05/mem_reg_0__5_
  Impl DFF        Imp:/WORK/CSS_Transmitter_Top/u_framer/u_payload_ram/b05/mem_reg_0__5_

  Ref  DFF        Ref:/WORK/CSS_Transmitter_Top/u_framer/u_payload_ram/b05/mem_reg_0__6_
  Impl DFF        Imp:/WORK/CSS_Transmitter_Top/u_framer/u_payload_ram/b05/mem_reg_0__6_

  Ref  DFF        Ref:/WORK/CSS_Transmitter_Top/u_framer/u_payload_ram/b05/mem_reg_0__7_
  Impl DFF        Imp:/WORK/CSS_Transmitter_Top/u_framer/u_payload_ram/b05/mem_reg_0__7_

  Ref  DFF        Ref:/WORK/CSS_Transmitter_Top/u_framer/u_payload_ram/b05/mem_reg_1__0_
  Impl DFF        Imp:/WORK/CSS_Transmitter_Top/u_framer/u_payload_ram/b05/mem_reg_1__0_

  Ref  DFF        Ref:/WORK/CSS_Transmitter_Top/u_framer/u_payload_ram/b05/mem_reg_1__1_
  Impl DFF        Imp:/WORK/CSS_Transmitter_Top/u_framer/u_payload_ram/b05/mem_reg_1__1_

  Ref  DFF        Ref:/WORK/CSS_Transmitter_Top/u_framer/u_payload_ram/b05/mem_reg_1__2_
  Impl DFF        Imp:/WORK/CSS_Transmitter_Top/u_framer/u_payload_ram/b05/mem_reg_1__2_

  Ref  DFF        Ref:/WORK/CSS_Transmitter_Top/u_framer/u_payload_ram/b05/mem_reg_1__3_
  Impl DFF        Imp:/WORK/CSS_Transmitter_Top/u_framer/u_payload_ram/b05/mem_reg_1__3_

  Ref  DFF        Ref:/WORK/CSS_Transmitter_Top/u_framer/u_payload_ram/b05/mem_reg_1__4_
  Impl DFF        Imp:/WORK/CSS_Transmitter_Top/u_framer/u_payload_ram/b05/mem_reg_1__4_

  Ref  DFF        Ref:/WORK/CSS_Transmitter_Top/u_framer/u_payload_ram/b05/mem_reg_1__5_
  Impl DFF        Imp:/WORK/CSS_Transmitter_Top/u_framer/u_payload_ram/b05/mem_reg_1__5_

  Ref  DFF        Ref:/WORK/CSS_Transmitter_Top/u_framer/u_payload_ram/b05/mem_reg_1__6_
  Impl DFF        Imp:/WORK/CSS_Transmitter_Top/u_framer/u_payload_ram/b05/mem_reg_1__6_

  Ref  DFF        Ref:/WORK/CSS_Transmitter_Top/u_framer/u_payload_ram/b05/mem_reg_1__7_
  Impl DFF        Imp:/WORK/CSS_Transmitter_Top/u_framer/u_payload_ram/b05/mem_reg_1__7_

  Ref  DFF        Ref:/WORK/CSS_Transmitter_Top/u_framer/u_payload_ram/b05/mem_reg_2__0_
  Impl DFF        Imp:/WORK/CSS_Transmitter_Top/u_framer/u_payload_ram/b05/mem_reg_2__0_

  Ref  DFF        Ref:/WORK/CSS_Transmitter_Top/u_framer/u_payload_ram/b05/mem_reg_2__1_
  Impl DFF        Imp:/WORK/CSS_Transmitter_Top/u_framer/u_payload_ram/b05/mem_reg_2__1_

  Ref  DFF        Ref:/WORK/CSS_Transmitter_Top/u_framer/u_payload_ram/b05/mem_reg_2__2_
  Impl DFF        Imp:/WORK/CSS_Transmitter_Top/u_framer/u_payload_ram/b05/mem_reg_2__2_

  Ref  DFF        Ref:/WORK/CSS_Transmitter_Top/u_framer/u_payload_ram/b05/mem_reg_2__3_
  Impl DFF        Imp:/WORK/CSS_Transmitter_Top/u_framer/u_payload_ram/b05/mem_reg_2__3_

  Ref  DFF        Ref:/WORK/CSS_Transmitter_Top/u_framer/u_payload_ram/b05/mem_reg_2__4_
  Impl DFF        Imp:/WORK/CSS_Transmitter_Top/u_framer/u_payload_ram/b05/mem_reg_2__4_

  Ref  DFF        Ref:/WORK/CSS_Transmitter_Top/u_framer/u_payload_ram/b05/mem_reg_2__5_
  Impl DFF        Imp:/WORK/CSS_Transmitter_Top/u_framer/u_payload_ram/b05/mem_reg_2__5_

  Ref  DFF        Ref:/WORK/CSS_Transmitter_Top/u_framer/u_payload_ram/b05/mem_reg_2__6_
  Impl DFF        Imp:/WORK/CSS_Transmitter_Top/u_framer/u_payload_ram/b05/mem_reg_2__6_

  Ref  DFF        Ref:/WORK/CSS_Transmitter_Top/u_framer/u_payload_ram/b05/mem_reg_2__7_
  Impl DFF        Imp:/WORK/CSS_Transmitter_Top/u_framer/u_payload_ram/b05/mem_reg_2__7_

  Ref  DFF        Ref:/WORK/CSS_Transmitter_Top/u_framer/u_payload_ram/b05/mem_reg_3__0_
  Impl DFF        Imp:/WORK/CSS_Transmitter_Top/u_framer/u_payload_ram/b05/mem_reg_3__0_

  Ref  DFF        Ref:/WORK/CSS_Transmitter_Top/u_framer/u_payload_ram/b05/mem_reg_3__1_
  Impl DFF        Imp:/WORK/CSS_Transmitter_Top/u_framer/u_payload_ram/b05/mem_reg_3__1_

  Ref  DFF        Ref:/WORK/CSS_Transmitter_Top/u_framer/u_payload_ram/b05/mem_reg_3__2_
  Impl DFF        Imp:/WORK/CSS_Transmitter_Top/u_framer/u_payload_ram/b05/mem_reg_3__2_

  Ref  DFF        Ref:/WORK/CSS_Transmitter_Top/u_framer/u_payload_ram/b05/mem_reg_3__3_
  Impl DFF        Imp:/WORK/CSS_Transmitter_Top/u_framer/u_payload_ram/b05/mem_reg_3__3_

  Ref  DFF        Ref:/WORK/CSS_Transmitter_Top/u_framer/u_payload_ram/b05/mem_reg_3__4_
  Impl DFF        Imp:/WORK/CSS_Transmitter_Top/u_framer/u_payload_ram/b05/mem_reg_3__4_

  Ref  DFF        Ref:/WORK/CSS_Transmitter_Top/u_framer/u_payload_ram/b05/mem_reg_3__5_
  Impl DFF        Imp:/WORK/CSS_Transmitter_Top/u_framer/u_payload_ram/b05/mem_reg_3__5_

  Ref  DFF        Ref:/WORK/CSS_Transmitter_Top/u_framer/u_payload_ram/b05/mem_reg_3__6_
  Impl DFF        Imp:/WORK/CSS_Transmitter_Top/u_framer/u_payload_ram/b05/mem_reg_3__6_

  Ref  DFF        Ref:/WORK/CSS_Transmitter_Top/u_framer/u_payload_ram/b05/mem_reg_3__7_
  Impl DFF        Imp:/WORK/CSS_Transmitter_Top/u_framer/u_payload_ram/b05/mem_reg_3__7_

  Ref  DFF        Ref:/WORK/CSS_Transmitter_Top/u_framer/u_payload_ram/b05/mem_reg_4__0_
  Impl DFF        Imp:/WORK/CSS_Transmitter_Top/u_framer/u_payload_ram/b05/mem_reg_4__0_

  Ref  DFF        Ref:/WORK/CSS_Transmitter_Top/u_framer/u_payload_ram/b05/mem_reg_4__1_
  Impl DFF        Imp:/WORK/CSS_Transmitter_Top/u_framer/u_payload_ram/b05/mem_reg_4__1_

  Ref  DFF        Ref:/WORK/CSS_Transmitter_Top/u_framer/u_payload_ram/b05/mem_reg_4__2_
  Impl DFF        Imp:/WORK/CSS_Transmitter_Top/u_framer/u_payload_ram/b05/mem_reg_4__2_

  Ref  DFF        Ref:/WORK/CSS_Transmitter_Top/u_framer/u_payload_ram/b05/mem_reg_4__3_
  Impl DFF        Imp:/WORK/CSS_Transmitter_Top/u_framer/u_payload_ram/b05/mem_reg_4__3_

  Ref  DFF        Ref:/WORK/CSS_Transmitter_Top/u_framer/u_payload_ram/b05/mem_reg_4__4_
  Impl DFF        Imp:/WORK/CSS_Transmitter_Top/u_framer/u_payload_ram/b05/mem_reg_4__4_

  Ref  DFF        Ref:/WORK/CSS_Transmitter_Top/u_framer/u_payload_ram/b05/mem_reg_4__5_
  Impl DFF        Imp:/WORK/CSS_Transmitter_Top/u_framer/u_payload_ram/b05/mem_reg_4__5_

  Ref  DFF        Ref:/WORK/CSS_Transmitter_Top/u_framer/u_payload_ram/b05/mem_reg_4__6_
  Impl DFF        Imp:/WORK/CSS_Transmitter_Top/u_framer/u_payload_ram/b05/mem_reg_4__6_

  Ref  DFF        Ref:/WORK/CSS_Transmitter_Top/u_framer/u_payload_ram/b05/mem_reg_4__7_
  Impl DFF        Imp:/WORK/CSS_Transmitter_Top/u_framer/u_payload_ram/b05/mem_reg_4__7_

  Ref  DFF        Ref:/WORK/CSS_Transmitter_Top/u_framer/u_payload_ram/b05/mem_reg_5__0_
  Impl DFF        Imp:/WORK/CSS_Transmitter_Top/u_framer/u_payload_ram/b05/mem_reg_5__0_

  Ref  DFF        Ref:/WORK/CSS_Transmitter_Top/u_framer/u_payload_ram/b05/mem_reg_5__1_
  Impl DFF        Imp:/WORK/CSS_Transmitter_Top/u_framer/u_payload_ram/b05/mem_reg_5__1_

  Ref  DFF        Ref:/WORK/CSS_Transmitter_Top/u_framer/u_payload_ram/b05/mem_reg_5__2_
  Impl DFF        Imp:/WORK/CSS_Transmitter_Top/u_framer/u_payload_ram/b05/mem_reg_5__2_

  Ref  DFF        Ref:/WORK/CSS_Transmitter_Top/u_framer/u_payload_ram/b05/mem_reg_5__3_
  Impl DFF        Imp:/WORK/CSS_Transmitter_Top/u_framer/u_payload_ram/b05/mem_reg_5__3_

  Ref  DFF        Ref:/WORK/CSS_Transmitter_Top/u_framer/u_payload_ram/b05/mem_reg_5__4_
  Impl DFF        Imp:/WORK/CSS_Transmitter_Top/u_framer/u_payload_ram/b05/mem_reg_5__4_

  Ref  DFF        Ref:/WORK/CSS_Transmitter_Top/u_framer/u_payload_ram/b05/mem_reg_5__5_
  Impl DFF        Imp:/WORK/CSS_Transmitter_Top/u_framer/u_payload_ram/b05/mem_reg_5__5_

  Ref  DFF        Ref:/WORK/CSS_Transmitter_Top/u_framer/u_payload_ram/b05/mem_reg_5__6_
  Impl DFF        Imp:/WORK/CSS_Transmitter_Top/u_framer/u_payload_ram/b05/mem_reg_5__6_

  Ref  DFF        Ref:/WORK/CSS_Transmitter_Top/u_framer/u_payload_ram/b05/mem_reg_5__7_
  Impl DFF        Imp:/WORK/CSS_Transmitter_Top/u_framer/u_payload_ram/b05/mem_reg_5__7_

  Ref  DFF        Ref:/WORK/CSS_Transmitter_Top/u_framer/u_payload_ram/b05/mem_reg_6__0_
  Impl DFF        Imp:/WORK/CSS_Transmitter_Top/u_framer/u_payload_ram/b05/mem_reg_6__0_

  Ref  DFF        Ref:/WORK/CSS_Transmitter_Top/u_framer/u_payload_ram/b05/mem_reg_6__1_
  Impl DFF        Imp:/WORK/CSS_Transmitter_Top/u_framer/u_payload_ram/b05/mem_reg_6__1_

  Ref  DFF        Ref:/WORK/CSS_Transmitter_Top/u_framer/u_payload_ram/b05/mem_reg_6__2_
  Impl DFF        Imp:/WORK/CSS_Transmitter_Top/u_framer/u_payload_ram/b05/mem_reg_6__2_

  Ref  DFF        Ref:/WORK/CSS_Transmitter_Top/u_framer/u_payload_ram/b05/mem_reg_6__3_
  Impl DFF        Imp:/WORK/CSS_Transmitter_Top/u_framer/u_payload_ram/b05/mem_reg_6__3_

  Ref  DFF        Ref:/WORK/CSS_Transmitter_Top/u_framer/u_payload_ram/b05/mem_reg_6__4_
  Impl DFF        Imp:/WORK/CSS_Transmitter_Top/u_framer/u_payload_ram/b05/mem_reg_6__4_

  Ref  DFF        Ref:/WORK/CSS_Transmitter_Top/u_framer/u_payload_ram/b05/mem_reg_6__5_
  Impl DFF        Imp:/WORK/CSS_Transmitter_Top/u_framer/u_payload_ram/b05/mem_reg_6__5_

  Ref  DFF        Ref:/WORK/CSS_Transmitter_Top/u_framer/u_payload_ram/b05/mem_reg_6__6_
  Impl DFF        Imp:/WORK/CSS_Transmitter_Top/u_framer/u_payload_ram/b05/mem_reg_6__6_

  Ref  DFF        Ref:/WORK/CSS_Transmitter_Top/u_framer/u_payload_ram/b05/mem_reg_6__7_
  Impl DFF        Imp:/WORK/CSS_Transmitter_Top/u_framer/u_payload_ram/b05/mem_reg_6__7_

  Ref  DFF        Ref:/WORK/CSS_Transmitter_Top/u_framer/u_payload_ram/b05/mem_reg_7__0_
  Impl DFF        Imp:/WORK/CSS_Transmitter_Top/u_framer/u_payload_ram/b05/mem_reg_7__0_

  Ref  DFF        Ref:/WORK/CSS_Transmitter_Top/u_framer/u_payload_ram/b05/mem_reg_7__1_
  Impl DFF        Imp:/WORK/CSS_Transmitter_Top/u_framer/u_payload_ram/b05/mem_reg_7__1_

  Ref  DFF        Ref:/WORK/CSS_Transmitter_Top/u_framer/u_payload_ram/b05/mem_reg_7__2_
  Impl DFF        Imp:/WORK/CSS_Transmitter_Top/u_framer/u_payload_ram/b05/mem_reg_7__2_

  Ref  DFF        Ref:/WORK/CSS_Transmitter_Top/u_framer/u_payload_ram/b05/mem_reg_7__3_
  Impl DFF        Imp:/WORK/CSS_Transmitter_Top/u_framer/u_payload_ram/b05/mem_reg_7__3_

  Ref  DFF        Ref:/WORK/CSS_Transmitter_Top/u_framer/u_payload_ram/b05/mem_reg_7__4_
  Impl DFF        Imp:/WORK/CSS_Transmitter_Top/u_framer/u_payload_ram/b05/mem_reg_7__4_

  Ref  DFF        Ref:/WORK/CSS_Transmitter_Top/u_framer/u_payload_ram/b05/mem_reg_7__5_
  Impl DFF        Imp:/WORK/CSS_Transmitter_Top/u_framer/u_payload_ram/b05/mem_reg_7__5_

  Ref  DFF        Ref:/WORK/CSS_Transmitter_Top/u_framer/u_payload_ram/b05/mem_reg_7__6_
  Impl DFF        Imp:/WORK/CSS_Transmitter_Top/u_framer/u_payload_ram/b05/mem_reg_7__6_

  Ref  DFF        Ref:/WORK/CSS_Transmitter_Top/u_framer/u_payload_ram/b05/mem_reg_7__7_
  Impl DFF        Imp:/WORK/CSS_Transmitter_Top/u_framer/u_payload_ram/b05/mem_reg_7__7_

  Ref  DFF        Ref:/WORK/CSS_Transmitter_Top/u_framer/u_payload_ram/b06/mem_reg_0__0_
  Impl DFF        Imp:/WORK/CSS_Transmitter_Top/u_framer/u_payload_ram/b06/mem_reg_0__0_

  Ref  DFF        Ref:/WORK/CSS_Transmitter_Top/u_framer/u_payload_ram/b06/mem_reg_0__1_
  Impl DFF        Imp:/WORK/CSS_Transmitter_Top/u_framer/u_payload_ram/b06/mem_reg_0__1_

  Ref  DFF        Ref:/WORK/CSS_Transmitter_Top/u_framer/u_payload_ram/b06/mem_reg_0__2_
  Impl DFF        Imp:/WORK/CSS_Transmitter_Top/u_framer/u_payload_ram/b06/mem_reg_0__2_

  Ref  DFF        Ref:/WORK/CSS_Transmitter_Top/u_framer/u_payload_ram/b06/mem_reg_0__3_
  Impl DFF        Imp:/WORK/CSS_Transmitter_Top/u_framer/u_payload_ram/b06/mem_reg_0__3_

  Ref  DFF        Ref:/WORK/CSS_Transmitter_Top/u_framer/u_payload_ram/b06/mem_reg_0__4_
  Impl DFF        Imp:/WORK/CSS_Transmitter_Top/u_framer/u_payload_ram/b06/mem_reg_0__4_

  Ref  DFF        Ref:/WORK/CSS_Transmitter_Top/u_framer/u_payload_ram/b06/mem_reg_0__5_
  Impl DFF        Imp:/WORK/CSS_Transmitter_Top/u_framer/u_payload_ram/b06/mem_reg_0__5_

  Ref  DFF        Ref:/WORK/CSS_Transmitter_Top/u_framer/u_payload_ram/b06/mem_reg_0__6_
  Impl DFF        Imp:/WORK/CSS_Transmitter_Top/u_framer/u_payload_ram/b06/mem_reg_0__6_

  Ref  DFF        Ref:/WORK/CSS_Transmitter_Top/u_framer/u_payload_ram/b06/mem_reg_0__7_
  Impl DFF        Imp:/WORK/CSS_Transmitter_Top/u_framer/u_payload_ram/b06/mem_reg_0__7_

  Ref  DFF        Ref:/WORK/CSS_Transmitter_Top/u_framer/u_payload_ram/b06/mem_reg_1__0_
  Impl DFF        Imp:/WORK/CSS_Transmitter_Top/u_framer/u_payload_ram/b06/mem_reg_1__0_

  Ref  DFF        Ref:/WORK/CSS_Transmitter_Top/u_framer/u_payload_ram/b06/mem_reg_1__1_
  Impl DFF        Imp:/WORK/CSS_Transmitter_Top/u_framer/u_payload_ram/b06/mem_reg_1__1_

  Ref  DFF        Ref:/WORK/CSS_Transmitter_Top/u_framer/u_payload_ram/b06/mem_reg_1__2_
  Impl DFF        Imp:/WORK/CSS_Transmitter_Top/u_framer/u_payload_ram/b06/mem_reg_1__2_

  Ref  DFF        Ref:/WORK/CSS_Transmitter_Top/u_framer/u_payload_ram/b06/mem_reg_1__3_
  Impl DFF        Imp:/WORK/CSS_Transmitter_Top/u_framer/u_payload_ram/b06/mem_reg_1__3_

  Ref  DFF        Ref:/WORK/CSS_Transmitter_Top/u_framer/u_payload_ram/b06/mem_reg_1__4_
  Impl DFF        Imp:/WORK/CSS_Transmitter_Top/u_framer/u_payload_ram/b06/mem_reg_1__4_

  Ref  DFF        Ref:/WORK/CSS_Transmitter_Top/u_framer/u_payload_ram/b06/mem_reg_1__5_
  Impl DFF        Imp:/WORK/CSS_Transmitter_Top/u_framer/u_payload_ram/b06/mem_reg_1__5_

  Ref  DFF        Ref:/WORK/CSS_Transmitter_Top/u_framer/u_payload_ram/b06/mem_reg_1__6_
  Impl DFF        Imp:/WORK/CSS_Transmitter_Top/u_framer/u_payload_ram/b06/mem_reg_1__6_

  Ref  DFF        Ref:/WORK/CSS_Transmitter_Top/u_framer/u_payload_ram/b06/mem_reg_1__7_
  Impl DFF        Imp:/WORK/CSS_Transmitter_Top/u_framer/u_payload_ram/b06/mem_reg_1__7_

  Ref  DFF        Ref:/WORK/CSS_Transmitter_Top/u_framer/u_payload_ram/b06/mem_reg_2__0_
  Impl DFF        Imp:/WORK/CSS_Transmitter_Top/u_framer/u_payload_ram/b06/mem_reg_2__0_

  Ref  DFF        Ref:/WORK/CSS_Transmitter_Top/u_framer/u_payload_ram/b06/mem_reg_2__1_
  Impl DFF        Imp:/WORK/CSS_Transmitter_Top/u_framer/u_payload_ram/b06/mem_reg_2__1_

  Ref  DFF        Ref:/WORK/CSS_Transmitter_Top/u_framer/u_payload_ram/b06/mem_reg_2__2_
  Impl DFF        Imp:/WORK/CSS_Transmitter_Top/u_framer/u_payload_ram/b06/mem_reg_2__2_

  Ref  DFF        Ref:/WORK/CSS_Transmitter_Top/u_framer/u_payload_ram/b06/mem_reg_2__3_
  Impl DFF        Imp:/WORK/CSS_Transmitter_Top/u_framer/u_payload_ram/b06/mem_reg_2__3_

  Ref  DFF        Ref:/WORK/CSS_Transmitter_Top/u_framer/u_payload_ram/b06/mem_reg_2__4_
  Impl DFF        Imp:/WORK/CSS_Transmitter_Top/u_framer/u_payload_ram/b06/mem_reg_2__4_

  Ref  DFF        Ref:/WORK/CSS_Transmitter_Top/u_framer/u_payload_ram/b06/mem_reg_2__5_
  Impl DFF        Imp:/WORK/CSS_Transmitter_Top/u_framer/u_payload_ram/b06/mem_reg_2__5_

  Ref  DFF        Ref:/WORK/CSS_Transmitter_Top/u_framer/u_payload_ram/b06/mem_reg_2__6_
  Impl DFF        Imp:/WORK/CSS_Transmitter_Top/u_framer/u_payload_ram/b06/mem_reg_2__6_

  Ref  DFF        Ref:/WORK/CSS_Transmitter_Top/u_framer/u_payload_ram/b06/mem_reg_2__7_
  Impl DFF        Imp:/WORK/CSS_Transmitter_Top/u_framer/u_payload_ram/b06/mem_reg_2__7_

  Ref  DFF        Ref:/WORK/CSS_Transmitter_Top/u_framer/u_payload_ram/b06/mem_reg_3__0_
  Impl DFF        Imp:/WORK/CSS_Transmitter_Top/u_framer/u_payload_ram/b06/mem_reg_3__0_

  Ref  DFF        Ref:/WORK/CSS_Transmitter_Top/u_framer/u_payload_ram/b06/mem_reg_3__1_
  Impl DFF        Imp:/WORK/CSS_Transmitter_Top/u_framer/u_payload_ram/b06/mem_reg_3__1_

  Ref  DFF        Ref:/WORK/CSS_Transmitter_Top/u_framer/u_payload_ram/b06/mem_reg_3__2_
  Impl DFF        Imp:/WORK/CSS_Transmitter_Top/u_framer/u_payload_ram/b06/mem_reg_3__2_

  Ref  DFF        Ref:/WORK/CSS_Transmitter_Top/u_framer/u_payload_ram/b06/mem_reg_3__3_
  Impl DFF        Imp:/WORK/CSS_Transmitter_Top/u_framer/u_payload_ram/b06/mem_reg_3__3_

  Ref  DFF        Ref:/WORK/CSS_Transmitter_Top/u_framer/u_payload_ram/b06/mem_reg_3__4_
  Impl DFF        Imp:/WORK/CSS_Transmitter_Top/u_framer/u_payload_ram/b06/mem_reg_3__4_

  Ref  DFF        Ref:/WORK/CSS_Transmitter_Top/u_framer/u_payload_ram/b06/mem_reg_3__5_
  Impl DFF        Imp:/WORK/CSS_Transmitter_Top/u_framer/u_payload_ram/b06/mem_reg_3__5_

  Ref  DFF        Ref:/WORK/CSS_Transmitter_Top/u_framer/u_payload_ram/b06/mem_reg_3__6_
  Impl DFF        Imp:/WORK/CSS_Transmitter_Top/u_framer/u_payload_ram/b06/mem_reg_3__6_

  Ref  DFF        Ref:/WORK/CSS_Transmitter_Top/u_framer/u_payload_ram/b06/mem_reg_3__7_
  Impl DFF        Imp:/WORK/CSS_Transmitter_Top/u_framer/u_payload_ram/b06/mem_reg_3__7_

  Ref  DFF        Ref:/WORK/CSS_Transmitter_Top/u_framer/u_payload_ram/b06/mem_reg_4__0_
  Impl DFF        Imp:/WORK/CSS_Transmitter_Top/u_framer/u_payload_ram/b06/mem_reg_4__0_

  Ref  DFF        Ref:/WORK/CSS_Transmitter_Top/u_framer/u_payload_ram/b06/mem_reg_4__1_
  Impl DFF        Imp:/WORK/CSS_Transmitter_Top/u_framer/u_payload_ram/b06/mem_reg_4__1_

  Ref  DFF        Ref:/WORK/CSS_Transmitter_Top/u_framer/u_payload_ram/b06/mem_reg_4__2_
  Impl DFF        Imp:/WORK/CSS_Transmitter_Top/u_framer/u_payload_ram/b06/mem_reg_4__2_

  Ref  DFF        Ref:/WORK/CSS_Transmitter_Top/u_framer/u_payload_ram/b06/mem_reg_4__3_
  Impl DFF        Imp:/WORK/CSS_Transmitter_Top/u_framer/u_payload_ram/b06/mem_reg_4__3_

  Ref  DFF        Ref:/WORK/CSS_Transmitter_Top/u_framer/u_payload_ram/b06/mem_reg_4__4_
  Impl DFF        Imp:/WORK/CSS_Transmitter_Top/u_framer/u_payload_ram/b06/mem_reg_4__4_

  Ref  DFF        Ref:/WORK/CSS_Transmitter_Top/u_framer/u_payload_ram/b06/mem_reg_4__5_
  Impl DFF        Imp:/WORK/CSS_Transmitter_Top/u_framer/u_payload_ram/b06/mem_reg_4__5_

  Ref  DFF        Ref:/WORK/CSS_Transmitter_Top/u_framer/u_payload_ram/b06/mem_reg_4__6_
  Impl DFF        Imp:/WORK/CSS_Transmitter_Top/u_framer/u_payload_ram/b06/mem_reg_4__6_

  Ref  DFF        Ref:/WORK/CSS_Transmitter_Top/u_framer/u_payload_ram/b06/mem_reg_4__7_
  Impl DFF        Imp:/WORK/CSS_Transmitter_Top/u_framer/u_payload_ram/b06/mem_reg_4__7_

  Ref  DFF        Ref:/WORK/CSS_Transmitter_Top/u_framer/u_payload_ram/b06/mem_reg_5__0_
  Impl DFF        Imp:/WORK/CSS_Transmitter_Top/u_framer/u_payload_ram/b06/mem_reg_5__0_

  Ref  DFF        Ref:/WORK/CSS_Transmitter_Top/u_framer/u_payload_ram/b06/mem_reg_5__1_
  Impl DFF        Imp:/WORK/CSS_Transmitter_Top/u_framer/u_payload_ram/b06/mem_reg_5__1_

  Ref  DFF        Ref:/WORK/CSS_Transmitter_Top/u_framer/u_payload_ram/b06/mem_reg_5__2_
  Impl DFF        Imp:/WORK/CSS_Transmitter_Top/u_framer/u_payload_ram/b06/mem_reg_5__2_

  Ref  DFF        Ref:/WORK/CSS_Transmitter_Top/u_framer/u_payload_ram/b06/mem_reg_5__3_
  Impl DFF        Imp:/WORK/CSS_Transmitter_Top/u_framer/u_payload_ram/b06/mem_reg_5__3_

  Ref  DFF        Ref:/WORK/CSS_Transmitter_Top/u_framer/u_payload_ram/b06/mem_reg_5__4_
  Impl DFF        Imp:/WORK/CSS_Transmitter_Top/u_framer/u_payload_ram/b06/mem_reg_5__4_

  Ref  DFF        Ref:/WORK/CSS_Transmitter_Top/u_framer/u_payload_ram/b06/mem_reg_5__5_
  Impl DFF        Imp:/WORK/CSS_Transmitter_Top/u_framer/u_payload_ram/b06/mem_reg_5__5_

  Ref  DFF        Ref:/WORK/CSS_Transmitter_Top/u_framer/u_payload_ram/b06/mem_reg_5__6_
  Impl DFF        Imp:/WORK/CSS_Transmitter_Top/u_framer/u_payload_ram/b06/mem_reg_5__6_

  Ref  DFF        Ref:/WORK/CSS_Transmitter_Top/u_framer/u_payload_ram/b06/mem_reg_5__7_
  Impl DFF        Imp:/WORK/CSS_Transmitter_Top/u_framer/u_payload_ram/b06/mem_reg_5__7_

  Ref  DFF        Ref:/WORK/CSS_Transmitter_Top/u_framer/u_payload_ram/b06/mem_reg_6__0_
  Impl DFF        Imp:/WORK/CSS_Transmitter_Top/u_framer/u_payload_ram/b06/mem_reg_6__0_

  Ref  DFF        Ref:/WORK/CSS_Transmitter_Top/u_framer/u_payload_ram/b06/mem_reg_6__1_
  Impl DFF        Imp:/WORK/CSS_Transmitter_Top/u_framer/u_payload_ram/b06/mem_reg_6__1_

  Ref  DFF        Ref:/WORK/CSS_Transmitter_Top/u_framer/u_payload_ram/b06/mem_reg_6__2_
  Impl DFF        Imp:/WORK/CSS_Transmitter_Top/u_framer/u_payload_ram/b06/mem_reg_6__2_

  Ref  DFF        Ref:/WORK/CSS_Transmitter_Top/u_framer/u_payload_ram/b06/mem_reg_6__3_
  Impl DFF        Imp:/WORK/CSS_Transmitter_Top/u_framer/u_payload_ram/b06/mem_reg_6__3_

  Ref  DFF        Ref:/WORK/CSS_Transmitter_Top/u_framer/u_payload_ram/b06/mem_reg_6__4_
  Impl DFF        Imp:/WORK/CSS_Transmitter_Top/u_framer/u_payload_ram/b06/mem_reg_6__4_

  Ref  DFF        Ref:/WORK/CSS_Transmitter_Top/u_framer/u_payload_ram/b06/mem_reg_6__5_
  Impl DFF        Imp:/WORK/CSS_Transmitter_Top/u_framer/u_payload_ram/b06/mem_reg_6__5_

  Ref  DFF        Ref:/WORK/CSS_Transmitter_Top/u_framer/u_payload_ram/b06/mem_reg_6__6_
  Impl DFF        Imp:/WORK/CSS_Transmitter_Top/u_framer/u_payload_ram/b06/mem_reg_6__6_

  Ref  DFF        Ref:/WORK/CSS_Transmitter_Top/u_framer/u_payload_ram/b06/mem_reg_6__7_
  Impl DFF        Imp:/WORK/CSS_Transmitter_Top/u_framer/u_payload_ram/b06/mem_reg_6__7_

  Ref  DFF        Ref:/WORK/CSS_Transmitter_Top/u_framer/u_payload_ram/b06/mem_reg_7__0_
  Impl DFF        Imp:/WORK/CSS_Transmitter_Top/u_framer/u_payload_ram/b06/mem_reg_7__0_

  Ref  DFF        Ref:/WORK/CSS_Transmitter_Top/u_framer/u_payload_ram/b06/mem_reg_7__1_
  Impl DFF        Imp:/WORK/CSS_Transmitter_Top/u_framer/u_payload_ram/b06/mem_reg_7__1_

  Ref  DFF        Ref:/WORK/CSS_Transmitter_Top/u_framer/u_payload_ram/b06/mem_reg_7__2_
  Impl DFF        Imp:/WORK/CSS_Transmitter_Top/u_framer/u_payload_ram/b06/mem_reg_7__2_

  Ref  DFF        Ref:/WORK/CSS_Transmitter_Top/u_framer/u_payload_ram/b06/mem_reg_7__3_
  Impl DFF        Imp:/WORK/CSS_Transmitter_Top/u_framer/u_payload_ram/b06/mem_reg_7__3_

  Ref  DFF        Ref:/WORK/CSS_Transmitter_Top/u_framer/u_payload_ram/b06/mem_reg_7__4_
  Impl DFF        Imp:/WORK/CSS_Transmitter_Top/u_framer/u_payload_ram/b06/mem_reg_7__4_

  Ref  DFF        Ref:/WORK/CSS_Transmitter_Top/u_framer/u_payload_ram/b06/mem_reg_7__5_
  Impl DFF        Imp:/WORK/CSS_Transmitter_Top/u_framer/u_payload_ram/b06/mem_reg_7__5_

  Ref  DFF        Ref:/WORK/CSS_Transmitter_Top/u_framer/u_payload_ram/b06/mem_reg_7__6_
  Impl DFF        Imp:/WORK/CSS_Transmitter_Top/u_framer/u_payload_ram/b06/mem_reg_7__6_

  Ref  DFF        Ref:/WORK/CSS_Transmitter_Top/u_framer/u_payload_ram/b06/mem_reg_7__7_
  Impl DFF        Imp:/WORK/CSS_Transmitter_Top/u_framer/u_payload_ram/b06/mem_reg_7__7_

  Ref  DFF        Ref:/WORK/CSS_Transmitter_Top/u_framer/u_payload_ram/b07/mem_reg_0__0_
  Impl DFF        Imp:/WORK/CSS_Transmitter_Top/u_framer/u_payload_ram/b07/mem_reg_0__0_

  Ref  DFF        Ref:/WORK/CSS_Transmitter_Top/u_framer/u_payload_ram/b07/mem_reg_0__1_
  Impl DFF        Imp:/WORK/CSS_Transmitter_Top/u_framer/u_payload_ram/b07/mem_reg_0__1_

  Ref  DFF        Ref:/WORK/CSS_Transmitter_Top/u_framer/u_payload_ram/b07/mem_reg_0__2_
  Impl DFF        Imp:/WORK/CSS_Transmitter_Top/u_framer/u_payload_ram/b07/mem_reg_0__2_

  Ref  DFF        Ref:/WORK/CSS_Transmitter_Top/u_framer/u_payload_ram/b07/mem_reg_0__3_
  Impl DFF        Imp:/WORK/CSS_Transmitter_Top/u_framer/u_payload_ram/b07/mem_reg_0__3_

  Ref  DFF        Ref:/WORK/CSS_Transmitter_Top/u_framer/u_payload_ram/b07/mem_reg_0__4_
  Impl DFF        Imp:/WORK/CSS_Transmitter_Top/u_framer/u_payload_ram/b07/mem_reg_0__4_

  Ref  DFF        Ref:/WORK/CSS_Transmitter_Top/u_framer/u_payload_ram/b07/mem_reg_0__5_
  Impl DFF        Imp:/WORK/CSS_Transmitter_Top/u_framer/u_payload_ram/b07/mem_reg_0__5_

  Ref  DFF        Ref:/WORK/CSS_Transmitter_Top/u_framer/u_payload_ram/b07/mem_reg_0__6_
  Impl DFF        Imp:/WORK/CSS_Transmitter_Top/u_framer/u_payload_ram/b07/mem_reg_0__6_

  Ref  DFF        Ref:/WORK/CSS_Transmitter_Top/u_framer/u_payload_ram/b07/mem_reg_0__7_
  Impl DFF        Imp:/WORK/CSS_Transmitter_Top/u_framer/u_payload_ram/b07/mem_reg_0__7_

  Ref  DFF        Ref:/WORK/CSS_Transmitter_Top/u_framer/u_payload_ram/b07/mem_reg_1__0_
  Impl DFF        Imp:/WORK/CSS_Transmitter_Top/u_framer/u_payload_ram/b07/mem_reg_1__0_

  Ref  DFF        Ref:/WORK/CSS_Transmitter_Top/u_framer/u_payload_ram/b07/mem_reg_1__1_
  Impl DFF        Imp:/WORK/CSS_Transmitter_Top/u_framer/u_payload_ram/b07/mem_reg_1__1_

  Ref  DFF        Ref:/WORK/CSS_Transmitter_Top/u_framer/u_payload_ram/b07/mem_reg_1__2_
  Impl DFF        Imp:/WORK/CSS_Transmitter_Top/u_framer/u_payload_ram/b07/mem_reg_1__2_

  Ref  DFF        Ref:/WORK/CSS_Transmitter_Top/u_framer/u_payload_ram/b07/mem_reg_1__3_
  Impl DFF        Imp:/WORK/CSS_Transmitter_Top/u_framer/u_payload_ram/b07/mem_reg_1__3_

  Ref  DFF        Ref:/WORK/CSS_Transmitter_Top/u_framer/u_payload_ram/b07/mem_reg_1__4_
  Impl DFF        Imp:/WORK/CSS_Transmitter_Top/u_framer/u_payload_ram/b07/mem_reg_1__4_

  Ref  DFF        Ref:/WORK/CSS_Transmitter_Top/u_framer/u_payload_ram/b07/mem_reg_1__5_
  Impl DFF        Imp:/WORK/CSS_Transmitter_Top/u_framer/u_payload_ram/b07/mem_reg_1__5_

  Ref  DFF        Ref:/WORK/CSS_Transmitter_Top/u_framer/u_payload_ram/b07/mem_reg_1__6_
  Impl DFF        Imp:/WORK/CSS_Transmitter_Top/u_framer/u_payload_ram/b07/mem_reg_1__6_

  Ref  DFF        Ref:/WORK/CSS_Transmitter_Top/u_framer/u_payload_ram/b07/mem_reg_1__7_
  Impl DFF        Imp:/WORK/CSS_Transmitter_Top/u_framer/u_payload_ram/b07/mem_reg_1__7_

  Ref  DFF        Ref:/WORK/CSS_Transmitter_Top/u_framer/u_payload_ram/b07/mem_reg_2__0_
  Impl DFF        Imp:/WORK/CSS_Transmitter_Top/u_framer/u_payload_ram/b07/mem_reg_2__0_

  Ref  DFF        Ref:/WORK/CSS_Transmitter_Top/u_framer/u_payload_ram/b07/mem_reg_2__1_
  Impl DFF        Imp:/WORK/CSS_Transmitter_Top/u_framer/u_payload_ram/b07/mem_reg_2__1_

  Ref  DFF        Ref:/WORK/CSS_Transmitter_Top/u_framer/u_payload_ram/b07/mem_reg_2__2_
  Impl DFF        Imp:/WORK/CSS_Transmitter_Top/u_framer/u_payload_ram/b07/mem_reg_2__2_

  Ref  DFF        Ref:/WORK/CSS_Transmitter_Top/u_framer/u_payload_ram/b07/mem_reg_2__3_
  Impl DFF        Imp:/WORK/CSS_Transmitter_Top/u_framer/u_payload_ram/b07/mem_reg_2__3_

  Ref  DFF        Ref:/WORK/CSS_Transmitter_Top/u_framer/u_payload_ram/b07/mem_reg_2__4_
  Impl DFF        Imp:/WORK/CSS_Transmitter_Top/u_framer/u_payload_ram/b07/mem_reg_2__4_

  Ref  DFF        Ref:/WORK/CSS_Transmitter_Top/u_framer/u_payload_ram/b07/mem_reg_2__5_
  Impl DFF        Imp:/WORK/CSS_Transmitter_Top/u_framer/u_payload_ram/b07/mem_reg_2__5_

  Ref  DFF        Ref:/WORK/CSS_Transmitter_Top/u_framer/u_payload_ram/b07/mem_reg_2__6_
  Impl DFF        Imp:/WORK/CSS_Transmitter_Top/u_framer/u_payload_ram/b07/mem_reg_2__6_

  Ref  DFF        Ref:/WORK/CSS_Transmitter_Top/u_framer/u_payload_ram/b07/mem_reg_2__7_
  Impl DFF        Imp:/WORK/CSS_Transmitter_Top/u_framer/u_payload_ram/b07/mem_reg_2__7_

  Ref  DFF        Ref:/WORK/CSS_Transmitter_Top/u_framer/u_payload_ram/b07/mem_reg_3__0_
  Impl DFF        Imp:/WORK/CSS_Transmitter_Top/u_framer/u_payload_ram/b07/mem_reg_3__0_

  Ref  DFF        Ref:/WORK/CSS_Transmitter_Top/u_framer/u_payload_ram/b07/mem_reg_3__1_
  Impl DFF        Imp:/WORK/CSS_Transmitter_Top/u_framer/u_payload_ram/b07/mem_reg_3__1_

  Ref  DFF        Ref:/WORK/CSS_Transmitter_Top/u_framer/u_payload_ram/b07/mem_reg_3__2_
  Impl DFF        Imp:/WORK/CSS_Transmitter_Top/u_framer/u_payload_ram/b07/mem_reg_3__2_

  Ref  DFF        Ref:/WORK/CSS_Transmitter_Top/u_framer/u_payload_ram/b07/mem_reg_3__3_
  Impl DFF        Imp:/WORK/CSS_Transmitter_Top/u_framer/u_payload_ram/b07/mem_reg_3__3_

  Ref  DFF        Ref:/WORK/CSS_Transmitter_Top/u_framer/u_payload_ram/b07/mem_reg_3__4_
  Impl DFF        Imp:/WORK/CSS_Transmitter_Top/u_framer/u_payload_ram/b07/mem_reg_3__4_

  Ref  DFF        Ref:/WORK/CSS_Transmitter_Top/u_framer/u_payload_ram/b07/mem_reg_3__5_
  Impl DFF        Imp:/WORK/CSS_Transmitter_Top/u_framer/u_payload_ram/b07/mem_reg_3__5_

  Ref  DFF        Ref:/WORK/CSS_Transmitter_Top/u_framer/u_payload_ram/b07/mem_reg_3__6_
  Impl DFF        Imp:/WORK/CSS_Transmitter_Top/u_framer/u_payload_ram/b07/mem_reg_3__6_

  Ref  DFF        Ref:/WORK/CSS_Transmitter_Top/u_framer/u_payload_ram/b07/mem_reg_3__7_
  Impl DFF        Imp:/WORK/CSS_Transmitter_Top/u_framer/u_payload_ram/b07/mem_reg_3__7_

  Ref  DFF        Ref:/WORK/CSS_Transmitter_Top/u_framer/u_payload_ram/b07/mem_reg_4__0_
  Impl DFF        Imp:/WORK/CSS_Transmitter_Top/u_framer/u_payload_ram/b07/mem_reg_4__0_

  Ref  DFF        Ref:/WORK/CSS_Transmitter_Top/u_framer/u_payload_ram/b07/mem_reg_4__1_
  Impl DFF        Imp:/WORK/CSS_Transmitter_Top/u_framer/u_payload_ram/b07/mem_reg_4__1_

  Ref  DFF        Ref:/WORK/CSS_Transmitter_Top/u_framer/u_payload_ram/b07/mem_reg_4__2_
  Impl DFF        Imp:/WORK/CSS_Transmitter_Top/u_framer/u_payload_ram/b07/mem_reg_4__2_

  Ref  DFF        Ref:/WORK/CSS_Transmitter_Top/u_framer/u_payload_ram/b07/mem_reg_4__3_
  Impl DFF        Imp:/WORK/CSS_Transmitter_Top/u_framer/u_payload_ram/b07/mem_reg_4__3_

  Ref  DFF        Ref:/WORK/CSS_Transmitter_Top/u_framer/u_payload_ram/b07/mem_reg_4__4_
  Impl DFF        Imp:/WORK/CSS_Transmitter_Top/u_framer/u_payload_ram/b07/mem_reg_4__4_

  Ref  DFF        Ref:/WORK/CSS_Transmitter_Top/u_framer/u_payload_ram/b07/mem_reg_4__5_
  Impl DFF        Imp:/WORK/CSS_Transmitter_Top/u_framer/u_payload_ram/b07/mem_reg_4__5_

  Ref  DFF        Ref:/WORK/CSS_Transmitter_Top/u_framer/u_payload_ram/b07/mem_reg_4__6_
  Impl DFF        Imp:/WORK/CSS_Transmitter_Top/u_framer/u_payload_ram/b07/mem_reg_4__6_

  Ref  DFF        Ref:/WORK/CSS_Transmitter_Top/u_framer/u_payload_ram/b07/mem_reg_4__7_
  Impl DFF        Imp:/WORK/CSS_Transmitter_Top/u_framer/u_payload_ram/b07/mem_reg_4__7_

  Ref  DFF        Ref:/WORK/CSS_Transmitter_Top/u_framer/u_payload_ram/b07/mem_reg_5__0_
  Impl DFF        Imp:/WORK/CSS_Transmitter_Top/u_framer/u_payload_ram/b07/mem_reg_5__0_

  Ref  DFF        Ref:/WORK/CSS_Transmitter_Top/u_framer/u_payload_ram/b07/mem_reg_5__1_
  Impl DFF        Imp:/WORK/CSS_Transmitter_Top/u_framer/u_payload_ram/b07/mem_reg_5__1_

  Ref  DFF        Ref:/WORK/CSS_Transmitter_Top/u_framer/u_payload_ram/b07/mem_reg_5__2_
  Impl DFF        Imp:/WORK/CSS_Transmitter_Top/u_framer/u_payload_ram/b07/mem_reg_5__2_

  Ref  DFF        Ref:/WORK/CSS_Transmitter_Top/u_framer/u_payload_ram/b07/mem_reg_5__3_
  Impl DFF        Imp:/WORK/CSS_Transmitter_Top/u_framer/u_payload_ram/b07/mem_reg_5__3_

  Ref  DFF        Ref:/WORK/CSS_Transmitter_Top/u_framer/u_payload_ram/b07/mem_reg_5__4_
  Impl DFF        Imp:/WORK/CSS_Transmitter_Top/u_framer/u_payload_ram/b07/mem_reg_5__4_

  Ref  DFF        Ref:/WORK/CSS_Transmitter_Top/u_framer/u_payload_ram/b07/mem_reg_5__5_
  Impl DFF        Imp:/WORK/CSS_Transmitter_Top/u_framer/u_payload_ram/b07/mem_reg_5__5_

  Ref  DFF        Ref:/WORK/CSS_Transmitter_Top/u_framer/u_payload_ram/b07/mem_reg_5__6_
  Impl DFF        Imp:/WORK/CSS_Transmitter_Top/u_framer/u_payload_ram/b07/mem_reg_5__6_

  Ref  DFF        Ref:/WORK/CSS_Transmitter_Top/u_framer/u_payload_ram/b07/mem_reg_5__7_
  Impl DFF        Imp:/WORK/CSS_Transmitter_Top/u_framer/u_payload_ram/b07/mem_reg_5__7_

  Ref  DFF        Ref:/WORK/CSS_Transmitter_Top/u_framer/u_payload_ram/b07/mem_reg_6__0_
  Impl DFF        Imp:/WORK/CSS_Transmitter_Top/u_framer/u_payload_ram/b07/mem_reg_6__0_

  Ref  DFF        Ref:/WORK/CSS_Transmitter_Top/u_framer/u_payload_ram/b07/mem_reg_6__1_
  Impl DFF        Imp:/WORK/CSS_Transmitter_Top/u_framer/u_payload_ram/b07/mem_reg_6__1_

  Ref  DFF        Ref:/WORK/CSS_Transmitter_Top/u_framer/u_payload_ram/b07/mem_reg_6__2_
  Impl DFF        Imp:/WORK/CSS_Transmitter_Top/u_framer/u_payload_ram/b07/mem_reg_6__2_

  Ref  DFF        Ref:/WORK/CSS_Transmitter_Top/u_framer/u_payload_ram/b07/mem_reg_6__3_
  Impl DFF        Imp:/WORK/CSS_Transmitter_Top/u_framer/u_payload_ram/b07/mem_reg_6__3_

  Ref  DFF        Ref:/WORK/CSS_Transmitter_Top/u_framer/u_payload_ram/b07/mem_reg_6__4_
  Impl DFF        Imp:/WORK/CSS_Transmitter_Top/u_framer/u_payload_ram/b07/mem_reg_6__4_

  Ref  DFF        Ref:/WORK/CSS_Transmitter_Top/u_framer/u_payload_ram/b07/mem_reg_6__5_
  Impl DFF        Imp:/WORK/CSS_Transmitter_Top/u_framer/u_payload_ram/b07/mem_reg_6__5_

  Ref  DFF        Ref:/WORK/CSS_Transmitter_Top/u_framer/u_payload_ram/b07/mem_reg_6__6_
  Impl DFF        Imp:/WORK/CSS_Transmitter_Top/u_framer/u_payload_ram/b07/mem_reg_6__6_

  Ref  DFF        Ref:/WORK/CSS_Transmitter_Top/u_framer/u_payload_ram/b07/mem_reg_6__7_
  Impl DFF        Imp:/WORK/CSS_Transmitter_Top/u_framer/u_payload_ram/b07/mem_reg_6__7_

  Ref  DFF        Ref:/WORK/CSS_Transmitter_Top/u_framer/u_payload_ram/b07/mem_reg_7__0_
  Impl DFF        Imp:/WORK/CSS_Transmitter_Top/u_framer/u_payload_ram/b07/mem_reg_7__0_

  Ref  DFF        Ref:/WORK/CSS_Transmitter_Top/u_framer/u_payload_ram/b07/mem_reg_7__1_
  Impl DFF        Imp:/WORK/CSS_Transmitter_Top/u_framer/u_payload_ram/b07/mem_reg_7__1_

  Ref  DFF        Ref:/WORK/CSS_Transmitter_Top/u_framer/u_payload_ram/b07/mem_reg_7__2_
  Impl DFF        Imp:/WORK/CSS_Transmitter_Top/u_framer/u_payload_ram/b07/mem_reg_7__2_

  Ref  DFF        Ref:/WORK/CSS_Transmitter_Top/u_framer/u_payload_ram/b07/mem_reg_7__3_
  Impl DFF        Imp:/WORK/CSS_Transmitter_Top/u_framer/u_payload_ram/b07/mem_reg_7__3_

  Ref  DFF        Ref:/WORK/CSS_Transmitter_Top/u_framer/u_payload_ram/b07/mem_reg_7__4_
  Impl DFF        Imp:/WORK/CSS_Transmitter_Top/u_framer/u_payload_ram/b07/mem_reg_7__4_

  Ref  DFF        Ref:/WORK/CSS_Transmitter_Top/u_framer/u_payload_ram/b07/mem_reg_7__5_
  Impl DFF        Imp:/WORK/CSS_Transmitter_Top/u_framer/u_payload_ram/b07/mem_reg_7__5_

  Ref  DFF        Ref:/WORK/CSS_Transmitter_Top/u_framer/u_payload_ram/b07/mem_reg_7__6_
  Impl DFF        Imp:/WORK/CSS_Transmitter_Top/u_framer/u_payload_ram/b07/mem_reg_7__6_

  Ref  DFF        Ref:/WORK/CSS_Transmitter_Top/u_framer/u_payload_ram/b07/mem_reg_7__7_
  Impl DFF        Imp:/WORK/CSS_Transmitter_Top/u_framer/u_payload_ram/b07/mem_reg_7__7_

  Ref  DFF        Ref:/WORK/CSS_Transmitter_Top/u_framer/u_payload_ram/b08/mem_reg_0__0_
  Impl DFF        Imp:/WORK/CSS_Transmitter_Top/u_framer/u_payload_ram/b08/mem_reg_0__0_

  Ref  DFF        Ref:/WORK/CSS_Transmitter_Top/u_framer/u_payload_ram/b08/mem_reg_0__1_
  Impl DFF        Imp:/WORK/CSS_Transmitter_Top/u_framer/u_payload_ram/b08/mem_reg_0__1_

  Ref  DFF        Ref:/WORK/CSS_Transmitter_Top/u_framer/u_payload_ram/b08/mem_reg_0__2_
  Impl DFF        Imp:/WORK/CSS_Transmitter_Top/u_framer/u_payload_ram/b08/mem_reg_0__2_

  Ref  DFF        Ref:/WORK/CSS_Transmitter_Top/u_framer/u_payload_ram/b08/mem_reg_0__3_
  Impl DFF        Imp:/WORK/CSS_Transmitter_Top/u_framer/u_payload_ram/b08/mem_reg_0__3_

  Ref  DFF        Ref:/WORK/CSS_Transmitter_Top/u_framer/u_payload_ram/b08/mem_reg_0__4_
  Impl DFF        Imp:/WORK/CSS_Transmitter_Top/u_framer/u_payload_ram/b08/mem_reg_0__4_

  Ref  DFF        Ref:/WORK/CSS_Transmitter_Top/u_framer/u_payload_ram/b08/mem_reg_0__5_
  Impl DFF        Imp:/WORK/CSS_Transmitter_Top/u_framer/u_payload_ram/b08/mem_reg_0__5_

  Ref  DFF        Ref:/WORK/CSS_Transmitter_Top/u_framer/u_payload_ram/b08/mem_reg_0__6_
  Impl DFF        Imp:/WORK/CSS_Transmitter_Top/u_framer/u_payload_ram/b08/mem_reg_0__6_

  Ref  DFF        Ref:/WORK/CSS_Transmitter_Top/u_framer/u_payload_ram/b08/mem_reg_0__7_
  Impl DFF        Imp:/WORK/CSS_Transmitter_Top/u_framer/u_payload_ram/b08/mem_reg_0__7_

  Ref  DFF        Ref:/WORK/CSS_Transmitter_Top/u_framer/u_payload_ram/b08/mem_reg_1__0_
  Impl DFF        Imp:/WORK/CSS_Transmitter_Top/u_framer/u_payload_ram/b08/mem_reg_1__0_

  Ref  DFF        Ref:/WORK/CSS_Transmitter_Top/u_framer/u_payload_ram/b08/mem_reg_1__1_
  Impl DFF        Imp:/WORK/CSS_Transmitter_Top/u_framer/u_payload_ram/b08/mem_reg_1__1_

  Ref  DFF        Ref:/WORK/CSS_Transmitter_Top/u_framer/u_payload_ram/b08/mem_reg_1__2_
  Impl DFF        Imp:/WORK/CSS_Transmitter_Top/u_framer/u_payload_ram/b08/mem_reg_1__2_

  Ref  DFF        Ref:/WORK/CSS_Transmitter_Top/u_framer/u_payload_ram/b08/mem_reg_1__3_
  Impl DFF        Imp:/WORK/CSS_Transmitter_Top/u_framer/u_payload_ram/b08/mem_reg_1__3_

  Ref  DFF        Ref:/WORK/CSS_Transmitter_Top/u_framer/u_payload_ram/b08/mem_reg_1__4_
  Impl DFF        Imp:/WORK/CSS_Transmitter_Top/u_framer/u_payload_ram/b08/mem_reg_1__4_

  Ref  DFF        Ref:/WORK/CSS_Transmitter_Top/u_framer/u_payload_ram/b08/mem_reg_1__5_
  Impl DFF        Imp:/WORK/CSS_Transmitter_Top/u_framer/u_payload_ram/b08/mem_reg_1__5_

  Ref  DFF        Ref:/WORK/CSS_Transmitter_Top/u_framer/u_payload_ram/b08/mem_reg_1__6_
  Impl DFF        Imp:/WORK/CSS_Transmitter_Top/u_framer/u_payload_ram/b08/mem_reg_1__6_

  Ref  DFF        Ref:/WORK/CSS_Transmitter_Top/u_framer/u_payload_ram/b08/mem_reg_1__7_
  Impl DFF        Imp:/WORK/CSS_Transmitter_Top/u_framer/u_payload_ram/b08/mem_reg_1__7_

  Ref  DFF        Ref:/WORK/CSS_Transmitter_Top/u_framer/u_payload_ram/b08/mem_reg_2__0_
  Impl DFF        Imp:/WORK/CSS_Transmitter_Top/u_framer/u_payload_ram/b08/mem_reg_2__0_

  Ref  DFF        Ref:/WORK/CSS_Transmitter_Top/u_framer/u_payload_ram/b08/mem_reg_2__1_
  Impl DFF        Imp:/WORK/CSS_Transmitter_Top/u_framer/u_payload_ram/b08/mem_reg_2__1_

  Ref  DFF        Ref:/WORK/CSS_Transmitter_Top/u_framer/u_payload_ram/b08/mem_reg_2__2_
  Impl DFF        Imp:/WORK/CSS_Transmitter_Top/u_framer/u_payload_ram/b08/mem_reg_2__2_

  Ref  DFF        Ref:/WORK/CSS_Transmitter_Top/u_framer/u_payload_ram/b08/mem_reg_2__3_
  Impl DFF        Imp:/WORK/CSS_Transmitter_Top/u_framer/u_payload_ram/b08/mem_reg_2__3_

  Ref  DFF        Ref:/WORK/CSS_Transmitter_Top/u_framer/u_payload_ram/b08/mem_reg_2__4_
  Impl DFF        Imp:/WORK/CSS_Transmitter_Top/u_framer/u_payload_ram/b08/mem_reg_2__4_

  Ref  DFF        Ref:/WORK/CSS_Transmitter_Top/u_framer/u_payload_ram/b08/mem_reg_2__5_
  Impl DFF        Imp:/WORK/CSS_Transmitter_Top/u_framer/u_payload_ram/b08/mem_reg_2__5_

  Ref  DFF        Ref:/WORK/CSS_Transmitter_Top/u_framer/u_payload_ram/b08/mem_reg_2__6_
  Impl DFF        Imp:/WORK/CSS_Transmitter_Top/u_framer/u_payload_ram/b08/mem_reg_2__6_

  Ref  DFF        Ref:/WORK/CSS_Transmitter_Top/u_framer/u_payload_ram/b08/mem_reg_2__7_
  Impl DFF        Imp:/WORK/CSS_Transmitter_Top/u_framer/u_payload_ram/b08/mem_reg_2__7_

  Ref  DFF        Ref:/WORK/CSS_Transmitter_Top/u_framer/u_payload_ram/b08/mem_reg_3__0_
  Impl DFF        Imp:/WORK/CSS_Transmitter_Top/u_framer/u_payload_ram/b08/mem_reg_3__0_

  Ref  DFF        Ref:/WORK/CSS_Transmitter_Top/u_framer/u_payload_ram/b08/mem_reg_3__1_
  Impl DFF        Imp:/WORK/CSS_Transmitter_Top/u_framer/u_payload_ram/b08/mem_reg_3__1_

  Ref  DFF        Ref:/WORK/CSS_Transmitter_Top/u_framer/u_payload_ram/b08/mem_reg_3__2_
  Impl DFF        Imp:/WORK/CSS_Transmitter_Top/u_framer/u_payload_ram/b08/mem_reg_3__2_

  Ref  DFF        Ref:/WORK/CSS_Transmitter_Top/u_framer/u_payload_ram/b08/mem_reg_3__3_
  Impl DFF        Imp:/WORK/CSS_Transmitter_Top/u_framer/u_payload_ram/b08/mem_reg_3__3_

  Ref  DFF        Ref:/WORK/CSS_Transmitter_Top/u_framer/u_payload_ram/b08/mem_reg_3__4_
  Impl DFF        Imp:/WORK/CSS_Transmitter_Top/u_framer/u_payload_ram/b08/mem_reg_3__4_

  Ref  DFF        Ref:/WORK/CSS_Transmitter_Top/u_framer/u_payload_ram/b08/mem_reg_3__5_
  Impl DFF        Imp:/WORK/CSS_Transmitter_Top/u_framer/u_payload_ram/b08/mem_reg_3__5_

  Ref  DFF        Ref:/WORK/CSS_Transmitter_Top/u_framer/u_payload_ram/b08/mem_reg_3__6_
  Impl DFF        Imp:/WORK/CSS_Transmitter_Top/u_framer/u_payload_ram/b08/mem_reg_3__6_

  Ref  DFF        Ref:/WORK/CSS_Transmitter_Top/u_framer/u_payload_ram/b08/mem_reg_3__7_
  Impl DFF        Imp:/WORK/CSS_Transmitter_Top/u_framer/u_payload_ram/b08/mem_reg_3__7_

  Ref  DFF        Ref:/WORK/CSS_Transmitter_Top/u_framer/u_payload_ram/b08/mem_reg_4__0_
  Impl DFF        Imp:/WORK/CSS_Transmitter_Top/u_framer/u_payload_ram/b08/mem_reg_4__0_

  Ref  DFF        Ref:/WORK/CSS_Transmitter_Top/u_framer/u_payload_ram/b08/mem_reg_4__1_
  Impl DFF        Imp:/WORK/CSS_Transmitter_Top/u_framer/u_payload_ram/b08/mem_reg_4__1_

  Ref  DFF        Ref:/WORK/CSS_Transmitter_Top/u_framer/u_payload_ram/b08/mem_reg_4__2_
  Impl DFF        Imp:/WORK/CSS_Transmitter_Top/u_framer/u_payload_ram/b08/mem_reg_4__2_

  Ref  DFF        Ref:/WORK/CSS_Transmitter_Top/u_framer/u_payload_ram/b08/mem_reg_4__3_
  Impl DFF        Imp:/WORK/CSS_Transmitter_Top/u_framer/u_payload_ram/b08/mem_reg_4__3_

  Ref  DFF        Ref:/WORK/CSS_Transmitter_Top/u_framer/u_payload_ram/b08/mem_reg_4__4_
  Impl DFF        Imp:/WORK/CSS_Transmitter_Top/u_framer/u_payload_ram/b08/mem_reg_4__4_

  Ref  DFF        Ref:/WORK/CSS_Transmitter_Top/u_framer/u_payload_ram/b08/mem_reg_4__5_
  Impl DFF        Imp:/WORK/CSS_Transmitter_Top/u_framer/u_payload_ram/b08/mem_reg_4__5_

  Ref  DFF        Ref:/WORK/CSS_Transmitter_Top/u_framer/u_payload_ram/b08/mem_reg_4__6_
  Impl DFF        Imp:/WORK/CSS_Transmitter_Top/u_framer/u_payload_ram/b08/mem_reg_4__6_

  Ref  DFF        Ref:/WORK/CSS_Transmitter_Top/u_framer/u_payload_ram/b08/mem_reg_4__7_
  Impl DFF        Imp:/WORK/CSS_Transmitter_Top/u_framer/u_payload_ram/b08/mem_reg_4__7_

  Ref  DFF        Ref:/WORK/CSS_Transmitter_Top/u_framer/u_payload_ram/b08/mem_reg_5__0_
  Impl DFF        Imp:/WORK/CSS_Transmitter_Top/u_framer/u_payload_ram/b08/mem_reg_5__0_

  Ref  DFF        Ref:/WORK/CSS_Transmitter_Top/u_framer/u_payload_ram/b08/mem_reg_5__1_
  Impl DFF        Imp:/WORK/CSS_Transmitter_Top/u_framer/u_payload_ram/b08/mem_reg_5__1_

  Ref  DFF        Ref:/WORK/CSS_Transmitter_Top/u_framer/u_payload_ram/b08/mem_reg_5__2_
  Impl DFF        Imp:/WORK/CSS_Transmitter_Top/u_framer/u_payload_ram/b08/mem_reg_5__2_

  Ref  DFF        Ref:/WORK/CSS_Transmitter_Top/u_framer/u_payload_ram/b08/mem_reg_5__3_
  Impl DFF        Imp:/WORK/CSS_Transmitter_Top/u_framer/u_payload_ram/b08/mem_reg_5__3_

  Ref  DFF        Ref:/WORK/CSS_Transmitter_Top/u_framer/u_payload_ram/b08/mem_reg_5__4_
  Impl DFF        Imp:/WORK/CSS_Transmitter_Top/u_framer/u_payload_ram/b08/mem_reg_5__4_

  Ref  DFF        Ref:/WORK/CSS_Transmitter_Top/u_framer/u_payload_ram/b08/mem_reg_5__5_
  Impl DFF        Imp:/WORK/CSS_Transmitter_Top/u_framer/u_payload_ram/b08/mem_reg_5__5_

  Ref  DFF        Ref:/WORK/CSS_Transmitter_Top/u_framer/u_payload_ram/b08/mem_reg_5__6_
  Impl DFF        Imp:/WORK/CSS_Transmitter_Top/u_framer/u_payload_ram/b08/mem_reg_5__6_

  Ref  DFF        Ref:/WORK/CSS_Transmitter_Top/u_framer/u_payload_ram/b08/mem_reg_5__7_
  Impl DFF        Imp:/WORK/CSS_Transmitter_Top/u_framer/u_payload_ram/b08/mem_reg_5__7_

  Ref  DFF        Ref:/WORK/CSS_Transmitter_Top/u_framer/u_payload_ram/b08/mem_reg_6__0_
  Impl DFF        Imp:/WORK/CSS_Transmitter_Top/u_framer/u_payload_ram/b08/mem_reg_6__0_

  Ref  DFF        Ref:/WORK/CSS_Transmitter_Top/u_framer/u_payload_ram/b08/mem_reg_6__1_
  Impl DFF        Imp:/WORK/CSS_Transmitter_Top/u_framer/u_payload_ram/b08/mem_reg_6__1_

  Ref  DFF        Ref:/WORK/CSS_Transmitter_Top/u_framer/u_payload_ram/b08/mem_reg_6__2_
  Impl DFF        Imp:/WORK/CSS_Transmitter_Top/u_framer/u_payload_ram/b08/mem_reg_6__2_

  Ref  DFF        Ref:/WORK/CSS_Transmitter_Top/u_framer/u_payload_ram/b08/mem_reg_6__3_
  Impl DFF        Imp:/WORK/CSS_Transmitter_Top/u_framer/u_payload_ram/b08/mem_reg_6__3_

  Ref  DFF        Ref:/WORK/CSS_Transmitter_Top/u_framer/u_payload_ram/b08/mem_reg_6__4_
  Impl DFF        Imp:/WORK/CSS_Transmitter_Top/u_framer/u_payload_ram/b08/mem_reg_6__4_

  Ref  DFF        Ref:/WORK/CSS_Transmitter_Top/u_framer/u_payload_ram/b08/mem_reg_6__5_
  Impl DFF        Imp:/WORK/CSS_Transmitter_Top/u_framer/u_payload_ram/b08/mem_reg_6__5_

  Ref  DFF        Ref:/WORK/CSS_Transmitter_Top/u_framer/u_payload_ram/b08/mem_reg_6__6_
  Impl DFF        Imp:/WORK/CSS_Transmitter_Top/u_framer/u_payload_ram/b08/mem_reg_6__6_

  Ref  DFF        Ref:/WORK/CSS_Transmitter_Top/u_framer/u_payload_ram/b08/mem_reg_6__7_
  Impl DFF        Imp:/WORK/CSS_Transmitter_Top/u_framer/u_payload_ram/b08/mem_reg_6__7_

  Ref  DFF        Ref:/WORK/CSS_Transmitter_Top/u_framer/u_payload_ram/b08/mem_reg_7__0_
  Impl DFF        Imp:/WORK/CSS_Transmitter_Top/u_framer/u_payload_ram/b08/mem_reg_7__0_

  Ref  DFF        Ref:/WORK/CSS_Transmitter_Top/u_framer/u_payload_ram/b08/mem_reg_7__1_
  Impl DFF        Imp:/WORK/CSS_Transmitter_Top/u_framer/u_payload_ram/b08/mem_reg_7__1_

  Ref  DFF        Ref:/WORK/CSS_Transmitter_Top/u_framer/u_payload_ram/b08/mem_reg_7__2_
  Impl DFF        Imp:/WORK/CSS_Transmitter_Top/u_framer/u_payload_ram/b08/mem_reg_7__2_

  Ref  DFF        Ref:/WORK/CSS_Transmitter_Top/u_framer/u_payload_ram/b08/mem_reg_7__3_
  Impl DFF        Imp:/WORK/CSS_Transmitter_Top/u_framer/u_payload_ram/b08/mem_reg_7__3_

  Ref  DFF        Ref:/WORK/CSS_Transmitter_Top/u_framer/u_payload_ram/b08/mem_reg_7__4_
  Impl DFF        Imp:/WORK/CSS_Transmitter_Top/u_framer/u_payload_ram/b08/mem_reg_7__4_

  Ref  DFF        Ref:/WORK/CSS_Transmitter_Top/u_framer/u_payload_ram/b08/mem_reg_7__5_
  Impl DFF        Imp:/WORK/CSS_Transmitter_Top/u_framer/u_payload_ram/b08/mem_reg_7__5_

  Ref  DFF        Ref:/WORK/CSS_Transmitter_Top/u_framer/u_payload_ram/b08/mem_reg_7__6_
  Impl DFF        Imp:/WORK/CSS_Transmitter_Top/u_framer/u_payload_ram/b08/mem_reg_7__6_

  Ref  DFF        Ref:/WORK/CSS_Transmitter_Top/u_framer/u_payload_ram/b08/mem_reg_7__7_
  Impl DFF        Imp:/WORK/CSS_Transmitter_Top/u_framer/u_payload_ram/b08/mem_reg_7__7_

  Ref  DFF        Ref:/WORK/CSS_Transmitter_Top/u_framer/u_payload_ram/b09/mem_reg_0__0_
  Impl DFF        Imp:/WORK/CSS_Transmitter_Top/u_framer/u_payload_ram/b09/mem_reg_0__0_

  Ref  DFF        Ref:/WORK/CSS_Transmitter_Top/u_framer/u_payload_ram/b09/mem_reg_0__1_
  Impl DFF        Imp:/WORK/CSS_Transmitter_Top/u_framer/u_payload_ram/b09/mem_reg_0__1_

  Ref  DFF        Ref:/WORK/CSS_Transmitter_Top/u_framer/u_payload_ram/b09/mem_reg_0__2_
  Impl DFF        Imp:/WORK/CSS_Transmitter_Top/u_framer/u_payload_ram/b09/mem_reg_0__2_

  Ref  DFF        Ref:/WORK/CSS_Transmitter_Top/u_framer/u_payload_ram/b09/mem_reg_0__3_
  Impl DFF        Imp:/WORK/CSS_Transmitter_Top/u_framer/u_payload_ram/b09/mem_reg_0__3_

  Ref  DFF        Ref:/WORK/CSS_Transmitter_Top/u_framer/u_payload_ram/b09/mem_reg_0__4_
  Impl DFF        Imp:/WORK/CSS_Transmitter_Top/u_framer/u_payload_ram/b09/mem_reg_0__4_

  Ref  DFF        Ref:/WORK/CSS_Transmitter_Top/u_framer/u_payload_ram/b09/mem_reg_0__5_
  Impl DFF        Imp:/WORK/CSS_Transmitter_Top/u_framer/u_payload_ram/b09/mem_reg_0__5_

  Ref  DFF        Ref:/WORK/CSS_Transmitter_Top/u_framer/u_payload_ram/b09/mem_reg_0__6_
  Impl DFF        Imp:/WORK/CSS_Transmitter_Top/u_framer/u_payload_ram/b09/mem_reg_0__6_

  Ref  DFF        Ref:/WORK/CSS_Transmitter_Top/u_framer/u_payload_ram/b09/mem_reg_0__7_
  Impl DFF        Imp:/WORK/CSS_Transmitter_Top/u_framer/u_payload_ram/b09/mem_reg_0__7_

  Ref  DFF        Ref:/WORK/CSS_Transmitter_Top/u_framer/u_payload_ram/b09/mem_reg_1__0_
  Impl DFF        Imp:/WORK/CSS_Transmitter_Top/u_framer/u_payload_ram/b09/mem_reg_1__0_

  Ref  DFF        Ref:/WORK/CSS_Transmitter_Top/u_framer/u_payload_ram/b09/mem_reg_1__1_
  Impl DFF        Imp:/WORK/CSS_Transmitter_Top/u_framer/u_payload_ram/b09/mem_reg_1__1_

  Ref  DFF        Ref:/WORK/CSS_Transmitter_Top/u_framer/u_payload_ram/b09/mem_reg_1__2_
  Impl DFF        Imp:/WORK/CSS_Transmitter_Top/u_framer/u_payload_ram/b09/mem_reg_1__2_

  Ref  DFF        Ref:/WORK/CSS_Transmitter_Top/u_framer/u_payload_ram/b09/mem_reg_1__3_
  Impl DFF        Imp:/WORK/CSS_Transmitter_Top/u_framer/u_payload_ram/b09/mem_reg_1__3_

  Ref  DFF        Ref:/WORK/CSS_Transmitter_Top/u_framer/u_payload_ram/b09/mem_reg_1__4_
  Impl DFF        Imp:/WORK/CSS_Transmitter_Top/u_framer/u_payload_ram/b09/mem_reg_1__4_

  Ref  DFF        Ref:/WORK/CSS_Transmitter_Top/u_framer/u_payload_ram/b09/mem_reg_1__5_
  Impl DFF        Imp:/WORK/CSS_Transmitter_Top/u_framer/u_payload_ram/b09/mem_reg_1__5_

  Ref  DFF        Ref:/WORK/CSS_Transmitter_Top/u_framer/u_payload_ram/b09/mem_reg_1__6_
  Impl DFF        Imp:/WORK/CSS_Transmitter_Top/u_framer/u_payload_ram/b09/mem_reg_1__6_

  Ref  DFF        Ref:/WORK/CSS_Transmitter_Top/u_framer/u_payload_ram/b09/mem_reg_1__7_
  Impl DFF        Imp:/WORK/CSS_Transmitter_Top/u_framer/u_payload_ram/b09/mem_reg_1__7_

  Ref  DFF        Ref:/WORK/CSS_Transmitter_Top/u_framer/u_payload_ram/b09/mem_reg_2__0_
  Impl DFF        Imp:/WORK/CSS_Transmitter_Top/u_framer/u_payload_ram/b09/mem_reg_2__0_

  Ref  DFF        Ref:/WORK/CSS_Transmitter_Top/u_framer/u_payload_ram/b09/mem_reg_2__1_
  Impl DFF        Imp:/WORK/CSS_Transmitter_Top/u_framer/u_payload_ram/b09/mem_reg_2__1_

  Ref  DFF        Ref:/WORK/CSS_Transmitter_Top/u_framer/u_payload_ram/b09/mem_reg_2__2_
  Impl DFF        Imp:/WORK/CSS_Transmitter_Top/u_framer/u_payload_ram/b09/mem_reg_2__2_

  Ref  DFF        Ref:/WORK/CSS_Transmitter_Top/u_framer/u_payload_ram/b09/mem_reg_2__3_
  Impl DFF        Imp:/WORK/CSS_Transmitter_Top/u_framer/u_payload_ram/b09/mem_reg_2__3_

  Ref  DFF        Ref:/WORK/CSS_Transmitter_Top/u_framer/u_payload_ram/b09/mem_reg_2__4_
  Impl DFF        Imp:/WORK/CSS_Transmitter_Top/u_framer/u_payload_ram/b09/mem_reg_2__4_

  Ref  DFF        Ref:/WORK/CSS_Transmitter_Top/u_framer/u_payload_ram/b09/mem_reg_2__5_
  Impl DFF        Imp:/WORK/CSS_Transmitter_Top/u_framer/u_payload_ram/b09/mem_reg_2__5_

  Ref  DFF        Ref:/WORK/CSS_Transmitter_Top/u_framer/u_payload_ram/b09/mem_reg_2__6_
  Impl DFF        Imp:/WORK/CSS_Transmitter_Top/u_framer/u_payload_ram/b09/mem_reg_2__6_

  Ref  DFF        Ref:/WORK/CSS_Transmitter_Top/u_framer/u_payload_ram/b09/mem_reg_2__7_
  Impl DFF        Imp:/WORK/CSS_Transmitter_Top/u_framer/u_payload_ram/b09/mem_reg_2__7_

  Ref  DFF        Ref:/WORK/CSS_Transmitter_Top/u_framer/u_payload_ram/b09/mem_reg_3__0_
  Impl DFF        Imp:/WORK/CSS_Transmitter_Top/u_framer/u_payload_ram/b09/mem_reg_3__0_

  Ref  DFF        Ref:/WORK/CSS_Transmitter_Top/u_framer/u_payload_ram/b09/mem_reg_3__1_
  Impl DFF        Imp:/WORK/CSS_Transmitter_Top/u_framer/u_payload_ram/b09/mem_reg_3__1_

  Ref  DFF        Ref:/WORK/CSS_Transmitter_Top/u_framer/u_payload_ram/b09/mem_reg_3__2_
  Impl DFF        Imp:/WORK/CSS_Transmitter_Top/u_framer/u_payload_ram/b09/mem_reg_3__2_

  Ref  DFF        Ref:/WORK/CSS_Transmitter_Top/u_framer/u_payload_ram/b09/mem_reg_3__3_
  Impl DFF        Imp:/WORK/CSS_Transmitter_Top/u_framer/u_payload_ram/b09/mem_reg_3__3_

  Ref  DFF        Ref:/WORK/CSS_Transmitter_Top/u_framer/u_payload_ram/b09/mem_reg_3__4_
  Impl DFF        Imp:/WORK/CSS_Transmitter_Top/u_framer/u_payload_ram/b09/mem_reg_3__4_

  Ref  DFF        Ref:/WORK/CSS_Transmitter_Top/u_framer/u_payload_ram/b09/mem_reg_3__5_
  Impl DFF        Imp:/WORK/CSS_Transmitter_Top/u_framer/u_payload_ram/b09/mem_reg_3__5_

  Ref  DFF        Ref:/WORK/CSS_Transmitter_Top/u_framer/u_payload_ram/b09/mem_reg_3__6_
  Impl DFF        Imp:/WORK/CSS_Transmitter_Top/u_framer/u_payload_ram/b09/mem_reg_3__6_

  Ref  DFF        Ref:/WORK/CSS_Transmitter_Top/u_framer/u_payload_ram/b09/mem_reg_3__7_
  Impl DFF        Imp:/WORK/CSS_Transmitter_Top/u_framer/u_payload_ram/b09/mem_reg_3__7_

  Ref  DFF        Ref:/WORK/CSS_Transmitter_Top/u_framer/u_payload_ram/b09/mem_reg_4__0_
  Impl DFF        Imp:/WORK/CSS_Transmitter_Top/u_framer/u_payload_ram/b09/mem_reg_4__0_

  Ref  DFF        Ref:/WORK/CSS_Transmitter_Top/u_framer/u_payload_ram/b09/mem_reg_4__1_
  Impl DFF        Imp:/WORK/CSS_Transmitter_Top/u_framer/u_payload_ram/b09/mem_reg_4__1_

  Ref  DFF        Ref:/WORK/CSS_Transmitter_Top/u_framer/u_payload_ram/b09/mem_reg_4__2_
  Impl DFF        Imp:/WORK/CSS_Transmitter_Top/u_framer/u_payload_ram/b09/mem_reg_4__2_

  Ref  DFF        Ref:/WORK/CSS_Transmitter_Top/u_framer/u_payload_ram/b09/mem_reg_4__3_
  Impl DFF        Imp:/WORK/CSS_Transmitter_Top/u_framer/u_payload_ram/b09/mem_reg_4__3_

  Ref  DFF        Ref:/WORK/CSS_Transmitter_Top/u_framer/u_payload_ram/b09/mem_reg_4__4_
  Impl DFF        Imp:/WORK/CSS_Transmitter_Top/u_framer/u_payload_ram/b09/mem_reg_4__4_

  Ref  DFF        Ref:/WORK/CSS_Transmitter_Top/u_framer/u_payload_ram/b09/mem_reg_4__5_
  Impl DFF        Imp:/WORK/CSS_Transmitter_Top/u_framer/u_payload_ram/b09/mem_reg_4__5_

  Ref  DFF        Ref:/WORK/CSS_Transmitter_Top/u_framer/u_payload_ram/b09/mem_reg_4__6_
  Impl DFF        Imp:/WORK/CSS_Transmitter_Top/u_framer/u_payload_ram/b09/mem_reg_4__6_

  Ref  DFF        Ref:/WORK/CSS_Transmitter_Top/u_framer/u_payload_ram/b09/mem_reg_4__7_
  Impl DFF        Imp:/WORK/CSS_Transmitter_Top/u_framer/u_payload_ram/b09/mem_reg_4__7_

  Ref  DFF        Ref:/WORK/CSS_Transmitter_Top/u_framer/u_payload_ram/b09/mem_reg_5__0_
  Impl DFF        Imp:/WORK/CSS_Transmitter_Top/u_framer/u_payload_ram/b09/mem_reg_5__0_

  Ref  DFF        Ref:/WORK/CSS_Transmitter_Top/u_framer/u_payload_ram/b09/mem_reg_5__1_
  Impl DFF        Imp:/WORK/CSS_Transmitter_Top/u_framer/u_payload_ram/b09/mem_reg_5__1_

  Ref  DFF        Ref:/WORK/CSS_Transmitter_Top/u_framer/u_payload_ram/b09/mem_reg_5__2_
  Impl DFF        Imp:/WORK/CSS_Transmitter_Top/u_framer/u_payload_ram/b09/mem_reg_5__2_

  Ref  DFF        Ref:/WORK/CSS_Transmitter_Top/u_framer/u_payload_ram/b09/mem_reg_5__3_
  Impl DFF        Imp:/WORK/CSS_Transmitter_Top/u_framer/u_payload_ram/b09/mem_reg_5__3_

  Ref  DFF        Ref:/WORK/CSS_Transmitter_Top/u_framer/u_payload_ram/b09/mem_reg_5__4_
  Impl DFF        Imp:/WORK/CSS_Transmitter_Top/u_framer/u_payload_ram/b09/mem_reg_5__4_

  Ref  DFF        Ref:/WORK/CSS_Transmitter_Top/u_framer/u_payload_ram/b09/mem_reg_5__5_
  Impl DFF        Imp:/WORK/CSS_Transmitter_Top/u_framer/u_payload_ram/b09/mem_reg_5__5_

  Ref  DFF        Ref:/WORK/CSS_Transmitter_Top/u_framer/u_payload_ram/b09/mem_reg_5__6_
  Impl DFF        Imp:/WORK/CSS_Transmitter_Top/u_framer/u_payload_ram/b09/mem_reg_5__6_

  Ref  DFF        Ref:/WORK/CSS_Transmitter_Top/u_framer/u_payload_ram/b09/mem_reg_5__7_
  Impl DFF        Imp:/WORK/CSS_Transmitter_Top/u_framer/u_payload_ram/b09/mem_reg_5__7_

  Ref  DFF        Ref:/WORK/CSS_Transmitter_Top/u_framer/u_payload_ram/b09/mem_reg_6__0_
  Impl DFF        Imp:/WORK/CSS_Transmitter_Top/u_framer/u_payload_ram/b09/mem_reg_6__0_

  Ref  DFF        Ref:/WORK/CSS_Transmitter_Top/u_framer/u_payload_ram/b09/mem_reg_6__1_
  Impl DFF        Imp:/WORK/CSS_Transmitter_Top/u_framer/u_payload_ram/b09/mem_reg_6__1_

  Ref  DFF        Ref:/WORK/CSS_Transmitter_Top/u_framer/u_payload_ram/b09/mem_reg_6__2_
  Impl DFF        Imp:/WORK/CSS_Transmitter_Top/u_framer/u_payload_ram/b09/mem_reg_6__2_

  Ref  DFF        Ref:/WORK/CSS_Transmitter_Top/u_framer/u_payload_ram/b09/mem_reg_6__3_
  Impl DFF        Imp:/WORK/CSS_Transmitter_Top/u_framer/u_payload_ram/b09/mem_reg_6__3_

  Ref  DFF        Ref:/WORK/CSS_Transmitter_Top/u_framer/u_payload_ram/b09/mem_reg_6__4_
  Impl DFF        Imp:/WORK/CSS_Transmitter_Top/u_framer/u_payload_ram/b09/mem_reg_6__4_

  Ref  DFF        Ref:/WORK/CSS_Transmitter_Top/u_framer/u_payload_ram/b09/mem_reg_6__5_
  Impl DFF        Imp:/WORK/CSS_Transmitter_Top/u_framer/u_payload_ram/b09/mem_reg_6__5_

  Ref  DFF        Ref:/WORK/CSS_Transmitter_Top/u_framer/u_payload_ram/b09/mem_reg_6__6_
  Impl DFF        Imp:/WORK/CSS_Transmitter_Top/u_framer/u_payload_ram/b09/mem_reg_6__6_

  Ref  DFF        Ref:/WORK/CSS_Transmitter_Top/u_framer/u_payload_ram/b09/mem_reg_6__7_
  Impl DFF        Imp:/WORK/CSS_Transmitter_Top/u_framer/u_payload_ram/b09/mem_reg_6__7_

  Ref  DFF        Ref:/WORK/CSS_Transmitter_Top/u_framer/u_payload_ram/b09/mem_reg_7__0_
  Impl DFF        Imp:/WORK/CSS_Transmitter_Top/u_framer/u_payload_ram/b09/mem_reg_7__0_

  Ref  DFF        Ref:/WORK/CSS_Transmitter_Top/u_framer/u_payload_ram/b09/mem_reg_7__1_
  Impl DFF        Imp:/WORK/CSS_Transmitter_Top/u_framer/u_payload_ram/b09/mem_reg_7__1_

  Ref  DFF        Ref:/WORK/CSS_Transmitter_Top/u_framer/u_payload_ram/b09/mem_reg_7__2_
  Impl DFF        Imp:/WORK/CSS_Transmitter_Top/u_framer/u_payload_ram/b09/mem_reg_7__2_

  Ref  DFF        Ref:/WORK/CSS_Transmitter_Top/u_framer/u_payload_ram/b09/mem_reg_7__3_
  Impl DFF        Imp:/WORK/CSS_Transmitter_Top/u_framer/u_payload_ram/b09/mem_reg_7__3_

  Ref  DFF        Ref:/WORK/CSS_Transmitter_Top/u_framer/u_payload_ram/b09/mem_reg_7__4_
  Impl DFF        Imp:/WORK/CSS_Transmitter_Top/u_framer/u_payload_ram/b09/mem_reg_7__4_

  Ref  DFF        Ref:/WORK/CSS_Transmitter_Top/u_framer/u_payload_ram/b09/mem_reg_7__5_
  Impl DFF        Imp:/WORK/CSS_Transmitter_Top/u_framer/u_payload_ram/b09/mem_reg_7__5_

  Ref  DFF        Ref:/WORK/CSS_Transmitter_Top/u_framer/u_payload_ram/b09/mem_reg_7__6_
  Impl DFF        Imp:/WORK/CSS_Transmitter_Top/u_framer/u_payload_ram/b09/mem_reg_7__6_

  Ref  DFF        Ref:/WORK/CSS_Transmitter_Top/u_framer/u_payload_ram/b09/mem_reg_7__7_
  Impl DFF        Imp:/WORK/CSS_Transmitter_Top/u_framer/u_payload_ram/b09/mem_reg_7__7_

  Ref  DFF        Ref:/WORK/CSS_Transmitter_Top/u_framer/u_payload_ram/b10/mem_reg_0__0_
  Impl DFF        Imp:/WORK/CSS_Transmitter_Top/u_framer/u_payload_ram/b10/mem_reg_0__0_

  Ref  DFF        Ref:/WORK/CSS_Transmitter_Top/u_framer/u_payload_ram/b10/mem_reg_0__1_
  Impl DFF        Imp:/WORK/CSS_Transmitter_Top/u_framer/u_payload_ram/b10/mem_reg_0__1_

  Ref  DFF        Ref:/WORK/CSS_Transmitter_Top/u_framer/u_payload_ram/b10/mem_reg_0__2_
  Impl DFF        Imp:/WORK/CSS_Transmitter_Top/u_framer/u_payload_ram/b10/mem_reg_0__2_

  Ref  DFF        Ref:/WORK/CSS_Transmitter_Top/u_framer/u_payload_ram/b10/mem_reg_0__3_
  Impl DFF        Imp:/WORK/CSS_Transmitter_Top/u_framer/u_payload_ram/b10/mem_reg_0__3_

  Ref  DFF        Ref:/WORK/CSS_Transmitter_Top/u_framer/u_payload_ram/b10/mem_reg_0__4_
  Impl DFF        Imp:/WORK/CSS_Transmitter_Top/u_framer/u_payload_ram/b10/mem_reg_0__4_

  Ref  DFF        Ref:/WORK/CSS_Transmitter_Top/u_framer/u_payload_ram/b10/mem_reg_0__5_
  Impl DFF        Imp:/WORK/CSS_Transmitter_Top/u_framer/u_payload_ram/b10/mem_reg_0__5_

  Ref  DFF        Ref:/WORK/CSS_Transmitter_Top/u_framer/u_payload_ram/b10/mem_reg_0__6_
  Impl DFF        Imp:/WORK/CSS_Transmitter_Top/u_framer/u_payload_ram/b10/mem_reg_0__6_

  Ref  DFF        Ref:/WORK/CSS_Transmitter_Top/u_framer/u_payload_ram/b10/mem_reg_0__7_
  Impl DFF        Imp:/WORK/CSS_Transmitter_Top/u_framer/u_payload_ram/b10/mem_reg_0__7_

  Ref  DFF        Ref:/WORK/CSS_Transmitter_Top/u_framer/u_payload_ram/b10/mem_reg_1__0_
  Impl DFF        Imp:/WORK/CSS_Transmitter_Top/u_framer/u_payload_ram/b10/mem_reg_1__0_

  Ref  DFF        Ref:/WORK/CSS_Transmitter_Top/u_framer/u_payload_ram/b10/mem_reg_1__1_
  Impl DFF        Imp:/WORK/CSS_Transmitter_Top/u_framer/u_payload_ram/b10/mem_reg_1__1_

  Ref  DFF        Ref:/WORK/CSS_Transmitter_Top/u_framer/u_payload_ram/b10/mem_reg_1__2_
  Impl DFF        Imp:/WORK/CSS_Transmitter_Top/u_framer/u_payload_ram/b10/mem_reg_1__2_

  Ref  DFF        Ref:/WORK/CSS_Transmitter_Top/u_framer/u_payload_ram/b10/mem_reg_1__3_
  Impl DFF        Imp:/WORK/CSS_Transmitter_Top/u_framer/u_payload_ram/b10/mem_reg_1__3_

  Ref  DFF        Ref:/WORK/CSS_Transmitter_Top/u_framer/u_payload_ram/b10/mem_reg_1__4_
  Impl DFF        Imp:/WORK/CSS_Transmitter_Top/u_framer/u_payload_ram/b10/mem_reg_1__4_

  Ref  DFF        Ref:/WORK/CSS_Transmitter_Top/u_framer/u_payload_ram/b10/mem_reg_1__5_
  Impl DFF        Imp:/WORK/CSS_Transmitter_Top/u_framer/u_payload_ram/b10/mem_reg_1__5_

  Ref  DFF        Ref:/WORK/CSS_Transmitter_Top/u_framer/u_payload_ram/b10/mem_reg_1__6_
  Impl DFF        Imp:/WORK/CSS_Transmitter_Top/u_framer/u_payload_ram/b10/mem_reg_1__6_

  Ref  DFF        Ref:/WORK/CSS_Transmitter_Top/u_framer/u_payload_ram/b10/mem_reg_1__7_
  Impl DFF        Imp:/WORK/CSS_Transmitter_Top/u_framer/u_payload_ram/b10/mem_reg_1__7_

  Ref  DFF        Ref:/WORK/CSS_Transmitter_Top/u_framer/u_payload_ram/b10/mem_reg_2__0_
  Impl DFF        Imp:/WORK/CSS_Transmitter_Top/u_framer/u_payload_ram/b10/mem_reg_2__0_

  Ref  DFF        Ref:/WORK/CSS_Transmitter_Top/u_framer/u_payload_ram/b10/mem_reg_2__1_
  Impl DFF        Imp:/WORK/CSS_Transmitter_Top/u_framer/u_payload_ram/b10/mem_reg_2__1_

  Ref  DFF        Ref:/WORK/CSS_Transmitter_Top/u_framer/u_payload_ram/b10/mem_reg_2__2_
  Impl DFF        Imp:/WORK/CSS_Transmitter_Top/u_framer/u_payload_ram/b10/mem_reg_2__2_

  Ref  DFF        Ref:/WORK/CSS_Transmitter_Top/u_framer/u_payload_ram/b10/mem_reg_2__3_
  Impl DFF        Imp:/WORK/CSS_Transmitter_Top/u_framer/u_payload_ram/b10/mem_reg_2__3_

  Ref  DFF        Ref:/WORK/CSS_Transmitter_Top/u_framer/u_payload_ram/b10/mem_reg_2__4_
  Impl DFF        Imp:/WORK/CSS_Transmitter_Top/u_framer/u_payload_ram/b10/mem_reg_2__4_

  Ref  DFF        Ref:/WORK/CSS_Transmitter_Top/u_framer/u_payload_ram/b10/mem_reg_2__5_
  Impl DFF        Imp:/WORK/CSS_Transmitter_Top/u_framer/u_payload_ram/b10/mem_reg_2__5_

  Ref  DFF        Ref:/WORK/CSS_Transmitter_Top/u_framer/u_payload_ram/b10/mem_reg_2__6_
  Impl DFF        Imp:/WORK/CSS_Transmitter_Top/u_framer/u_payload_ram/b10/mem_reg_2__6_

  Ref  DFF        Ref:/WORK/CSS_Transmitter_Top/u_framer/u_payload_ram/b10/mem_reg_2__7_
  Impl DFF        Imp:/WORK/CSS_Transmitter_Top/u_framer/u_payload_ram/b10/mem_reg_2__7_

  Ref  DFF        Ref:/WORK/CSS_Transmitter_Top/u_framer/u_payload_ram/b10/mem_reg_3__0_
  Impl DFF        Imp:/WORK/CSS_Transmitter_Top/u_framer/u_payload_ram/b10/mem_reg_3__0_

  Ref  DFF        Ref:/WORK/CSS_Transmitter_Top/u_framer/u_payload_ram/b10/mem_reg_3__1_
  Impl DFF        Imp:/WORK/CSS_Transmitter_Top/u_framer/u_payload_ram/b10/mem_reg_3__1_

  Ref  DFF        Ref:/WORK/CSS_Transmitter_Top/u_framer/u_payload_ram/b10/mem_reg_3__2_
  Impl DFF        Imp:/WORK/CSS_Transmitter_Top/u_framer/u_payload_ram/b10/mem_reg_3__2_

  Ref  DFF        Ref:/WORK/CSS_Transmitter_Top/u_framer/u_payload_ram/b10/mem_reg_3__3_
  Impl DFF        Imp:/WORK/CSS_Transmitter_Top/u_framer/u_payload_ram/b10/mem_reg_3__3_

  Ref  DFF        Ref:/WORK/CSS_Transmitter_Top/u_framer/u_payload_ram/b10/mem_reg_3__4_
  Impl DFF        Imp:/WORK/CSS_Transmitter_Top/u_framer/u_payload_ram/b10/mem_reg_3__4_

  Ref  DFF        Ref:/WORK/CSS_Transmitter_Top/u_framer/u_payload_ram/b10/mem_reg_3__5_
  Impl DFF        Imp:/WORK/CSS_Transmitter_Top/u_framer/u_payload_ram/b10/mem_reg_3__5_

  Ref  DFF        Ref:/WORK/CSS_Transmitter_Top/u_framer/u_payload_ram/b10/mem_reg_3__6_
  Impl DFF        Imp:/WORK/CSS_Transmitter_Top/u_framer/u_payload_ram/b10/mem_reg_3__6_

  Ref  DFF        Ref:/WORK/CSS_Transmitter_Top/u_framer/u_payload_ram/b10/mem_reg_3__7_
  Impl DFF        Imp:/WORK/CSS_Transmitter_Top/u_framer/u_payload_ram/b10/mem_reg_3__7_

  Ref  DFF        Ref:/WORK/CSS_Transmitter_Top/u_framer/u_payload_ram/b10/mem_reg_4__0_
  Impl DFF        Imp:/WORK/CSS_Transmitter_Top/u_framer/u_payload_ram/b10/mem_reg_4__0_

  Ref  DFF        Ref:/WORK/CSS_Transmitter_Top/u_framer/u_payload_ram/b10/mem_reg_4__1_
  Impl DFF        Imp:/WORK/CSS_Transmitter_Top/u_framer/u_payload_ram/b10/mem_reg_4__1_

  Ref  DFF        Ref:/WORK/CSS_Transmitter_Top/u_framer/u_payload_ram/b10/mem_reg_4__2_
  Impl DFF        Imp:/WORK/CSS_Transmitter_Top/u_framer/u_payload_ram/b10/mem_reg_4__2_

  Ref  DFF        Ref:/WORK/CSS_Transmitter_Top/u_framer/u_payload_ram/b10/mem_reg_4__3_
  Impl DFF        Imp:/WORK/CSS_Transmitter_Top/u_framer/u_payload_ram/b10/mem_reg_4__3_

  Ref  DFF        Ref:/WORK/CSS_Transmitter_Top/u_framer/u_payload_ram/b10/mem_reg_4__4_
  Impl DFF        Imp:/WORK/CSS_Transmitter_Top/u_framer/u_payload_ram/b10/mem_reg_4__4_

  Ref  DFF        Ref:/WORK/CSS_Transmitter_Top/u_framer/u_payload_ram/b10/mem_reg_4__5_
  Impl DFF        Imp:/WORK/CSS_Transmitter_Top/u_framer/u_payload_ram/b10/mem_reg_4__5_

  Ref  DFF        Ref:/WORK/CSS_Transmitter_Top/u_framer/u_payload_ram/b10/mem_reg_4__6_
  Impl DFF        Imp:/WORK/CSS_Transmitter_Top/u_framer/u_payload_ram/b10/mem_reg_4__6_

  Ref  DFF        Ref:/WORK/CSS_Transmitter_Top/u_framer/u_payload_ram/b10/mem_reg_4__7_
  Impl DFF        Imp:/WORK/CSS_Transmitter_Top/u_framer/u_payload_ram/b10/mem_reg_4__7_

  Ref  DFF        Ref:/WORK/CSS_Transmitter_Top/u_framer/u_payload_ram/b10/mem_reg_5__0_
  Impl DFF        Imp:/WORK/CSS_Transmitter_Top/u_framer/u_payload_ram/b10/mem_reg_5__0_

  Ref  DFF        Ref:/WORK/CSS_Transmitter_Top/u_framer/u_payload_ram/b10/mem_reg_5__1_
  Impl DFF        Imp:/WORK/CSS_Transmitter_Top/u_framer/u_payload_ram/b10/mem_reg_5__1_

  Ref  DFF        Ref:/WORK/CSS_Transmitter_Top/u_framer/u_payload_ram/b10/mem_reg_5__2_
  Impl DFF        Imp:/WORK/CSS_Transmitter_Top/u_framer/u_payload_ram/b10/mem_reg_5__2_

  Ref  DFF        Ref:/WORK/CSS_Transmitter_Top/u_framer/u_payload_ram/b10/mem_reg_5__3_
  Impl DFF        Imp:/WORK/CSS_Transmitter_Top/u_framer/u_payload_ram/b10/mem_reg_5__3_

  Ref  DFF        Ref:/WORK/CSS_Transmitter_Top/u_framer/u_payload_ram/b10/mem_reg_5__4_
  Impl DFF        Imp:/WORK/CSS_Transmitter_Top/u_framer/u_payload_ram/b10/mem_reg_5__4_

  Ref  DFF        Ref:/WORK/CSS_Transmitter_Top/u_framer/u_payload_ram/b10/mem_reg_5__5_
  Impl DFF        Imp:/WORK/CSS_Transmitter_Top/u_framer/u_payload_ram/b10/mem_reg_5__5_

  Ref  DFF        Ref:/WORK/CSS_Transmitter_Top/u_framer/u_payload_ram/b10/mem_reg_5__6_
  Impl DFF        Imp:/WORK/CSS_Transmitter_Top/u_framer/u_payload_ram/b10/mem_reg_5__6_

  Ref  DFF        Ref:/WORK/CSS_Transmitter_Top/u_framer/u_payload_ram/b10/mem_reg_5__7_
  Impl DFF        Imp:/WORK/CSS_Transmitter_Top/u_framer/u_payload_ram/b10/mem_reg_5__7_

  Ref  DFF        Ref:/WORK/CSS_Transmitter_Top/u_framer/u_payload_ram/b10/mem_reg_6__0_
  Impl DFF        Imp:/WORK/CSS_Transmitter_Top/u_framer/u_payload_ram/b10/mem_reg_6__0_

  Ref  DFF        Ref:/WORK/CSS_Transmitter_Top/u_framer/u_payload_ram/b10/mem_reg_6__1_
  Impl DFF        Imp:/WORK/CSS_Transmitter_Top/u_framer/u_payload_ram/b10/mem_reg_6__1_

  Ref  DFF        Ref:/WORK/CSS_Transmitter_Top/u_framer/u_payload_ram/b10/mem_reg_6__2_
  Impl DFF        Imp:/WORK/CSS_Transmitter_Top/u_framer/u_payload_ram/b10/mem_reg_6__2_

  Ref  DFF        Ref:/WORK/CSS_Transmitter_Top/u_framer/u_payload_ram/b10/mem_reg_6__3_
  Impl DFF        Imp:/WORK/CSS_Transmitter_Top/u_framer/u_payload_ram/b10/mem_reg_6__3_

  Ref  DFF        Ref:/WORK/CSS_Transmitter_Top/u_framer/u_payload_ram/b10/mem_reg_6__4_
  Impl DFF        Imp:/WORK/CSS_Transmitter_Top/u_framer/u_payload_ram/b10/mem_reg_6__4_

  Ref  DFF        Ref:/WORK/CSS_Transmitter_Top/u_framer/u_payload_ram/b10/mem_reg_6__5_
  Impl DFF        Imp:/WORK/CSS_Transmitter_Top/u_framer/u_payload_ram/b10/mem_reg_6__5_

  Ref  DFF        Ref:/WORK/CSS_Transmitter_Top/u_framer/u_payload_ram/b10/mem_reg_6__6_
  Impl DFF        Imp:/WORK/CSS_Transmitter_Top/u_framer/u_payload_ram/b10/mem_reg_6__6_

  Ref  DFF        Ref:/WORK/CSS_Transmitter_Top/u_framer/u_payload_ram/b10/mem_reg_6__7_
  Impl DFF        Imp:/WORK/CSS_Transmitter_Top/u_framer/u_payload_ram/b10/mem_reg_6__7_

  Ref  DFF        Ref:/WORK/CSS_Transmitter_Top/u_framer/u_payload_ram/b10/mem_reg_7__0_
  Impl DFF        Imp:/WORK/CSS_Transmitter_Top/u_framer/u_payload_ram/b10/mem_reg_7__0_

  Ref  DFF        Ref:/WORK/CSS_Transmitter_Top/u_framer/u_payload_ram/b10/mem_reg_7__1_
  Impl DFF        Imp:/WORK/CSS_Transmitter_Top/u_framer/u_payload_ram/b10/mem_reg_7__1_

  Ref  DFF        Ref:/WORK/CSS_Transmitter_Top/u_framer/u_payload_ram/b10/mem_reg_7__2_
  Impl DFF        Imp:/WORK/CSS_Transmitter_Top/u_framer/u_payload_ram/b10/mem_reg_7__2_

  Ref  DFF        Ref:/WORK/CSS_Transmitter_Top/u_framer/u_payload_ram/b10/mem_reg_7__3_
  Impl DFF        Imp:/WORK/CSS_Transmitter_Top/u_framer/u_payload_ram/b10/mem_reg_7__3_

  Ref  DFF        Ref:/WORK/CSS_Transmitter_Top/u_framer/u_payload_ram/b10/mem_reg_7__4_
  Impl DFF        Imp:/WORK/CSS_Transmitter_Top/u_framer/u_payload_ram/b10/mem_reg_7__4_

  Ref  DFF        Ref:/WORK/CSS_Transmitter_Top/u_framer/u_payload_ram/b10/mem_reg_7__5_
  Impl DFF        Imp:/WORK/CSS_Transmitter_Top/u_framer/u_payload_ram/b10/mem_reg_7__5_

  Ref  DFF        Ref:/WORK/CSS_Transmitter_Top/u_framer/u_payload_ram/b10/mem_reg_7__6_
  Impl DFF        Imp:/WORK/CSS_Transmitter_Top/u_framer/u_payload_ram/b10/mem_reg_7__6_

  Ref  DFF        Ref:/WORK/CSS_Transmitter_Top/u_framer/u_payload_ram/b10/mem_reg_7__7_
  Impl DFF        Imp:/WORK/CSS_Transmitter_Top/u_framer/u_payload_ram/b10/mem_reg_7__7_

  Ref  DFF        Ref:/WORK/CSS_Transmitter_Top/u_framer/u_payload_ram/b11/mem_reg_0__0_
  Impl DFF        Imp:/WORK/CSS_Transmitter_Top/u_framer/u_payload_ram/b11/mem_reg_0__0_

  Ref  DFF        Ref:/WORK/CSS_Transmitter_Top/u_framer/u_payload_ram/b11/mem_reg_0__1_
  Impl DFF        Imp:/WORK/CSS_Transmitter_Top/u_framer/u_payload_ram/b11/mem_reg_0__1_

  Ref  DFF        Ref:/WORK/CSS_Transmitter_Top/u_framer/u_payload_ram/b11/mem_reg_0__2_
  Impl DFF        Imp:/WORK/CSS_Transmitter_Top/u_framer/u_payload_ram/b11/mem_reg_0__2_

  Ref  DFF        Ref:/WORK/CSS_Transmitter_Top/u_framer/u_payload_ram/b11/mem_reg_0__3_
  Impl DFF        Imp:/WORK/CSS_Transmitter_Top/u_framer/u_payload_ram/b11/mem_reg_0__3_

  Ref  DFF        Ref:/WORK/CSS_Transmitter_Top/u_framer/u_payload_ram/b11/mem_reg_0__4_
  Impl DFF        Imp:/WORK/CSS_Transmitter_Top/u_framer/u_payload_ram/b11/mem_reg_0__4_

  Ref  DFF        Ref:/WORK/CSS_Transmitter_Top/u_framer/u_payload_ram/b11/mem_reg_0__5_
  Impl DFF        Imp:/WORK/CSS_Transmitter_Top/u_framer/u_payload_ram/b11/mem_reg_0__5_

  Ref  DFF        Ref:/WORK/CSS_Transmitter_Top/u_framer/u_payload_ram/b11/mem_reg_0__6_
  Impl DFF        Imp:/WORK/CSS_Transmitter_Top/u_framer/u_payload_ram/b11/mem_reg_0__6_

  Ref  DFF        Ref:/WORK/CSS_Transmitter_Top/u_framer/u_payload_ram/b11/mem_reg_0__7_
  Impl DFF        Imp:/WORK/CSS_Transmitter_Top/u_framer/u_payload_ram/b11/mem_reg_0__7_

  Ref  DFF        Ref:/WORK/CSS_Transmitter_Top/u_framer/u_payload_ram/b11/mem_reg_1__0_
  Impl DFF        Imp:/WORK/CSS_Transmitter_Top/u_framer/u_payload_ram/b11/mem_reg_1__0_

  Ref  DFF        Ref:/WORK/CSS_Transmitter_Top/u_framer/u_payload_ram/b11/mem_reg_1__1_
  Impl DFF        Imp:/WORK/CSS_Transmitter_Top/u_framer/u_payload_ram/b11/mem_reg_1__1_

  Ref  DFF        Ref:/WORK/CSS_Transmitter_Top/u_framer/u_payload_ram/b11/mem_reg_1__2_
  Impl DFF        Imp:/WORK/CSS_Transmitter_Top/u_framer/u_payload_ram/b11/mem_reg_1__2_

  Ref  DFF        Ref:/WORK/CSS_Transmitter_Top/u_framer/u_payload_ram/b11/mem_reg_1__3_
  Impl DFF        Imp:/WORK/CSS_Transmitter_Top/u_framer/u_payload_ram/b11/mem_reg_1__3_

  Ref  DFF        Ref:/WORK/CSS_Transmitter_Top/u_framer/u_payload_ram/b11/mem_reg_1__4_
  Impl DFF        Imp:/WORK/CSS_Transmitter_Top/u_framer/u_payload_ram/b11/mem_reg_1__4_

  Ref  DFF        Ref:/WORK/CSS_Transmitter_Top/u_framer/u_payload_ram/b11/mem_reg_1__5_
  Impl DFF        Imp:/WORK/CSS_Transmitter_Top/u_framer/u_payload_ram/b11/mem_reg_1__5_

  Ref  DFF        Ref:/WORK/CSS_Transmitter_Top/u_framer/u_payload_ram/b11/mem_reg_1__6_
  Impl DFF        Imp:/WORK/CSS_Transmitter_Top/u_framer/u_payload_ram/b11/mem_reg_1__6_

  Ref  DFF        Ref:/WORK/CSS_Transmitter_Top/u_framer/u_payload_ram/b11/mem_reg_1__7_
  Impl DFF        Imp:/WORK/CSS_Transmitter_Top/u_framer/u_payload_ram/b11/mem_reg_1__7_

  Ref  DFF        Ref:/WORK/CSS_Transmitter_Top/u_framer/u_payload_ram/b11/mem_reg_2__0_
  Impl DFF        Imp:/WORK/CSS_Transmitter_Top/u_framer/u_payload_ram/b11/mem_reg_2__0_

  Ref  DFF        Ref:/WORK/CSS_Transmitter_Top/u_framer/u_payload_ram/b11/mem_reg_2__1_
  Impl DFF        Imp:/WORK/CSS_Transmitter_Top/u_framer/u_payload_ram/b11/mem_reg_2__1_

  Ref  DFF        Ref:/WORK/CSS_Transmitter_Top/u_framer/u_payload_ram/b11/mem_reg_2__2_
  Impl DFF        Imp:/WORK/CSS_Transmitter_Top/u_framer/u_payload_ram/b11/mem_reg_2__2_

  Ref  DFF        Ref:/WORK/CSS_Transmitter_Top/u_framer/u_payload_ram/b11/mem_reg_2__3_
  Impl DFF        Imp:/WORK/CSS_Transmitter_Top/u_framer/u_payload_ram/b11/mem_reg_2__3_

  Ref  DFF        Ref:/WORK/CSS_Transmitter_Top/u_framer/u_payload_ram/b11/mem_reg_2__4_
  Impl DFF        Imp:/WORK/CSS_Transmitter_Top/u_framer/u_payload_ram/b11/mem_reg_2__4_

  Ref  DFF        Ref:/WORK/CSS_Transmitter_Top/u_framer/u_payload_ram/b11/mem_reg_2__5_
  Impl DFF        Imp:/WORK/CSS_Transmitter_Top/u_framer/u_payload_ram/b11/mem_reg_2__5_

  Ref  DFF        Ref:/WORK/CSS_Transmitter_Top/u_framer/u_payload_ram/b11/mem_reg_2__6_
  Impl DFF        Imp:/WORK/CSS_Transmitter_Top/u_framer/u_payload_ram/b11/mem_reg_2__6_

  Ref  DFF        Ref:/WORK/CSS_Transmitter_Top/u_framer/u_payload_ram/b11/mem_reg_2__7_
  Impl DFF        Imp:/WORK/CSS_Transmitter_Top/u_framer/u_payload_ram/b11/mem_reg_2__7_

  Ref  DFF        Ref:/WORK/CSS_Transmitter_Top/u_framer/u_payload_ram/b11/mem_reg_3__0_
  Impl DFF        Imp:/WORK/CSS_Transmitter_Top/u_framer/u_payload_ram/b11/mem_reg_3__0_

  Ref  DFF        Ref:/WORK/CSS_Transmitter_Top/u_framer/u_payload_ram/b11/mem_reg_3__1_
  Impl DFF        Imp:/WORK/CSS_Transmitter_Top/u_framer/u_payload_ram/b11/mem_reg_3__1_

  Ref  DFF        Ref:/WORK/CSS_Transmitter_Top/u_framer/u_payload_ram/b11/mem_reg_3__2_
  Impl DFF        Imp:/WORK/CSS_Transmitter_Top/u_framer/u_payload_ram/b11/mem_reg_3__2_

  Ref  DFF        Ref:/WORK/CSS_Transmitter_Top/u_framer/u_payload_ram/b11/mem_reg_3__3_
  Impl DFF        Imp:/WORK/CSS_Transmitter_Top/u_framer/u_payload_ram/b11/mem_reg_3__3_

  Ref  DFF        Ref:/WORK/CSS_Transmitter_Top/u_framer/u_payload_ram/b11/mem_reg_3__4_
  Impl DFF        Imp:/WORK/CSS_Transmitter_Top/u_framer/u_payload_ram/b11/mem_reg_3__4_

  Ref  DFF        Ref:/WORK/CSS_Transmitter_Top/u_framer/u_payload_ram/b11/mem_reg_3__5_
  Impl DFF        Imp:/WORK/CSS_Transmitter_Top/u_framer/u_payload_ram/b11/mem_reg_3__5_

  Ref  DFF        Ref:/WORK/CSS_Transmitter_Top/u_framer/u_payload_ram/b11/mem_reg_3__6_
  Impl DFF        Imp:/WORK/CSS_Transmitter_Top/u_framer/u_payload_ram/b11/mem_reg_3__6_

  Ref  DFF        Ref:/WORK/CSS_Transmitter_Top/u_framer/u_payload_ram/b11/mem_reg_3__7_
  Impl DFF        Imp:/WORK/CSS_Transmitter_Top/u_framer/u_payload_ram/b11/mem_reg_3__7_

  Ref  DFF        Ref:/WORK/CSS_Transmitter_Top/u_framer/u_payload_ram/b11/mem_reg_4__0_
  Impl DFF        Imp:/WORK/CSS_Transmitter_Top/u_framer/u_payload_ram/b11/mem_reg_4__0_

  Ref  DFF        Ref:/WORK/CSS_Transmitter_Top/u_framer/u_payload_ram/b11/mem_reg_4__1_
  Impl DFF        Imp:/WORK/CSS_Transmitter_Top/u_framer/u_payload_ram/b11/mem_reg_4__1_

  Ref  DFF        Ref:/WORK/CSS_Transmitter_Top/u_framer/u_payload_ram/b11/mem_reg_4__2_
  Impl DFF        Imp:/WORK/CSS_Transmitter_Top/u_framer/u_payload_ram/b11/mem_reg_4__2_

  Ref  DFF        Ref:/WORK/CSS_Transmitter_Top/u_framer/u_payload_ram/b11/mem_reg_4__3_
  Impl DFF        Imp:/WORK/CSS_Transmitter_Top/u_framer/u_payload_ram/b11/mem_reg_4__3_

  Ref  DFF        Ref:/WORK/CSS_Transmitter_Top/u_framer/u_payload_ram/b11/mem_reg_4__4_
  Impl DFF        Imp:/WORK/CSS_Transmitter_Top/u_framer/u_payload_ram/b11/mem_reg_4__4_

  Ref  DFF        Ref:/WORK/CSS_Transmitter_Top/u_framer/u_payload_ram/b11/mem_reg_4__5_
  Impl DFF        Imp:/WORK/CSS_Transmitter_Top/u_framer/u_payload_ram/b11/mem_reg_4__5_

  Ref  DFF        Ref:/WORK/CSS_Transmitter_Top/u_framer/u_payload_ram/b11/mem_reg_4__6_
  Impl DFF        Imp:/WORK/CSS_Transmitter_Top/u_framer/u_payload_ram/b11/mem_reg_4__6_

  Ref  DFF        Ref:/WORK/CSS_Transmitter_Top/u_framer/u_payload_ram/b11/mem_reg_4__7_
  Impl DFF        Imp:/WORK/CSS_Transmitter_Top/u_framer/u_payload_ram/b11/mem_reg_4__7_

  Ref  DFF        Ref:/WORK/CSS_Transmitter_Top/u_framer/u_payload_ram/b11/mem_reg_5__0_
  Impl DFF        Imp:/WORK/CSS_Transmitter_Top/u_framer/u_payload_ram/b11/mem_reg_5__0_

  Ref  DFF        Ref:/WORK/CSS_Transmitter_Top/u_framer/u_payload_ram/b11/mem_reg_5__1_
  Impl DFF        Imp:/WORK/CSS_Transmitter_Top/u_framer/u_payload_ram/b11/mem_reg_5__1_

  Ref  DFF        Ref:/WORK/CSS_Transmitter_Top/u_framer/u_payload_ram/b11/mem_reg_5__2_
  Impl DFF        Imp:/WORK/CSS_Transmitter_Top/u_framer/u_payload_ram/b11/mem_reg_5__2_

  Ref  DFF        Ref:/WORK/CSS_Transmitter_Top/u_framer/u_payload_ram/b11/mem_reg_5__3_
  Impl DFF        Imp:/WORK/CSS_Transmitter_Top/u_framer/u_payload_ram/b11/mem_reg_5__3_

  Ref  DFF        Ref:/WORK/CSS_Transmitter_Top/u_framer/u_payload_ram/b11/mem_reg_5__4_
  Impl DFF        Imp:/WORK/CSS_Transmitter_Top/u_framer/u_payload_ram/b11/mem_reg_5__4_

  Ref  DFF        Ref:/WORK/CSS_Transmitter_Top/u_framer/u_payload_ram/b11/mem_reg_5__5_
  Impl DFF        Imp:/WORK/CSS_Transmitter_Top/u_framer/u_payload_ram/b11/mem_reg_5__5_

  Ref  DFF        Ref:/WORK/CSS_Transmitter_Top/u_framer/u_payload_ram/b11/mem_reg_5__6_
  Impl DFF        Imp:/WORK/CSS_Transmitter_Top/u_framer/u_payload_ram/b11/mem_reg_5__6_

  Ref  DFF        Ref:/WORK/CSS_Transmitter_Top/u_framer/u_payload_ram/b11/mem_reg_5__7_
  Impl DFF        Imp:/WORK/CSS_Transmitter_Top/u_framer/u_payload_ram/b11/mem_reg_5__7_

  Ref  DFF        Ref:/WORK/CSS_Transmitter_Top/u_framer/u_payload_ram/b11/mem_reg_6__0_
  Impl DFF        Imp:/WORK/CSS_Transmitter_Top/u_framer/u_payload_ram/b11/mem_reg_6__0_

  Ref  DFF        Ref:/WORK/CSS_Transmitter_Top/u_framer/u_payload_ram/b11/mem_reg_6__1_
  Impl DFF        Imp:/WORK/CSS_Transmitter_Top/u_framer/u_payload_ram/b11/mem_reg_6__1_

  Ref  DFF        Ref:/WORK/CSS_Transmitter_Top/u_framer/u_payload_ram/b11/mem_reg_6__2_
  Impl DFF        Imp:/WORK/CSS_Transmitter_Top/u_framer/u_payload_ram/b11/mem_reg_6__2_

  Ref  DFF        Ref:/WORK/CSS_Transmitter_Top/u_framer/u_payload_ram/b11/mem_reg_6__3_
  Impl DFF        Imp:/WORK/CSS_Transmitter_Top/u_framer/u_payload_ram/b11/mem_reg_6__3_

  Ref  DFF        Ref:/WORK/CSS_Transmitter_Top/u_framer/u_payload_ram/b11/mem_reg_6__4_
  Impl DFF        Imp:/WORK/CSS_Transmitter_Top/u_framer/u_payload_ram/b11/mem_reg_6__4_

  Ref  DFF        Ref:/WORK/CSS_Transmitter_Top/u_framer/u_payload_ram/b11/mem_reg_6__5_
  Impl DFF        Imp:/WORK/CSS_Transmitter_Top/u_framer/u_payload_ram/b11/mem_reg_6__5_

  Ref  DFF        Ref:/WORK/CSS_Transmitter_Top/u_framer/u_payload_ram/b11/mem_reg_6__6_
  Impl DFF        Imp:/WORK/CSS_Transmitter_Top/u_framer/u_payload_ram/b11/mem_reg_6__6_

  Ref  DFF        Ref:/WORK/CSS_Transmitter_Top/u_framer/u_payload_ram/b11/mem_reg_6__7_
  Impl DFF        Imp:/WORK/CSS_Transmitter_Top/u_framer/u_payload_ram/b11/mem_reg_6__7_

  Ref  DFF        Ref:/WORK/CSS_Transmitter_Top/u_framer/u_payload_ram/b11/mem_reg_7__0_
  Impl DFF        Imp:/WORK/CSS_Transmitter_Top/u_framer/u_payload_ram/b11/mem_reg_7__0_

  Ref  DFF        Ref:/WORK/CSS_Transmitter_Top/u_framer/u_payload_ram/b11/mem_reg_7__1_
  Impl DFF        Imp:/WORK/CSS_Transmitter_Top/u_framer/u_payload_ram/b11/mem_reg_7__1_

  Ref  DFF        Ref:/WORK/CSS_Transmitter_Top/u_framer/u_payload_ram/b11/mem_reg_7__2_
  Impl DFF        Imp:/WORK/CSS_Transmitter_Top/u_framer/u_payload_ram/b11/mem_reg_7__2_

  Ref  DFF        Ref:/WORK/CSS_Transmitter_Top/u_framer/u_payload_ram/b11/mem_reg_7__3_
  Impl DFF        Imp:/WORK/CSS_Transmitter_Top/u_framer/u_payload_ram/b11/mem_reg_7__3_

  Ref  DFF        Ref:/WORK/CSS_Transmitter_Top/u_framer/u_payload_ram/b11/mem_reg_7__4_
  Impl DFF        Imp:/WORK/CSS_Transmitter_Top/u_framer/u_payload_ram/b11/mem_reg_7__4_

  Ref  DFF        Ref:/WORK/CSS_Transmitter_Top/u_framer/u_payload_ram/b11/mem_reg_7__5_
  Impl DFF        Imp:/WORK/CSS_Transmitter_Top/u_framer/u_payload_ram/b11/mem_reg_7__5_

  Ref  DFF        Ref:/WORK/CSS_Transmitter_Top/u_framer/u_payload_ram/b11/mem_reg_7__6_
  Impl DFF        Imp:/WORK/CSS_Transmitter_Top/u_framer/u_payload_ram/b11/mem_reg_7__6_

  Ref  DFF        Ref:/WORK/CSS_Transmitter_Top/u_framer/u_payload_ram/b11/mem_reg_7__7_
  Impl DFF        Imp:/WORK/CSS_Transmitter_Top/u_framer/u_payload_ram/b11/mem_reg_7__7_

  Ref  DFF        Ref:/WORK/CSS_Transmitter_Top/u_framer/u_payload_ram/b12/mem_reg_0__0_
  Impl DFF        Imp:/WORK/CSS_Transmitter_Top/u_framer/u_payload_ram/b12/mem_reg_0__0_

  Ref  DFF        Ref:/WORK/CSS_Transmitter_Top/u_framer/u_payload_ram/b12/mem_reg_0__1_
  Impl DFF        Imp:/WORK/CSS_Transmitter_Top/u_framer/u_payload_ram/b12/mem_reg_0__1_

  Ref  DFF        Ref:/WORK/CSS_Transmitter_Top/u_framer/u_payload_ram/b12/mem_reg_0__2_
  Impl DFF        Imp:/WORK/CSS_Transmitter_Top/u_framer/u_payload_ram/b12/mem_reg_0__2_

  Ref  DFF        Ref:/WORK/CSS_Transmitter_Top/u_framer/u_payload_ram/b12/mem_reg_0__3_
  Impl DFF        Imp:/WORK/CSS_Transmitter_Top/u_framer/u_payload_ram/b12/mem_reg_0__3_

  Ref  DFF        Ref:/WORK/CSS_Transmitter_Top/u_framer/u_payload_ram/b12/mem_reg_0__4_
  Impl DFF        Imp:/WORK/CSS_Transmitter_Top/u_framer/u_payload_ram/b12/mem_reg_0__4_

  Ref  DFF        Ref:/WORK/CSS_Transmitter_Top/u_framer/u_payload_ram/b12/mem_reg_0__5_
  Impl DFF        Imp:/WORK/CSS_Transmitter_Top/u_framer/u_payload_ram/b12/mem_reg_0__5_

  Ref  DFF        Ref:/WORK/CSS_Transmitter_Top/u_framer/u_payload_ram/b12/mem_reg_0__6_
  Impl DFF        Imp:/WORK/CSS_Transmitter_Top/u_framer/u_payload_ram/b12/mem_reg_0__6_

  Ref  DFF        Ref:/WORK/CSS_Transmitter_Top/u_framer/u_payload_ram/b12/mem_reg_0__7_
  Impl DFF        Imp:/WORK/CSS_Transmitter_Top/u_framer/u_payload_ram/b12/mem_reg_0__7_

  Ref  DFF        Ref:/WORK/CSS_Transmitter_Top/u_framer/u_payload_ram/b12/mem_reg_1__0_
  Impl DFF        Imp:/WORK/CSS_Transmitter_Top/u_framer/u_payload_ram/b12/mem_reg_1__0_

  Ref  DFF        Ref:/WORK/CSS_Transmitter_Top/u_framer/u_payload_ram/b12/mem_reg_1__1_
  Impl DFF        Imp:/WORK/CSS_Transmitter_Top/u_framer/u_payload_ram/b12/mem_reg_1__1_

  Ref  DFF        Ref:/WORK/CSS_Transmitter_Top/u_framer/u_payload_ram/b12/mem_reg_1__2_
  Impl DFF        Imp:/WORK/CSS_Transmitter_Top/u_framer/u_payload_ram/b12/mem_reg_1__2_

  Ref  DFF        Ref:/WORK/CSS_Transmitter_Top/u_framer/u_payload_ram/b12/mem_reg_1__3_
  Impl DFF        Imp:/WORK/CSS_Transmitter_Top/u_framer/u_payload_ram/b12/mem_reg_1__3_

  Ref  DFF        Ref:/WORK/CSS_Transmitter_Top/u_framer/u_payload_ram/b12/mem_reg_1__4_
  Impl DFF        Imp:/WORK/CSS_Transmitter_Top/u_framer/u_payload_ram/b12/mem_reg_1__4_

  Ref  DFF        Ref:/WORK/CSS_Transmitter_Top/u_framer/u_payload_ram/b12/mem_reg_1__5_
  Impl DFF        Imp:/WORK/CSS_Transmitter_Top/u_framer/u_payload_ram/b12/mem_reg_1__5_

  Ref  DFF        Ref:/WORK/CSS_Transmitter_Top/u_framer/u_payload_ram/b12/mem_reg_1__6_
  Impl DFF        Imp:/WORK/CSS_Transmitter_Top/u_framer/u_payload_ram/b12/mem_reg_1__6_

  Ref  DFF        Ref:/WORK/CSS_Transmitter_Top/u_framer/u_payload_ram/b12/mem_reg_1__7_
  Impl DFF        Imp:/WORK/CSS_Transmitter_Top/u_framer/u_payload_ram/b12/mem_reg_1__7_

  Ref  DFF        Ref:/WORK/CSS_Transmitter_Top/u_framer/u_payload_ram/b12/mem_reg_2__0_
  Impl DFF        Imp:/WORK/CSS_Transmitter_Top/u_framer/u_payload_ram/b12/mem_reg_2__0_

  Ref  DFF        Ref:/WORK/CSS_Transmitter_Top/u_framer/u_payload_ram/b12/mem_reg_2__1_
  Impl DFF        Imp:/WORK/CSS_Transmitter_Top/u_framer/u_payload_ram/b12/mem_reg_2__1_

  Ref  DFF        Ref:/WORK/CSS_Transmitter_Top/u_framer/u_payload_ram/b12/mem_reg_2__2_
  Impl DFF        Imp:/WORK/CSS_Transmitter_Top/u_framer/u_payload_ram/b12/mem_reg_2__2_

  Ref  DFF        Ref:/WORK/CSS_Transmitter_Top/u_framer/u_payload_ram/b12/mem_reg_2__3_
  Impl DFF        Imp:/WORK/CSS_Transmitter_Top/u_framer/u_payload_ram/b12/mem_reg_2__3_

  Ref  DFF        Ref:/WORK/CSS_Transmitter_Top/u_framer/u_payload_ram/b12/mem_reg_2__4_
  Impl DFF        Imp:/WORK/CSS_Transmitter_Top/u_framer/u_payload_ram/b12/mem_reg_2__4_

  Ref  DFF        Ref:/WORK/CSS_Transmitter_Top/u_framer/u_payload_ram/b12/mem_reg_2__5_
  Impl DFF        Imp:/WORK/CSS_Transmitter_Top/u_framer/u_payload_ram/b12/mem_reg_2__5_

  Ref  DFF        Ref:/WORK/CSS_Transmitter_Top/u_framer/u_payload_ram/b12/mem_reg_2__6_
  Impl DFF        Imp:/WORK/CSS_Transmitter_Top/u_framer/u_payload_ram/b12/mem_reg_2__6_

  Ref  DFF        Ref:/WORK/CSS_Transmitter_Top/u_framer/u_payload_ram/b12/mem_reg_2__7_
  Impl DFF        Imp:/WORK/CSS_Transmitter_Top/u_framer/u_payload_ram/b12/mem_reg_2__7_

  Ref  DFF        Ref:/WORK/CSS_Transmitter_Top/u_framer/u_payload_ram/b12/mem_reg_3__0_
  Impl DFF        Imp:/WORK/CSS_Transmitter_Top/u_framer/u_payload_ram/b12/mem_reg_3__0_

  Ref  DFF        Ref:/WORK/CSS_Transmitter_Top/u_framer/u_payload_ram/b12/mem_reg_3__1_
  Impl DFF        Imp:/WORK/CSS_Transmitter_Top/u_framer/u_payload_ram/b12/mem_reg_3__1_

  Ref  DFF        Ref:/WORK/CSS_Transmitter_Top/u_framer/u_payload_ram/b12/mem_reg_3__2_
  Impl DFF        Imp:/WORK/CSS_Transmitter_Top/u_framer/u_payload_ram/b12/mem_reg_3__2_

  Ref  DFF        Ref:/WORK/CSS_Transmitter_Top/u_framer/u_payload_ram/b12/mem_reg_3__3_
  Impl DFF        Imp:/WORK/CSS_Transmitter_Top/u_framer/u_payload_ram/b12/mem_reg_3__3_

  Ref  DFF        Ref:/WORK/CSS_Transmitter_Top/u_framer/u_payload_ram/b12/mem_reg_3__4_
  Impl DFF        Imp:/WORK/CSS_Transmitter_Top/u_framer/u_payload_ram/b12/mem_reg_3__4_

  Ref  DFF        Ref:/WORK/CSS_Transmitter_Top/u_framer/u_payload_ram/b12/mem_reg_3__5_
  Impl DFF        Imp:/WORK/CSS_Transmitter_Top/u_framer/u_payload_ram/b12/mem_reg_3__5_

  Ref  DFF        Ref:/WORK/CSS_Transmitter_Top/u_framer/u_payload_ram/b12/mem_reg_3__6_
  Impl DFF        Imp:/WORK/CSS_Transmitter_Top/u_framer/u_payload_ram/b12/mem_reg_3__6_

  Ref  DFF        Ref:/WORK/CSS_Transmitter_Top/u_framer/u_payload_ram/b12/mem_reg_3__7_
  Impl DFF        Imp:/WORK/CSS_Transmitter_Top/u_framer/u_payload_ram/b12/mem_reg_3__7_

  Ref  DFF        Ref:/WORK/CSS_Transmitter_Top/u_framer/u_payload_ram/b12/mem_reg_4__0_
  Impl DFF        Imp:/WORK/CSS_Transmitter_Top/u_framer/u_payload_ram/b12/mem_reg_4__0_

  Ref  DFF        Ref:/WORK/CSS_Transmitter_Top/u_framer/u_payload_ram/b12/mem_reg_4__1_
  Impl DFF        Imp:/WORK/CSS_Transmitter_Top/u_framer/u_payload_ram/b12/mem_reg_4__1_

  Ref  DFF        Ref:/WORK/CSS_Transmitter_Top/u_framer/u_payload_ram/b12/mem_reg_4__2_
  Impl DFF        Imp:/WORK/CSS_Transmitter_Top/u_framer/u_payload_ram/b12/mem_reg_4__2_

  Ref  DFF        Ref:/WORK/CSS_Transmitter_Top/u_framer/u_payload_ram/b12/mem_reg_4__3_
  Impl DFF        Imp:/WORK/CSS_Transmitter_Top/u_framer/u_payload_ram/b12/mem_reg_4__3_

  Ref  DFF        Ref:/WORK/CSS_Transmitter_Top/u_framer/u_payload_ram/b12/mem_reg_4__4_
  Impl DFF        Imp:/WORK/CSS_Transmitter_Top/u_framer/u_payload_ram/b12/mem_reg_4__4_

  Ref  DFF        Ref:/WORK/CSS_Transmitter_Top/u_framer/u_payload_ram/b12/mem_reg_4__5_
  Impl DFF        Imp:/WORK/CSS_Transmitter_Top/u_framer/u_payload_ram/b12/mem_reg_4__5_

  Ref  DFF        Ref:/WORK/CSS_Transmitter_Top/u_framer/u_payload_ram/b12/mem_reg_4__6_
  Impl DFF        Imp:/WORK/CSS_Transmitter_Top/u_framer/u_payload_ram/b12/mem_reg_4__6_

  Ref  DFF        Ref:/WORK/CSS_Transmitter_Top/u_framer/u_payload_ram/b12/mem_reg_4__7_
  Impl DFF        Imp:/WORK/CSS_Transmitter_Top/u_framer/u_payload_ram/b12/mem_reg_4__7_

  Ref  DFF        Ref:/WORK/CSS_Transmitter_Top/u_framer/u_payload_ram/b12/mem_reg_5__0_
  Impl DFF        Imp:/WORK/CSS_Transmitter_Top/u_framer/u_payload_ram/b12/mem_reg_5__0_

  Ref  DFF        Ref:/WORK/CSS_Transmitter_Top/u_framer/u_payload_ram/b12/mem_reg_5__1_
  Impl DFF        Imp:/WORK/CSS_Transmitter_Top/u_framer/u_payload_ram/b12/mem_reg_5__1_

  Ref  DFF        Ref:/WORK/CSS_Transmitter_Top/u_framer/u_payload_ram/b12/mem_reg_5__2_
  Impl DFF        Imp:/WORK/CSS_Transmitter_Top/u_framer/u_payload_ram/b12/mem_reg_5__2_

  Ref  DFF        Ref:/WORK/CSS_Transmitter_Top/u_framer/u_payload_ram/b12/mem_reg_5__3_
  Impl DFF        Imp:/WORK/CSS_Transmitter_Top/u_framer/u_payload_ram/b12/mem_reg_5__3_

  Ref  DFF        Ref:/WORK/CSS_Transmitter_Top/u_framer/u_payload_ram/b12/mem_reg_5__4_
  Impl DFF        Imp:/WORK/CSS_Transmitter_Top/u_framer/u_payload_ram/b12/mem_reg_5__4_

  Ref  DFF        Ref:/WORK/CSS_Transmitter_Top/u_framer/u_payload_ram/b12/mem_reg_5__5_
  Impl DFF        Imp:/WORK/CSS_Transmitter_Top/u_framer/u_payload_ram/b12/mem_reg_5__5_

  Ref  DFF        Ref:/WORK/CSS_Transmitter_Top/u_framer/u_payload_ram/b12/mem_reg_5__6_
  Impl DFF        Imp:/WORK/CSS_Transmitter_Top/u_framer/u_payload_ram/b12/mem_reg_5__6_

  Ref  DFF        Ref:/WORK/CSS_Transmitter_Top/u_framer/u_payload_ram/b12/mem_reg_5__7_
  Impl DFF        Imp:/WORK/CSS_Transmitter_Top/u_framer/u_payload_ram/b12/mem_reg_5__7_

  Ref  DFF        Ref:/WORK/CSS_Transmitter_Top/u_framer/u_payload_ram/b12/mem_reg_6__0_
  Impl DFF        Imp:/WORK/CSS_Transmitter_Top/u_framer/u_payload_ram/b12/mem_reg_6__0_

  Ref  DFF        Ref:/WORK/CSS_Transmitter_Top/u_framer/u_payload_ram/b12/mem_reg_6__1_
  Impl DFF        Imp:/WORK/CSS_Transmitter_Top/u_framer/u_payload_ram/b12/mem_reg_6__1_

  Ref  DFF        Ref:/WORK/CSS_Transmitter_Top/u_framer/u_payload_ram/b12/mem_reg_6__2_
  Impl DFF        Imp:/WORK/CSS_Transmitter_Top/u_framer/u_payload_ram/b12/mem_reg_6__2_

  Ref  DFF        Ref:/WORK/CSS_Transmitter_Top/u_framer/u_payload_ram/b12/mem_reg_6__3_
  Impl DFF        Imp:/WORK/CSS_Transmitter_Top/u_framer/u_payload_ram/b12/mem_reg_6__3_

  Ref  DFF        Ref:/WORK/CSS_Transmitter_Top/u_framer/u_payload_ram/b12/mem_reg_6__4_
  Impl DFF        Imp:/WORK/CSS_Transmitter_Top/u_framer/u_payload_ram/b12/mem_reg_6__4_

  Ref  DFF        Ref:/WORK/CSS_Transmitter_Top/u_framer/u_payload_ram/b12/mem_reg_6__5_
  Impl DFF        Imp:/WORK/CSS_Transmitter_Top/u_framer/u_payload_ram/b12/mem_reg_6__5_

  Ref  DFF        Ref:/WORK/CSS_Transmitter_Top/u_framer/u_payload_ram/b12/mem_reg_6__6_
  Impl DFF        Imp:/WORK/CSS_Transmitter_Top/u_framer/u_payload_ram/b12/mem_reg_6__6_

  Ref  DFF        Ref:/WORK/CSS_Transmitter_Top/u_framer/u_payload_ram/b12/mem_reg_6__7_
  Impl DFF        Imp:/WORK/CSS_Transmitter_Top/u_framer/u_payload_ram/b12/mem_reg_6__7_

  Ref  DFF        Ref:/WORK/CSS_Transmitter_Top/u_framer/u_payload_ram/b12/mem_reg_7__0_
  Impl DFF        Imp:/WORK/CSS_Transmitter_Top/u_framer/u_payload_ram/b12/mem_reg_7__0_

  Ref  DFF        Ref:/WORK/CSS_Transmitter_Top/u_framer/u_payload_ram/b12/mem_reg_7__1_
  Impl DFF        Imp:/WORK/CSS_Transmitter_Top/u_framer/u_payload_ram/b12/mem_reg_7__1_

  Ref  DFF        Ref:/WORK/CSS_Transmitter_Top/u_framer/u_payload_ram/b12/mem_reg_7__2_
  Impl DFF        Imp:/WORK/CSS_Transmitter_Top/u_framer/u_payload_ram/b12/mem_reg_7__2_

  Ref  DFF        Ref:/WORK/CSS_Transmitter_Top/u_framer/u_payload_ram/b12/mem_reg_7__3_
  Impl DFF        Imp:/WORK/CSS_Transmitter_Top/u_framer/u_payload_ram/b12/mem_reg_7__3_

  Ref  DFF        Ref:/WORK/CSS_Transmitter_Top/u_framer/u_payload_ram/b12/mem_reg_7__4_
  Impl DFF        Imp:/WORK/CSS_Transmitter_Top/u_framer/u_payload_ram/b12/mem_reg_7__4_

  Ref  DFF        Ref:/WORK/CSS_Transmitter_Top/u_framer/u_payload_ram/b12/mem_reg_7__5_
  Impl DFF        Imp:/WORK/CSS_Transmitter_Top/u_framer/u_payload_ram/b12/mem_reg_7__5_

  Ref  DFF        Ref:/WORK/CSS_Transmitter_Top/u_framer/u_payload_ram/b12/mem_reg_7__6_
  Impl DFF        Imp:/WORK/CSS_Transmitter_Top/u_framer/u_payload_ram/b12/mem_reg_7__6_

  Ref  DFF        Ref:/WORK/CSS_Transmitter_Top/u_framer/u_payload_ram/b12/mem_reg_7__7_
  Impl DFF        Imp:/WORK/CSS_Transmitter_Top/u_framer/u_payload_ram/b12/mem_reg_7__7_

  Ref  DFF        Ref:/WORK/CSS_Transmitter_Top/u_framer/u_payload_ram/b13/mem_reg_0__0_
  Impl DFF        Imp:/WORK/CSS_Transmitter_Top/u_framer/u_payload_ram/b13/mem_reg_0__0_

  Ref  DFF        Ref:/WORK/CSS_Transmitter_Top/u_framer/u_payload_ram/b13/mem_reg_0__1_
  Impl DFF        Imp:/WORK/CSS_Transmitter_Top/u_framer/u_payload_ram/b13/mem_reg_0__1_

  Ref  DFF        Ref:/WORK/CSS_Transmitter_Top/u_framer/u_payload_ram/b13/mem_reg_0__2_
  Impl DFF        Imp:/WORK/CSS_Transmitter_Top/u_framer/u_payload_ram/b13/mem_reg_0__2_

  Ref  DFF        Ref:/WORK/CSS_Transmitter_Top/u_framer/u_payload_ram/b13/mem_reg_0__3_
  Impl DFF        Imp:/WORK/CSS_Transmitter_Top/u_framer/u_payload_ram/b13/mem_reg_0__3_

  Ref  DFF        Ref:/WORK/CSS_Transmitter_Top/u_framer/u_payload_ram/b13/mem_reg_0__4_
  Impl DFF        Imp:/WORK/CSS_Transmitter_Top/u_framer/u_payload_ram/b13/mem_reg_0__4_

  Ref  DFF        Ref:/WORK/CSS_Transmitter_Top/u_framer/u_payload_ram/b13/mem_reg_0__5_
  Impl DFF        Imp:/WORK/CSS_Transmitter_Top/u_framer/u_payload_ram/b13/mem_reg_0__5_

  Ref  DFF        Ref:/WORK/CSS_Transmitter_Top/u_framer/u_payload_ram/b13/mem_reg_0__6_
  Impl DFF        Imp:/WORK/CSS_Transmitter_Top/u_framer/u_payload_ram/b13/mem_reg_0__6_

  Ref  DFF        Ref:/WORK/CSS_Transmitter_Top/u_framer/u_payload_ram/b13/mem_reg_0__7_
  Impl DFF        Imp:/WORK/CSS_Transmitter_Top/u_framer/u_payload_ram/b13/mem_reg_0__7_

  Ref  DFF        Ref:/WORK/CSS_Transmitter_Top/u_framer/u_payload_ram/b13/mem_reg_1__0_
  Impl DFF        Imp:/WORK/CSS_Transmitter_Top/u_framer/u_payload_ram/b13/mem_reg_1__0_

  Ref  DFF        Ref:/WORK/CSS_Transmitter_Top/u_framer/u_payload_ram/b13/mem_reg_1__1_
  Impl DFF        Imp:/WORK/CSS_Transmitter_Top/u_framer/u_payload_ram/b13/mem_reg_1__1_

  Ref  DFF        Ref:/WORK/CSS_Transmitter_Top/u_framer/u_payload_ram/b13/mem_reg_1__2_
  Impl DFF        Imp:/WORK/CSS_Transmitter_Top/u_framer/u_payload_ram/b13/mem_reg_1__2_

  Ref  DFF        Ref:/WORK/CSS_Transmitter_Top/u_framer/u_payload_ram/b13/mem_reg_1__3_
  Impl DFF        Imp:/WORK/CSS_Transmitter_Top/u_framer/u_payload_ram/b13/mem_reg_1__3_

  Ref  DFF        Ref:/WORK/CSS_Transmitter_Top/u_framer/u_payload_ram/b13/mem_reg_1__4_
  Impl DFF        Imp:/WORK/CSS_Transmitter_Top/u_framer/u_payload_ram/b13/mem_reg_1__4_

  Ref  DFF        Ref:/WORK/CSS_Transmitter_Top/u_framer/u_payload_ram/b13/mem_reg_1__5_
  Impl DFF        Imp:/WORK/CSS_Transmitter_Top/u_framer/u_payload_ram/b13/mem_reg_1__5_

  Ref  DFF        Ref:/WORK/CSS_Transmitter_Top/u_framer/u_payload_ram/b13/mem_reg_1__6_
  Impl DFF        Imp:/WORK/CSS_Transmitter_Top/u_framer/u_payload_ram/b13/mem_reg_1__6_

  Ref  DFF        Ref:/WORK/CSS_Transmitter_Top/u_framer/u_payload_ram/b13/mem_reg_1__7_
  Impl DFF        Imp:/WORK/CSS_Transmitter_Top/u_framer/u_payload_ram/b13/mem_reg_1__7_

  Ref  DFF        Ref:/WORK/CSS_Transmitter_Top/u_framer/u_payload_ram/b13/mem_reg_2__0_
  Impl DFF        Imp:/WORK/CSS_Transmitter_Top/u_framer/u_payload_ram/b13/mem_reg_2__0_

  Ref  DFF        Ref:/WORK/CSS_Transmitter_Top/u_framer/u_payload_ram/b13/mem_reg_2__1_
  Impl DFF        Imp:/WORK/CSS_Transmitter_Top/u_framer/u_payload_ram/b13/mem_reg_2__1_

  Ref  DFF        Ref:/WORK/CSS_Transmitter_Top/u_framer/u_payload_ram/b13/mem_reg_2__2_
  Impl DFF        Imp:/WORK/CSS_Transmitter_Top/u_framer/u_payload_ram/b13/mem_reg_2__2_

  Ref  DFF        Ref:/WORK/CSS_Transmitter_Top/u_framer/u_payload_ram/b13/mem_reg_2__3_
  Impl DFF        Imp:/WORK/CSS_Transmitter_Top/u_framer/u_payload_ram/b13/mem_reg_2__3_

  Ref  DFF        Ref:/WORK/CSS_Transmitter_Top/u_framer/u_payload_ram/b13/mem_reg_2__4_
  Impl DFF        Imp:/WORK/CSS_Transmitter_Top/u_framer/u_payload_ram/b13/mem_reg_2__4_

  Ref  DFF        Ref:/WORK/CSS_Transmitter_Top/u_framer/u_payload_ram/b13/mem_reg_2__5_
  Impl DFF        Imp:/WORK/CSS_Transmitter_Top/u_framer/u_payload_ram/b13/mem_reg_2__5_

  Ref  DFF        Ref:/WORK/CSS_Transmitter_Top/u_framer/u_payload_ram/b13/mem_reg_2__6_
  Impl DFF        Imp:/WORK/CSS_Transmitter_Top/u_framer/u_payload_ram/b13/mem_reg_2__6_

  Ref  DFF        Ref:/WORK/CSS_Transmitter_Top/u_framer/u_payload_ram/b13/mem_reg_2__7_
  Impl DFF        Imp:/WORK/CSS_Transmitter_Top/u_framer/u_payload_ram/b13/mem_reg_2__7_

  Ref  DFF        Ref:/WORK/CSS_Transmitter_Top/u_framer/u_payload_ram/b13/mem_reg_3__0_
  Impl DFF        Imp:/WORK/CSS_Transmitter_Top/u_framer/u_payload_ram/b13/mem_reg_3__0_

  Ref  DFF        Ref:/WORK/CSS_Transmitter_Top/u_framer/u_payload_ram/b13/mem_reg_3__1_
  Impl DFF        Imp:/WORK/CSS_Transmitter_Top/u_framer/u_payload_ram/b13/mem_reg_3__1_

  Ref  DFF        Ref:/WORK/CSS_Transmitter_Top/u_framer/u_payload_ram/b13/mem_reg_3__2_
  Impl DFF        Imp:/WORK/CSS_Transmitter_Top/u_framer/u_payload_ram/b13/mem_reg_3__2_

  Ref  DFF        Ref:/WORK/CSS_Transmitter_Top/u_framer/u_payload_ram/b13/mem_reg_3__3_
  Impl DFF        Imp:/WORK/CSS_Transmitter_Top/u_framer/u_payload_ram/b13/mem_reg_3__3_

  Ref  DFF        Ref:/WORK/CSS_Transmitter_Top/u_framer/u_payload_ram/b13/mem_reg_3__4_
  Impl DFF        Imp:/WORK/CSS_Transmitter_Top/u_framer/u_payload_ram/b13/mem_reg_3__4_

  Ref  DFF        Ref:/WORK/CSS_Transmitter_Top/u_framer/u_payload_ram/b13/mem_reg_3__5_
  Impl DFF        Imp:/WORK/CSS_Transmitter_Top/u_framer/u_payload_ram/b13/mem_reg_3__5_

  Ref  DFF        Ref:/WORK/CSS_Transmitter_Top/u_framer/u_payload_ram/b13/mem_reg_3__6_
  Impl DFF        Imp:/WORK/CSS_Transmitter_Top/u_framer/u_payload_ram/b13/mem_reg_3__6_

  Ref  DFF        Ref:/WORK/CSS_Transmitter_Top/u_framer/u_payload_ram/b13/mem_reg_3__7_
  Impl DFF        Imp:/WORK/CSS_Transmitter_Top/u_framer/u_payload_ram/b13/mem_reg_3__7_

  Ref  DFF        Ref:/WORK/CSS_Transmitter_Top/u_framer/u_payload_ram/b13/mem_reg_4__0_
  Impl DFF        Imp:/WORK/CSS_Transmitter_Top/u_framer/u_payload_ram/b13/mem_reg_4__0_

  Ref  DFF        Ref:/WORK/CSS_Transmitter_Top/u_framer/u_payload_ram/b13/mem_reg_4__1_
  Impl DFF        Imp:/WORK/CSS_Transmitter_Top/u_framer/u_payload_ram/b13/mem_reg_4__1_

  Ref  DFF        Ref:/WORK/CSS_Transmitter_Top/u_framer/u_payload_ram/b13/mem_reg_4__2_
  Impl DFF        Imp:/WORK/CSS_Transmitter_Top/u_framer/u_payload_ram/b13/mem_reg_4__2_

  Ref  DFF        Ref:/WORK/CSS_Transmitter_Top/u_framer/u_payload_ram/b13/mem_reg_4__3_
  Impl DFF        Imp:/WORK/CSS_Transmitter_Top/u_framer/u_payload_ram/b13/mem_reg_4__3_

  Ref  DFF        Ref:/WORK/CSS_Transmitter_Top/u_framer/u_payload_ram/b13/mem_reg_4__4_
  Impl DFF        Imp:/WORK/CSS_Transmitter_Top/u_framer/u_payload_ram/b13/mem_reg_4__4_

  Ref  DFF        Ref:/WORK/CSS_Transmitter_Top/u_framer/u_payload_ram/b13/mem_reg_4__5_
  Impl DFF        Imp:/WORK/CSS_Transmitter_Top/u_framer/u_payload_ram/b13/mem_reg_4__5_

  Ref  DFF        Ref:/WORK/CSS_Transmitter_Top/u_framer/u_payload_ram/b13/mem_reg_4__6_
  Impl DFF        Imp:/WORK/CSS_Transmitter_Top/u_framer/u_payload_ram/b13/mem_reg_4__6_

  Ref  DFF        Ref:/WORK/CSS_Transmitter_Top/u_framer/u_payload_ram/b13/mem_reg_4__7_
  Impl DFF        Imp:/WORK/CSS_Transmitter_Top/u_framer/u_payload_ram/b13/mem_reg_4__7_

  Ref  DFF        Ref:/WORK/CSS_Transmitter_Top/u_framer/u_payload_ram/b13/mem_reg_5__0_
  Impl DFF        Imp:/WORK/CSS_Transmitter_Top/u_framer/u_payload_ram/b13/mem_reg_5__0_

  Ref  DFF        Ref:/WORK/CSS_Transmitter_Top/u_framer/u_payload_ram/b13/mem_reg_5__1_
  Impl DFF        Imp:/WORK/CSS_Transmitter_Top/u_framer/u_payload_ram/b13/mem_reg_5__1_

  Ref  DFF        Ref:/WORK/CSS_Transmitter_Top/u_framer/u_payload_ram/b13/mem_reg_5__2_
  Impl DFF        Imp:/WORK/CSS_Transmitter_Top/u_framer/u_payload_ram/b13/mem_reg_5__2_

  Ref  DFF        Ref:/WORK/CSS_Transmitter_Top/u_framer/u_payload_ram/b13/mem_reg_5__3_
  Impl DFF        Imp:/WORK/CSS_Transmitter_Top/u_framer/u_payload_ram/b13/mem_reg_5__3_

  Ref  DFF        Ref:/WORK/CSS_Transmitter_Top/u_framer/u_payload_ram/b13/mem_reg_5__4_
  Impl DFF        Imp:/WORK/CSS_Transmitter_Top/u_framer/u_payload_ram/b13/mem_reg_5__4_

  Ref  DFF        Ref:/WORK/CSS_Transmitter_Top/u_framer/u_payload_ram/b13/mem_reg_5__5_
  Impl DFF        Imp:/WORK/CSS_Transmitter_Top/u_framer/u_payload_ram/b13/mem_reg_5__5_

  Ref  DFF        Ref:/WORK/CSS_Transmitter_Top/u_framer/u_payload_ram/b13/mem_reg_5__6_
  Impl DFF        Imp:/WORK/CSS_Transmitter_Top/u_framer/u_payload_ram/b13/mem_reg_5__6_

  Ref  DFF        Ref:/WORK/CSS_Transmitter_Top/u_framer/u_payload_ram/b13/mem_reg_5__7_
  Impl DFF        Imp:/WORK/CSS_Transmitter_Top/u_framer/u_payload_ram/b13/mem_reg_5__7_

  Ref  DFF        Ref:/WORK/CSS_Transmitter_Top/u_framer/u_payload_ram/b13/mem_reg_6__0_
  Impl DFF        Imp:/WORK/CSS_Transmitter_Top/u_framer/u_payload_ram/b13/mem_reg_6__0_

  Ref  DFF        Ref:/WORK/CSS_Transmitter_Top/u_framer/u_payload_ram/b13/mem_reg_6__1_
  Impl DFF        Imp:/WORK/CSS_Transmitter_Top/u_framer/u_payload_ram/b13/mem_reg_6__1_

  Ref  DFF        Ref:/WORK/CSS_Transmitter_Top/u_framer/u_payload_ram/b13/mem_reg_6__2_
  Impl DFF        Imp:/WORK/CSS_Transmitter_Top/u_framer/u_payload_ram/b13/mem_reg_6__2_

  Ref  DFF        Ref:/WORK/CSS_Transmitter_Top/u_framer/u_payload_ram/b13/mem_reg_6__3_
  Impl DFF        Imp:/WORK/CSS_Transmitter_Top/u_framer/u_payload_ram/b13/mem_reg_6__3_

  Ref  DFF        Ref:/WORK/CSS_Transmitter_Top/u_framer/u_payload_ram/b13/mem_reg_6__4_
  Impl DFF        Imp:/WORK/CSS_Transmitter_Top/u_framer/u_payload_ram/b13/mem_reg_6__4_

  Ref  DFF        Ref:/WORK/CSS_Transmitter_Top/u_framer/u_payload_ram/b13/mem_reg_6__5_
  Impl DFF        Imp:/WORK/CSS_Transmitter_Top/u_framer/u_payload_ram/b13/mem_reg_6__5_

  Ref  DFF        Ref:/WORK/CSS_Transmitter_Top/u_framer/u_payload_ram/b13/mem_reg_6__6_
  Impl DFF        Imp:/WORK/CSS_Transmitter_Top/u_framer/u_payload_ram/b13/mem_reg_6__6_

  Ref  DFF        Ref:/WORK/CSS_Transmitter_Top/u_framer/u_payload_ram/b13/mem_reg_6__7_
  Impl DFF        Imp:/WORK/CSS_Transmitter_Top/u_framer/u_payload_ram/b13/mem_reg_6__7_

  Ref  DFF        Ref:/WORK/CSS_Transmitter_Top/u_framer/u_payload_ram/b13/mem_reg_7__0_
  Impl DFF        Imp:/WORK/CSS_Transmitter_Top/u_framer/u_payload_ram/b13/mem_reg_7__0_

  Ref  DFF        Ref:/WORK/CSS_Transmitter_Top/u_framer/u_payload_ram/b13/mem_reg_7__1_
  Impl DFF        Imp:/WORK/CSS_Transmitter_Top/u_framer/u_payload_ram/b13/mem_reg_7__1_

  Ref  DFF        Ref:/WORK/CSS_Transmitter_Top/u_framer/u_payload_ram/b13/mem_reg_7__2_
  Impl DFF        Imp:/WORK/CSS_Transmitter_Top/u_framer/u_payload_ram/b13/mem_reg_7__2_

  Ref  DFF        Ref:/WORK/CSS_Transmitter_Top/u_framer/u_payload_ram/b13/mem_reg_7__3_
  Impl DFF        Imp:/WORK/CSS_Transmitter_Top/u_framer/u_payload_ram/b13/mem_reg_7__3_

  Ref  DFF        Ref:/WORK/CSS_Transmitter_Top/u_framer/u_payload_ram/b13/mem_reg_7__4_
  Impl DFF        Imp:/WORK/CSS_Transmitter_Top/u_framer/u_payload_ram/b13/mem_reg_7__4_

  Ref  DFF        Ref:/WORK/CSS_Transmitter_Top/u_framer/u_payload_ram/b13/mem_reg_7__5_
  Impl DFF        Imp:/WORK/CSS_Transmitter_Top/u_framer/u_payload_ram/b13/mem_reg_7__5_

  Ref  DFF        Ref:/WORK/CSS_Transmitter_Top/u_framer/u_payload_ram/b13/mem_reg_7__6_
  Impl DFF        Imp:/WORK/CSS_Transmitter_Top/u_framer/u_payload_ram/b13/mem_reg_7__6_

  Ref  DFF        Ref:/WORK/CSS_Transmitter_Top/u_framer/u_payload_ram/b13/mem_reg_7__7_
  Impl DFF        Imp:/WORK/CSS_Transmitter_Top/u_framer/u_payload_ram/b13/mem_reg_7__7_

  Ref  DFF        Ref:/WORK/CSS_Transmitter_Top/u_framer/u_payload_ram/b14/mem_reg_0__0_
  Impl DFF        Imp:/WORK/CSS_Transmitter_Top/u_framer/u_payload_ram/b14/mem_reg_0__0_

  Ref  DFF        Ref:/WORK/CSS_Transmitter_Top/u_framer/u_payload_ram/b14/mem_reg_0__1_
  Impl DFF        Imp:/WORK/CSS_Transmitter_Top/u_framer/u_payload_ram/b14/mem_reg_0__1_

  Ref  DFF        Ref:/WORK/CSS_Transmitter_Top/u_framer/u_payload_ram/b14/mem_reg_0__2_
  Impl DFF        Imp:/WORK/CSS_Transmitter_Top/u_framer/u_payload_ram/b14/mem_reg_0__2_

  Ref  DFF        Ref:/WORK/CSS_Transmitter_Top/u_framer/u_payload_ram/b14/mem_reg_0__3_
  Impl DFF        Imp:/WORK/CSS_Transmitter_Top/u_framer/u_payload_ram/b14/mem_reg_0__3_

  Ref  DFF        Ref:/WORK/CSS_Transmitter_Top/u_framer/u_payload_ram/b14/mem_reg_0__4_
  Impl DFF        Imp:/WORK/CSS_Transmitter_Top/u_framer/u_payload_ram/b14/mem_reg_0__4_

  Ref  DFF        Ref:/WORK/CSS_Transmitter_Top/u_framer/u_payload_ram/b14/mem_reg_0__5_
  Impl DFF        Imp:/WORK/CSS_Transmitter_Top/u_framer/u_payload_ram/b14/mem_reg_0__5_

  Ref  DFF        Ref:/WORK/CSS_Transmitter_Top/u_framer/u_payload_ram/b14/mem_reg_0__6_
  Impl DFF        Imp:/WORK/CSS_Transmitter_Top/u_framer/u_payload_ram/b14/mem_reg_0__6_

  Ref  DFF        Ref:/WORK/CSS_Transmitter_Top/u_framer/u_payload_ram/b14/mem_reg_0__7_
  Impl DFF        Imp:/WORK/CSS_Transmitter_Top/u_framer/u_payload_ram/b14/mem_reg_0__7_

  Ref  DFF        Ref:/WORK/CSS_Transmitter_Top/u_framer/u_payload_ram/b14/mem_reg_1__0_
  Impl DFF        Imp:/WORK/CSS_Transmitter_Top/u_framer/u_payload_ram/b14/mem_reg_1__0_

  Ref  DFF        Ref:/WORK/CSS_Transmitter_Top/u_framer/u_payload_ram/b14/mem_reg_1__1_
  Impl DFF        Imp:/WORK/CSS_Transmitter_Top/u_framer/u_payload_ram/b14/mem_reg_1__1_

  Ref  DFF        Ref:/WORK/CSS_Transmitter_Top/u_framer/u_payload_ram/b14/mem_reg_1__2_
  Impl DFF        Imp:/WORK/CSS_Transmitter_Top/u_framer/u_payload_ram/b14/mem_reg_1__2_

  Ref  DFF        Ref:/WORK/CSS_Transmitter_Top/u_framer/u_payload_ram/b14/mem_reg_1__3_
  Impl DFF        Imp:/WORK/CSS_Transmitter_Top/u_framer/u_payload_ram/b14/mem_reg_1__3_

  Ref  DFF        Ref:/WORK/CSS_Transmitter_Top/u_framer/u_payload_ram/b14/mem_reg_1__4_
  Impl DFF        Imp:/WORK/CSS_Transmitter_Top/u_framer/u_payload_ram/b14/mem_reg_1__4_

  Ref  DFF        Ref:/WORK/CSS_Transmitter_Top/u_framer/u_payload_ram/b14/mem_reg_1__5_
  Impl DFF        Imp:/WORK/CSS_Transmitter_Top/u_framer/u_payload_ram/b14/mem_reg_1__5_

  Ref  DFF        Ref:/WORK/CSS_Transmitter_Top/u_framer/u_payload_ram/b14/mem_reg_1__6_
  Impl DFF        Imp:/WORK/CSS_Transmitter_Top/u_framer/u_payload_ram/b14/mem_reg_1__6_

  Ref  DFF        Ref:/WORK/CSS_Transmitter_Top/u_framer/u_payload_ram/b14/mem_reg_1__7_
  Impl DFF        Imp:/WORK/CSS_Transmitter_Top/u_framer/u_payload_ram/b14/mem_reg_1__7_

  Ref  DFF        Ref:/WORK/CSS_Transmitter_Top/u_framer/u_payload_ram/b14/mem_reg_2__0_
  Impl DFF        Imp:/WORK/CSS_Transmitter_Top/u_framer/u_payload_ram/b14/mem_reg_2__0_

  Ref  DFF        Ref:/WORK/CSS_Transmitter_Top/u_framer/u_payload_ram/b14/mem_reg_2__1_
  Impl DFF        Imp:/WORK/CSS_Transmitter_Top/u_framer/u_payload_ram/b14/mem_reg_2__1_

  Ref  DFF        Ref:/WORK/CSS_Transmitter_Top/u_framer/u_payload_ram/b14/mem_reg_2__2_
  Impl DFF        Imp:/WORK/CSS_Transmitter_Top/u_framer/u_payload_ram/b14/mem_reg_2__2_

  Ref  DFF        Ref:/WORK/CSS_Transmitter_Top/u_framer/u_payload_ram/b14/mem_reg_2__3_
  Impl DFF        Imp:/WORK/CSS_Transmitter_Top/u_framer/u_payload_ram/b14/mem_reg_2__3_

  Ref  DFF        Ref:/WORK/CSS_Transmitter_Top/u_framer/u_payload_ram/b14/mem_reg_2__4_
  Impl DFF        Imp:/WORK/CSS_Transmitter_Top/u_framer/u_payload_ram/b14/mem_reg_2__4_

  Ref  DFF        Ref:/WORK/CSS_Transmitter_Top/u_framer/u_payload_ram/b14/mem_reg_2__5_
  Impl DFF        Imp:/WORK/CSS_Transmitter_Top/u_framer/u_payload_ram/b14/mem_reg_2__5_

  Ref  DFF        Ref:/WORK/CSS_Transmitter_Top/u_framer/u_payload_ram/b14/mem_reg_2__6_
  Impl DFF        Imp:/WORK/CSS_Transmitter_Top/u_framer/u_payload_ram/b14/mem_reg_2__6_

  Ref  DFF        Ref:/WORK/CSS_Transmitter_Top/u_framer/u_payload_ram/b14/mem_reg_2__7_
  Impl DFF        Imp:/WORK/CSS_Transmitter_Top/u_framer/u_payload_ram/b14/mem_reg_2__7_

  Ref  DFF        Ref:/WORK/CSS_Transmitter_Top/u_framer/u_payload_ram/b14/mem_reg_3__0_
  Impl DFF        Imp:/WORK/CSS_Transmitter_Top/u_framer/u_payload_ram/b14/mem_reg_3__0_

  Ref  DFF        Ref:/WORK/CSS_Transmitter_Top/u_framer/u_payload_ram/b14/mem_reg_3__1_
  Impl DFF        Imp:/WORK/CSS_Transmitter_Top/u_framer/u_payload_ram/b14/mem_reg_3__1_

  Ref  DFF        Ref:/WORK/CSS_Transmitter_Top/u_framer/u_payload_ram/b14/mem_reg_3__2_
  Impl DFF        Imp:/WORK/CSS_Transmitter_Top/u_framer/u_payload_ram/b14/mem_reg_3__2_

  Ref  DFF        Ref:/WORK/CSS_Transmitter_Top/u_framer/u_payload_ram/b14/mem_reg_3__3_
  Impl DFF        Imp:/WORK/CSS_Transmitter_Top/u_framer/u_payload_ram/b14/mem_reg_3__3_

  Ref  DFF        Ref:/WORK/CSS_Transmitter_Top/u_framer/u_payload_ram/b14/mem_reg_3__4_
  Impl DFF        Imp:/WORK/CSS_Transmitter_Top/u_framer/u_payload_ram/b14/mem_reg_3__4_

  Ref  DFF        Ref:/WORK/CSS_Transmitter_Top/u_framer/u_payload_ram/b14/mem_reg_3__5_
  Impl DFF        Imp:/WORK/CSS_Transmitter_Top/u_framer/u_payload_ram/b14/mem_reg_3__5_

  Ref  DFF        Ref:/WORK/CSS_Transmitter_Top/u_framer/u_payload_ram/b14/mem_reg_3__6_
  Impl DFF        Imp:/WORK/CSS_Transmitter_Top/u_framer/u_payload_ram/b14/mem_reg_3__6_

  Ref  DFF        Ref:/WORK/CSS_Transmitter_Top/u_framer/u_payload_ram/b14/mem_reg_3__7_
  Impl DFF        Imp:/WORK/CSS_Transmitter_Top/u_framer/u_payload_ram/b14/mem_reg_3__7_

  Ref  DFF        Ref:/WORK/CSS_Transmitter_Top/u_framer/u_payload_ram/b14/mem_reg_4__0_
  Impl DFF        Imp:/WORK/CSS_Transmitter_Top/u_framer/u_payload_ram/b14/mem_reg_4__0_

  Ref  DFF        Ref:/WORK/CSS_Transmitter_Top/u_framer/u_payload_ram/b14/mem_reg_4__1_
  Impl DFF        Imp:/WORK/CSS_Transmitter_Top/u_framer/u_payload_ram/b14/mem_reg_4__1_

  Ref  DFF        Ref:/WORK/CSS_Transmitter_Top/u_framer/u_payload_ram/b14/mem_reg_4__2_
  Impl DFF        Imp:/WORK/CSS_Transmitter_Top/u_framer/u_payload_ram/b14/mem_reg_4__2_

  Ref  DFF        Ref:/WORK/CSS_Transmitter_Top/u_framer/u_payload_ram/b14/mem_reg_4__3_
  Impl DFF        Imp:/WORK/CSS_Transmitter_Top/u_framer/u_payload_ram/b14/mem_reg_4__3_

  Ref  DFF        Ref:/WORK/CSS_Transmitter_Top/u_framer/u_payload_ram/b14/mem_reg_4__4_
  Impl DFF        Imp:/WORK/CSS_Transmitter_Top/u_framer/u_payload_ram/b14/mem_reg_4__4_

  Ref  DFF        Ref:/WORK/CSS_Transmitter_Top/u_framer/u_payload_ram/b14/mem_reg_4__5_
  Impl DFF        Imp:/WORK/CSS_Transmitter_Top/u_framer/u_payload_ram/b14/mem_reg_4__5_

  Ref  DFF        Ref:/WORK/CSS_Transmitter_Top/u_framer/u_payload_ram/b14/mem_reg_4__6_
  Impl DFF        Imp:/WORK/CSS_Transmitter_Top/u_framer/u_payload_ram/b14/mem_reg_4__6_

  Ref  DFF        Ref:/WORK/CSS_Transmitter_Top/u_framer/u_payload_ram/b14/mem_reg_4__7_
  Impl DFF        Imp:/WORK/CSS_Transmitter_Top/u_framer/u_payload_ram/b14/mem_reg_4__7_

  Ref  DFF        Ref:/WORK/CSS_Transmitter_Top/u_framer/u_payload_ram/b14/mem_reg_5__0_
  Impl DFF        Imp:/WORK/CSS_Transmitter_Top/u_framer/u_payload_ram/b14/mem_reg_5__0_

  Ref  DFF        Ref:/WORK/CSS_Transmitter_Top/u_framer/u_payload_ram/b14/mem_reg_5__1_
  Impl DFF        Imp:/WORK/CSS_Transmitter_Top/u_framer/u_payload_ram/b14/mem_reg_5__1_

  Ref  DFF        Ref:/WORK/CSS_Transmitter_Top/u_framer/u_payload_ram/b14/mem_reg_5__2_
  Impl DFF        Imp:/WORK/CSS_Transmitter_Top/u_framer/u_payload_ram/b14/mem_reg_5__2_

  Ref  DFF        Ref:/WORK/CSS_Transmitter_Top/u_framer/u_payload_ram/b14/mem_reg_5__3_
  Impl DFF        Imp:/WORK/CSS_Transmitter_Top/u_framer/u_payload_ram/b14/mem_reg_5__3_

  Ref  DFF        Ref:/WORK/CSS_Transmitter_Top/u_framer/u_payload_ram/b14/mem_reg_5__4_
  Impl DFF        Imp:/WORK/CSS_Transmitter_Top/u_framer/u_payload_ram/b14/mem_reg_5__4_

  Ref  DFF        Ref:/WORK/CSS_Transmitter_Top/u_framer/u_payload_ram/b14/mem_reg_5__5_
  Impl DFF        Imp:/WORK/CSS_Transmitter_Top/u_framer/u_payload_ram/b14/mem_reg_5__5_

  Ref  DFF        Ref:/WORK/CSS_Transmitter_Top/u_framer/u_payload_ram/b14/mem_reg_5__6_
  Impl DFF        Imp:/WORK/CSS_Transmitter_Top/u_framer/u_payload_ram/b14/mem_reg_5__6_

  Ref  DFF        Ref:/WORK/CSS_Transmitter_Top/u_framer/u_payload_ram/b14/mem_reg_5__7_
  Impl DFF        Imp:/WORK/CSS_Transmitter_Top/u_framer/u_payload_ram/b14/mem_reg_5__7_

  Ref  DFF        Ref:/WORK/CSS_Transmitter_Top/u_framer/u_payload_ram/b14/mem_reg_6__0_
  Impl DFF        Imp:/WORK/CSS_Transmitter_Top/u_framer/u_payload_ram/b14/mem_reg_6__0_

  Ref  DFF        Ref:/WORK/CSS_Transmitter_Top/u_framer/u_payload_ram/b14/mem_reg_6__1_
  Impl DFF        Imp:/WORK/CSS_Transmitter_Top/u_framer/u_payload_ram/b14/mem_reg_6__1_

  Ref  DFF        Ref:/WORK/CSS_Transmitter_Top/u_framer/u_payload_ram/b14/mem_reg_6__2_
  Impl DFF        Imp:/WORK/CSS_Transmitter_Top/u_framer/u_payload_ram/b14/mem_reg_6__2_

  Ref  DFF        Ref:/WORK/CSS_Transmitter_Top/u_framer/u_payload_ram/b14/mem_reg_6__3_
  Impl DFF        Imp:/WORK/CSS_Transmitter_Top/u_framer/u_payload_ram/b14/mem_reg_6__3_

  Ref  DFF        Ref:/WORK/CSS_Transmitter_Top/u_framer/u_payload_ram/b14/mem_reg_6__4_
  Impl DFF        Imp:/WORK/CSS_Transmitter_Top/u_framer/u_payload_ram/b14/mem_reg_6__4_

  Ref  DFF        Ref:/WORK/CSS_Transmitter_Top/u_framer/u_payload_ram/b14/mem_reg_6__5_
  Impl DFF        Imp:/WORK/CSS_Transmitter_Top/u_framer/u_payload_ram/b14/mem_reg_6__5_

  Ref  DFF        Ref:/WORK/CSS_Transmitter_Top/u_framer/u_payload_ram/b14/mem_reg_6__6_
  Impl DFF        Imp:/WORK/CSS_Transmitter_Top/u_framer/u_payload_ram/b14/mem_reg_6__6_

  Ref  DFF        Ref:/WORK/CSS_Transmitter_Top/u_framer/u_payload_ram/b14/mem_reg_6__7_
  Impl DFF        Imp:/WORK/CSS_Transmitter_Top/u_framer/u_payload_ram/b14/mem_reg_6__7_

  Ref  DFF        Ref:/WORK/CSS_Transmitter_Top/u_framer/u_payload_ram/b14/mem_reg_7__0_
  Impl DFF        Imp:/WORK/CSS_Transmitter_Top/u_framer/u_payload_ram/b14/mem_reg_7__0_

  Ref  DFF        Ref:/WORK/CSS_Transmitter_Top/u_framer/u_payload_ram/b14/mem_reg_7__1_
  Impl DFF        Imp:/WORK/CSS_Transmitter_Top/u_framer/u_payload_ram/b14/mem_reg_7__1_

  Ref  DFF        Ref:/WORK/CSS_Transmitter_Top/u_framer/u_payload_ram/b14/mem_reg_7__2_
  Impl DFF        Imp:/WORK/CSS_Transmitter_Top/u_framer/u_payload_ram/b14/mem_reg_7__2_

  Ref  DFF        Ref:/WORK/CSS_Transmitter_Top/u_framer/u_payload_ram/b14/mem_reg_7__3_
  Impl DFF        Imp:/WORK/CSS_Transmitter_Top/u_framer/u_payload_ram/b14/mem_reg_7__3_

  Ref  DFF        Ref:/WORK/CSS_Transmitter_Top/u_framer/u_payload_ram/b14/mem_reg_7__4_
  Impl DFF        Imp:/WORK/CSS_Transmitter_Top/u_framer/u_payload_ram/b14/mem_reg_7__4_

  Ref  DFF        Ref:/WORK/CSS_Transmitter_Top/u_framer/u_payload_ram/b14/mem_reg_7__5_
  Impl DFF        Imp:/WORK/CSS_Transmitter_Top/u_framer/u_payload_ram/b14/mem_reg_7__5_

  Ref  DFF        Ref:/WORK/CSS_Transmitter_Top/u_framer/u_payload_ram/b14/mem_reg_7__6_
  Impl DFF        Imp:/WORK/CSS_Transmitter_Top/u_framer/u_payload_ram/b14/mem_reg_7__6_

  Ref  DFF        Ref:/WORK/CSS_Transmitter_Top/u_framer/u_payload_ram/b14/mem_reg_7__7_
  Impl DFF        Imp:/WORK/CSS_Transmitter_Top/u_framer/u_payload_ram/b14/mem_reg_7__7_

  Ref  DFF        Ref:/WORK/CSS_Transmitter_Top/u_framer/u_payload_ram/b15/mem_reg_0__0_
  Impl DFF        Imp:/WORK/CSS_Transmitter_Top/u_framer/u_payload_ram/b15/mem_reg_0__0_

  Ref  DFF        Ref:/WORK/CSS_Transmitter_Top/u_framer/u_payload_ram/b15/mem_reg_0__1_
  Impl DFF        Imp:/WORK/CSS_Transmitter_Top/u_framer/u_payload_ram/b15/mem_reg_0__1_

  Ref  DFF        Ref:/WORK/CSS_Transmitter_Top/u_framer/u_payload_ram/b15/mem_reg_0__2_
  Impl DFF        Imp:/WORK/CSS_Transmitter_Top/u_framer/u_payload_ram/b15/mem_reg_0__2_

  Ref  DFF        Ref:/WORK/CSS_Transmitter_Top/u_framer/u_payload_ram/b15/mem_reg_0__3_
  Impl DFF        Imp:/WORK/CSS_Transmitter_Top/u_framer/u_payload_ram/b15/mem_reg_0__3_

  Ref  DFF        Ref:/WORK/CSS_Transmitter_Top/u_framer/u_payload_ram/b15/mem_reg_0__4_
  Impl DFF        Imp:/WORK/CSS_Transmitter_Top/u_framer/u_payload_ram/b15/mem_reg_0__4_

  Ref  DFF        Ref:/WORK/CSS_Transmitter_Top/u_framer/u_payload_ram/b15/mem_reg_0__5_
  Impl DFF        Imp:/WORK/CSS_Transmitter_Top/u_framer/u_payload_ram/b15/mem_reg_0__5_

  Ref  DFF        Ref:/WORK/CSS_Transmitter_Top/u_framer/u_payload_ram/b15/mem_reg_0__6_
  Impl DFF        Imp:/WORK/CSS_Transmitter_Top/u_framer/u_payload_ram/b15/mem_reg_0__6_

  Ref  DFF        Ref:/WORK/CSS_Transmitter_Top/u_framer/u_payload_ram/b15/mem_reg_0__7_
  Impl DFF        Imp:/WORK/CSS_Transmitter_Top/u_framer/u_payload_ram/b15/mem_reg_0__7_

  Ref  DFF        Ref:/WORK/CSS_Transmitter_Top/u_framer/u_payload_ram/b15/mem_reg_1__0_
  Impl DFF        Imp:/WORK/CSS_Transmitter_Top/u_framer/u_payload_ram/b15/mem_reg_1__0_

  Ref  DFF        Ref:/WORK/CSS_Transmitter_Top/u_framer/u_payload_ram/b15/mem_reg_1__1_
  Impl DFF        Imp:/WORK/CSS_Transmitter_Top/u_framer/u_payload_ram/b15/mem_reg_1__1_

  Ref  DFF        Ref:/WORK/CSS_Transmitter_Top/u_framer/u_payload_ram/b15/mem_reg_1__2_
  Impl DFF        Imp:/WORK/CSS_Transmitter_Top/u_framer/u_payload_ram/b15/mem_reg_1__2_

  Ref  DFF        Ref:/WORK/CSS_Transmitter_Top/u_framer/u_payload_ram/b15/mem_reg_1__3_
  Impl DFF        Imp:/WORK/CSS_Transmitter_Top/u_framer/u_payload_ram/b15/mem_reg_1__3_

  Ref  DFF        Ref:/WORK/CSS_Transmitter_Top/u_framer/u_payload_ram/b15/mem_reg_1__4_
  Impl DFF        Imp:/WORK/CSS_Transmitter_Top/u_framer/u_payload_ram/b15/mem_reg_1__4_

  Ref  DFF        Ref:/WORK/CSS_Transmitter_Top/u_framer/u_payload_ram/b15/mem_reg_1__5_
  Impl DFF        Imp:/WORK/CSS_Transmitter_Top/u_framer/u_payload_ram/b15/mem_reg_1__5_

  Ref  DFF        Ref:/WORK/CSS_Transmitter_Top/u_framer/u_payload_ram/b15/mem_reg_1__6_
  Impl DFF        Imp:/WORK/CSS_Transmitter_Top/u_framer/u_payload_ram/b15/mem_reg_1__6_

  Ref  DFF        Ref:/WORK/CSS_Transmitter_Top/u_framer/u_payload_ram/b15/mem_reg_1__7_
  Impl DFF        Imp:/WORK/CSS_Transmitter_Top/u_framer/u_payload_ram/b15/mem_reg_1__7_

  Ref  DFF        Ref:/WORK/CSS_Transmitter_Top/u_framer/u_payload_ram/b15/mem_reg_2__0_
  Impl DFF        Imp:/WORK/CSS_Transmitter_Top/u_framer/u_payload_ram/b15/mem_reg_2__0_

  Ref  DFF        Ref:/WORK/CSS_Transmitter_Top/u_framer/u_payload_ram/b15/mem_reg_2__1_
  Impl DFF        Imp:/WORK/CSS_Transmitter_Top/u_framer/u_payload_ram/b15/mem_reg_2__1_

  Ref  DFF        Ref:/WORK/CSS_Transmitter_Top/u_framer/u_payload_ram/b15/mem_reg_2__2_
  Impl DFF        Imp:/WORK/CSS_Transmitter_Top/u_framer/u_payload_ram/b15/mem_reg_2__2_

  Ref  DFF        Ref:/WORK/CSS_Transmitter_Top/u_framer/u_payload_ram/b15/mem_reg_2__3_
  Impl DFF        Imp:/WORK/CSS_Transmitter_Top/u_framer/u_payload_ram/b15/mem_reg_2__3_

  Ref  DFF        Ref:/WORK/CSS_Transmitter_Top/u_framer/u_payload_ram/b15/mem_reg_2__4_
  Impl DFF        Imp:/WORK/CSS_Transmitter_Top/u_framer/u_payload_ram/b15/mem_reg_2__4_

  Ref  DFF        Ref:/WORK/CSS_Transmitter_Top/u_framer/u_payload_ram/b15/mem_reg_2__5_
  Impl DFF        Imp:/WORK/CSS_Transmitter_Top/u_framer/u_payload_ram/b15/mem_reg_2__5_

  Ref  DFF        Ref:/WORK/CSS_Transmitter_Top/u_framer/u_payload_ram/b15/mem_reg_2__6_
  Impl DFF        Imp:/WORK/CSS_Transmitter_Top/u_framer/u_payload_ram/b15/mem_reg_2__6_

  Ref  DFF        Ref:/WORK/CSS_Transmitter_Top/u_framer/u_payload_ram/b15/mem_reg_2__7_
  Impl DFF        Imp:/WORK/CSS_Transmitter_Top/u_framer/u_payload_ram/b15/mem_reg_2__7_

  Ref  DFF        Ref:/WORK/CSS_Transmitter_Top/u_framer/u_payload_ram/b15/mem_reg_3__0_
  Impl DFF        Imp:/WORK/CSS_Transmitter_Top/u_framer/u_payload_ram/b15/mem_reg_3__0_

  Ref  DFF        Ref:/WORK/CSS_Transmitter_Top/u_framer/u_payload_ram/b15/mem_reg_3__1_
  Impl DFF        Imp:/WORK/CSS_Transmitter_Top/u_framer/u_payload_ram/b15/mem_reg_3__1_

  Ref  DFF        Ref:/WORK/CSS_Transmitter_Top/u_framer/u_payload_ram/b15/mem_reg_3__2_
  Impl DFF        Imp:/WORK/CSS_Transmitter_Top/u_framer/u_payload_ram/b15/mem_reg_3__2_

  Ref  DFF        Ref:/WORK/CSS_Transmitter_Top/u_framer/u_payload_ram/b15/mem_reg_3__3_
  Impl DFF        Imp:/WORK/CSS_Transmitter_Top/u_framer/u_payload_ram/b15/mem_reg_3__3_

  Ref  DFF        Ref:/WORK/CSS_Transmitter_Top/u_framer/u_payload_ram/b15/mem_reg_3__4_
  Impl DFF        Imp:/WORK/CSS_Transmitter_Top/u_framer/u_payload_ram/b15/mem_reg_3__4_

  Ref  DFF        Ref:/WORK/CSS_Transmitter_Top/u_framer/u_payload_ram/b15/mem_reg_3__5_
  Impl DFF        Imp:/WORK/CSS_Transmitter_Top/u_framer/u_payload_ram/b15/mem_reg_3__5_

  Ref  DFF        Ref:/WORK/CSS_Transmitter_Top/u_framer/u_payload_ram/b15/mem_reg_3__6_
  Impl DFF        Imp:/WORK/CSS_Transmitter_Top/u_framer/u_payload_ram/b15/mem_reg_3__6_

  Ref  DFF        Ref:/WORK/CSS_Transmitter_Top/u_framer/u_payload_ram/b15/mem_reg_3__7_
  Impl DFF        Imp:/WORK/CSS_Transmitter_Top/u_framer/u_payload_ram/b15/mem_reg_3__7_

  Ref  DFF        Ref:/WORK/CSS_Transmitter_Top/u_framer/u_payload_ram/b15/mem_reg_4__0_
  Impl DFF        Imp:/WORK/CSS_Transmitter_Top/u_framer/u_payload_ram/b15/mem_reg_4__0_

  Ref  DFF        Ref:/WORK/CSS_Transmitter_Top/u_framer/u_payload_ram/b15/mem_reg_4__1_
  Impl DFF        Imp:/WORK/CSS_Transmitter_Top/u_framer/u_payload_ram/b15/mem_reg_4__1_

  Ref  DFF        Ref:/WORK/CSS_Transmitter_Top/u_framer/u_payload_ram/b15/mem_reg_4__2_
  Impl DFF        Imp:/WORK/CSS_Transmitter_Top/u_framer/u_payload_ram/b15/mem_reg_4__2_

  Ref  DFF        Ref:/WORK/CSS_Transmitter_Top/u_framer/u_payload_ram/b15/mem_reg_4__3_
  Impl DFF        Imp:/WORK/CSS_Transmitter_Top/u_framer/u_payload_ram/b15/mem_reg_4__3_

  Ref  DFF        Ref:/WORK/CSS_Transmitter_Top/u_framer/u_payload_ram/b15/mem_reg_4__4_
  Impl DFF        Imp:/WORK/CSS_Transmitter_Top/u_framer/u_payload_ram/b15/mem_reg_4__4_

  Ref  DFF        Ref:/WORK/CSS_Transmitter_Top/u_framer/u_payload_ram/b15/mem_reg_4__5_
  Impl DFF        Imp:/WORK/CSS_Transmitter_Top/u_framer/u_payload_ram/b15/mem_reg_4__5_

  Ref  DFF        Ref:/WORK/CSS_Transmitter_Top/u_framer/u_payload_ram/b15/mem_reg_4__6_
  Impl DFF        Imp:/WORK/CSS_Transmitter_Top/u_framer/u_payload_ram/b15/mem_reg_4__6_

  Ref  DFF        Ref:/WORK/CSS_Transmitter_Top/u_framer/u_payload_ram/b15/mem_reg_4__7_
  Impl DFF        Imp:/WORK/CSS_Transmitter_Top/u_framer/u_payload_ram/b15/mem_reg_4__7_

  Ref  DFF        Ref:/WORK/CSS_Transmitter_Top/u_framer/u_payload_ram/b15/mem_reg_5__0_
  Impl DFF        Imp:/WORK/CSS_Transmitter_Top/u_framer/u_payload_ram/b15/mem_reg_5__0_

  Ref  DFF        Ref:/WORK/CSS_Transmitter_Top/u_framer/u_payload_ram/b15/mem_reg_5__1_
  Impl DFF        Imp:/WORK/CSS_Transmitter_Top/u_framer/u_payload_ram/b15/mem_reg_5__1_

  Ref  DFF        Ref:/WORK/CSS_Transmitter_Top/u_framer/u_payload_ram/b15/mem_reg_5__2_
  Impl DFF        Imp:/WORK/CSS_Transmitter_Top/u_framer/u_payload_ram/b15/mem_reg_5__2_

  Ref  DFF        Ref:/WORK/CSS_Transmitter_Top/u_framer/u_payload_ram/b15/mem_reg_5__3_
  Impl DFF        Imp:/WORK/CSS_Transmitter_Top/u_framer/u_payload_ram/b15/mem_reg_5__3_

  Ref  DFF        Ref:/WORK/CSS_Transmitter_Top/u_framer/u_payload_ram/b15/mem_reg_5__4_
  Impl DFF        Imp:/WORK/CSS_Transmitter_Top/u_framer/u_payload_ram/b15/mem_reg_5__4_

  Ref  DFF        Ref:/WORK/CSS_Transmitter_Top/u_framer/u_payload_ram/b15/mem_reg_5__5_
  Impl DFF        Imp:/WORK/CSS_Transmitter_Top/u_framer/u_payload_ram/b15/mem_reg_5__5_

  Ref  DFF        Ref:/WORK/CSS_Transmitter_Top/u_framer/u_payload_ram/b15/mem_reg_5__6_
  Impl DFF        Imp:/WORK/CSS_Transmitter_Top/u_framer/u_payload_ram/b15/mem_reg_5__6_

  Ref  DFF        Ref:/WORK/CSS_Transmitter_Top/u_framer/u_payload_ram/b15/mem_reg_5__7_
  Impl DFF        Imp:/WORK/CSS_Transmitter_Top/u_framer/u_payload_ram/b15/mem_reg_5__7_

  Ref  DFF        Ref:/WORK/CSS_Transmitter_Top/u_framer/u_payload_ram/b15/mem_reg_6__0_
  Impl DFF        Imp:/WORK/CSS_Transmitter_Top/u_framer/u_payload_ram/b15/mem_reg_6__0_

  Ref  DFF        Ref:/WORK/CSS_Transmitter_Top/u_framer/u_payload_ram/b15/mem_reg_6__1_
  Impl DFF        Imp:/WORK/CSS_Transmitter_Top/u_framer/u_payload_ram/b15/mem_reg_6__1_

  Ref  DFF        Ref:/WORK/CSS_Transmitter_Top/u_framer/u_payload_ram/b15/mem_reg_6__2_
  Impl DFF        Imp:/WORK/CSS_Transmitter_Top/u_framer/u_payload_ram/b15/mem_reg_6__2_

  Ref  DFF        Ref:/WORK/CSS_Transmitter_Top/u_framer/u_payload_ram/b15/mem_reg_6__3_
  Impl DFF        Imp:/WORK/CSS_Transmitter_Top/u_framer/u_payload_ram/b15/mem_reg_6__3_

  Ref  DFF        Ref:/WORK/CSS_Transmitter_Top/u_framer/u_payload_ram/b15/mem_reg_6__4_
  Impl DFF        Imp:/WORK/CSS_Transmitter_Top/u_framer/u_payload_ram/b15/mem_reg_6__4_

  Ref  DFF        Ref:/WORK/CSS_Transmitter_Top/u_framer/u_payload_ram/b15/mem_reg_6__5_
  Impl DFF        Imp:/WORK/CSS_Transmitter_Top/u_framer/u_payload_ram/b15/mem_reg_6__5_

  Ref  DFF        Ref:/WORK/CSS_Transmitter_Top/u_framer/u_payload_ram/b15/mem_reg_6__6_
  Impl DFF        Imp:/WORK/CSS_Transmitter_Top/u_framer/u_payload_ram/b15/mem_reg_6__6_

  Ref  DFF        Ref:/WORK/CSS_Transmitter_Top/u_framer/u_payload_ram/b15/mem_reg_6__7_
  Impl DFF        Imp:/WORK/CSS_Transmitter_Top/u_framer/u_payload_ram/b15/mem_reg_6__7_

  Ref  DFF        Ref:/WORK/CSS_Transmitter_Top/u_framer/u_payload_ram/b15/mem_reg_7__0_
  Impl DFF        Imp:/WORK/CSS_Transmitter_Top/u_framer/u_payload_ram/b15/mem_reg_7__0_

  Ref  DFF        Ref:/WORK/CSS_Transmitter_Top/u_framer/u_payload_ram/b15/mem_reg_7__1_
  Impl DFF        Imp:/WORK/CSS_Transmitter_Top/u_framer/u_payload_ram/b15/mem_reg_7__1_

  Ref  DFF        Ref:/WORK/CSS_Transmitter_Top/u_framer/u_payload_ram/b15/mem_reg_7__2_
  Impl DFF        Imp:/WORK/CSS_Transmitter_Top/u_framer/u_payload_ram/b15/mem_reg_7__2_

  Ref  DFF        Ref:/WORK/CSS_Transmitter_Top/u_framer/u_payload_ram/b15/mem_reg_7__3_
  Impl DFF        Imp:/WORK/CSS_Transmitter_Top/u_framer/u_payload_ram/b15/mem_reg_7__3_

  Ref  DFF        Ref:/WORK/CSS_Transmitter_Top/u_framer/u_payload_ram/b15/mem_reg_7__4_
  Impl DFF        Imp:/WORK/CSS_Transmitter_Top/u_framer/u_payload_ram/b15/mem_reg_7__4_

  Ref  DFF        Ref:/WORK/CSS_Transmitter_Top/u_framer/u_payload_ram/b15/mem_reg_7__5_
  Impl DFF        Imp:/WORK/CSS_Transmitter_Top/u_framer/u_payload_ram/b15/mem_reg_7__5_

  Ref  DFF        Ref:/WORK/CSS_Transmitter_Top/u_framer/u_payload_ram/b15/mem_reg_7__6_
  Impl DFF        Imp:/WORK/CSS_Transmitter_Top/u_framer/u_payload_ram/b15/mem_reg_7__6_

  Ref  DFF        Ref:/WORK/CSS_Transmitter_Top/u_framer/u_payload_ram/b15/mem_reg_7__7_
  Impl DFF        Imp:/WORK/CSS_Transmitter_Top/u_framer/u_payload_ram/b15/mem_reg_7__7_

  Ref  DFF        Ref:/WORK/CSS_Transmitter_Top/u_framer/u_payload_ram/rdata_reg_0_
  Impl DFF        Imp:/WORK/CSS_Transmitter_Top/u_framer/u_payload_ram/rdata_reg_0_

  Ref  DFF        Ref:/WORK/CSS_Transmitter_Top/u_framer/u_payload_ram/rdata_reg_1_
  Impl DFF        Imp:/WORK/CSS_Transmitter_Top/u_framer/u_payload_ram/rdata_reg_1_

  Ref  DFF        Ref:/WORK/CSS_Transmitter_Top/u_framer/u_payload_ram/rdata_reg_2_
  Impl DFF        Imp:/WORK/CSS_Transmitter_Top/u_framer/u_payload_ram/rdata_reg_2_

  Ref  DFF        Ref:/WORK/CSS_Transmitter_Top/u_framer/u_payload_ram/rdata_reg_3_
  Impl DFF        Imp:/WORK/CSS_Transmitter_Top/u_framer/u_payload_ram/rdata_reg_3_

  Ref  DFF        Ref:/WORK/CSS_Transmitter_Top/u_framer/u_payload_ram/rdata_reg_4_
  Impl DFF        Imp:/WORK/CSS_Transmitter_Top/u_framer/u_payload_ram/rdata_reg_4_

  Ref  DFF        Ref:/WORK/CSS_Transmitter_Top/u_framer/u_payload_ram/rdata_reg_5_
  Impl DFF        Imp:/WORK/CSS_Transmitter_Top/u_framer/u_payload_ram/rdata_reg_5_

  Ref  DFF        Ref:/WORK/CSS_Transmitter_Top/u_framer/u_payload_ram/rdata_reg_6_
  Impl DFF        Imp:/WORK/CSS_Transmitter_Top/u_framer/u_payload_ram/rdata_reg_6_

  Ref  DFF        Ref:/WORK/CSS_Transmitter_Top/u_framer/u_payload_ram/rdata_reg_7_
  Impl DFF        Imp:/WORK/CSS_Transmitter_Top/u_framer/u_payload_ram/rdata_reg_7_

  Ref  DFF        Ref:/WORK/CSS_Transmitter_Top/u_framer/u_payload_ram/waddr_q_reg_0_
  Impl DFF        Imp:/WORK/CSS_Transmitter_Top/u_framer/u_payload_ram/waddr_q_reg_0_

  Ref  DFF        Ref:/WORK/CSS_Transmitter_Top/u_framer/u_payload_ram/waddr_q_reg_1_
  Impl DFF        Imp:/WORK/CSS_Transmitter_Top/u_framer/u_payload_ram/waddr_q_reg_1_

  Ref  DFF        Ref:/WORK/CSS_Transmitter_Top/u_framer/u_payload_ram/waddr_q_reg_2_
  Impl DFF        Imp:/WORK/CSS_Transmitter_Top/u_framer/u_payload_ram/waddr_q_reg_2_

  Ref  DFF        Ref:/WORK/CSS_Transmitter_Top/u_framer/u_payload_ram/waddr_q_reg_3_
  Impl DFF        Imp:/WORK/CSS_Transmitter_Top/u_framer/u_payload_ram/waddr_q_reg_3_

  Ref  DFF        Ref:/WORK/CSS_Transmitter_Top/u_framer/u_payload_ram/waddr_q_reg_4_
  Impl DFF        Imp:/WORK/CSS_Transmitter_Top/u_framer/u_payload_ram/waddr_q_reg_4_

  Ref  DFF        Ref:/WORK/CSS_Transmitter_Top/u_framer/u_payload_ram/waddr_q_reg_5_
  Impl DFF        Imp:/WORK/CSS_Transmitter_Top/u_framer/u_payload_ram/waddr_q_reg_5_

  Ref  DFF        Ref:/WORK/CSS_Transmitter_Top/u_framer/u_payload_ram/waddr_q_reg_6_
  Impl DFF        Imp:/WORK/CSS_Transmitter_Top/u_framer/u_payload_ram/waddr_q_reg_6_

  Ref  DFF        Ref:/WORK/CSS_Transmitter_Top/u_framer/u_payload_ram/wdata_q_reg_0_
  Impl DFF        Imp:/WORK/CSS_Transmitter_Top/u_framer/u_payload_ram/wdata_q_reg_0_

  Ref  DFF        Ref:/WORK/CSS_Transmitter_Top/u_framer/u_payload_ram/wdata_q_reg_1_
  Impl DFF        Imp:/WORK/CSS_Transmitter_Top/u_framer/u_payload_ram/wdata_q_reg_1_

  Ref  DFF        Ref:/WORK/CSS_Transmitter_Top/u_framer/u_payload_ram/wdata_q_reg_2_
  Impl DFF        Imp:/WORK/CSS_Transmitter_Top/u_framer/u_payload_ram/wdata_q_reg_2_

  Ref  DFF        Ref:/WORK/CSS_Transmitter_Top/u_framer/u_payload_ram/wdata_q_reg_3_
  Impl DFF        Imp:/WORK/CSS_Transmitter_Top/u_framer/u_payload_ram/wdata_q_reg_3_

  Ref  DFF        Ref:/WORK/CSS_Transmitter_Top/u_framer/u_payload_ram/wdata_q_reg_4_
  Impl DFF        Imp:/WORK/CSS_Transmitter_Top/u_framer/u_payload_ram/wdata_q_reg_4_

  Ref  DFF        Ref:/WORK/CSS_Transmitter_Top/u_framer/u_payload_ram/wdata_q_reg_5_
  Impl DFF        Imp:/WORK/CSS_Transmitter_Top/u_framer/u_payload_ram/wdata_q_reg_5_

  Ref  DFF        Ref:/WORK/CSS_Transmitter_Top/u_framer/u_payload_ram/wdata_q_reg_6_
  Impl DFF        Imp:/WORK/CSS_Transmitter_Top/u_framer/u_payload_ram/wdata_q_reg_6_

  Ref  DFF        Ref:/WORK/CSS_Transmitter_Top/u_framer/u_payload_ram/wdata_q_reg_7_
  Impl DFF        Imp:/WORK/CSS_Transmitter_Top/u_framer/u_payload_ram/wdata_q_reg_7_

  Ref  DFF        Ref:/WORK/CSS_Transmitter_Top/u_framer/u_payload_ram/we_q_reg
  Impl DFF        Imp:/WORK/CSS_Transmitter_Top/u_framer/u_payload_ram/we_q_reg

  Ref  Port       Ref:/WORK/CSS_Transmitter_Top/DAC_IM_cart[0]
  Impl Port       Imp:/WORK/CSS_Transmitter_Top/DAC_IM_cart[0]

  Ref  Port       Ref:/WORK/CSS_Transmitter_Top/DAC_IM_cart[1]
  Impl Port       Imp:/WORK/CSS_Transmitter_Top/DAC_IM_cart[1]

  Ref  Port       Ref:/WORK/CSS_Transmitter_Top/DAC_IM_cart[2]
  Impl Port       Imp:/WORK/CSS_Transmitter_Top/DAC_IM_cart[2]

  Ref  Port       Ref:/WORK/CSS_Transmitter_Top/DAC_IM_cart[3]
  Impl Port       Imp:/WORK/CSS_Transmitter_Top/DAC_IM_cart[3]

  Ref  Port       Ref:/WORK/CSS_Transmitter_Top/DAC_IM_cart[4]
  Impl Port       Imp:/WORK/CSS_Transmitter_Top/DAC_IM_cart[4]

  Ref  Port       Ref:/WORK/CSS_Transmitter_Top/DAC_IM_cart[5]
  Impl Port       Imp:/WORK/CSS_Transmitter_Top/DAC_IM_cart[5]

  Ref  Port       Ref:/WORK/CSS_Transmitter_Top/DAC_RE_cart[0]
  Impl Port       Imp:/WORK/CSS_Transmitter_Top/DAC_RE_cart[0]

  Ref  Port       Ref:/WORK/CSS_Transmitter_Top/DAC_RE_cart[1]
  Impl Port       Imp:/WORK/CSS_Transmitter_Top/DAC_RE_cart[1]

  Ref  Port       Ref:/WORK/CSS_Transmitter_Top/DAC_RE_cart[2]
  Impl Port       Imp:/WORK/CSS_Transmitter_Top/DAC_RE_cart[2]

  Ref  Port       Ref:/WORK/CSS_Transmitter_Top/DAC_RE_cart[3]
  Impl Port       Imp:/WORK/CSS_Transmitter_Top/DAC_RE_cart[3]

  Ref  Port       Ref:/WORK/CSS_Transmitter_Top/DAC_RE_cart[4]
  Impl Port       Imp:/WORK/CSS_Transmitter_Top/DAC_RE_cart[4]

  Ref  Port       Ref:/WORK/CSS_Transmitter_Top/DAC_RE_cart[5]
  Impl Port       Imp:/WORK/CSS_Transmitter_Top/DAC_RE_cart[5]

  Ref  Port       Ref:/WORK/CSS_Transmitter_Top/final_ppdu_nibbles[0]
  Impl Port       Imp:/WORK/CSS_Transmitter_Top/final_ppdu_nibbles[0]

  Ref  Port       Ref:/WORK/CSS_Transmitter_Top/final_ppdu_nibbles[1]
  Impl Port       Imp:/WORK/CSS_Transmitter_Top/final_ppdu_nibbles[1]

  Ref  Port       Ref:/WORK/CSS_Transmitter_Top/final_ppdu_nibbles[2]
  Impl Port       Imp:/WORK/CSS_Transmitter_Top/final_ppdu_nibbles[2]

  Ref  Port       Ref:/WORK/CSS_Transmitter_Top/final_ppdu_nibbles[3]
  Impl Port       Imp:/WORK/CSS_Transmitter_Top/final_ppdu_nibbles[3]

  Ref  Port       Ref:/WORK/CSS_Transmitter_Top/final_ppdu_nibbles[4]
  Impl Port       Imp:/WORK/CSS_Transmitter_Top/final_ppdu_nibbles[4]

  Ref  Port       Ref:/WORK/CSS_Transmitter_Top/final_ppdu_nibbles[5]
  Impl Port       Imp:/WORK/CSS_Transmitter_Top/final_ppdu_nibbles[5]

  Ref  Port       Ref:/WORK/CSS_Transmitter_Top/final_ppdu_nibbles[6]
  Impl Port       Imp:/WORK/CSS_Transmitter_Top/final_ppdu_nibbles[6]

  Ref  Port       Ref:/WORK/CSS_Transmitter_Top/final_ppdu_nibbles[7]
  Impl Port       Imp:/WORK/CSS_Transmitter_Top/final_ppdu_nibbles[7]

  Ref  Port       Ref:/WORK/CSS_Transmitter_Top/final_ppdu_nibbles[8]
  Impl Port       Imp:/WORK/CSS_Transmitter_Top/final_ppdu_nibbles[8]

  Ref  Port       Ref:/WORK/CSS_Transmitter_Top/final_ppdu_nibbles[9]
  Impl Port       Imp:/WORK/CSS_Transmitter_Top/final_ppdu_nibbles[9]

  Ref  Port       Ref:/WORK/CSS_Transmitter_Top/len_err
  Impl Port       Imp:/WORK/CSS_Transmitter_Top/len_err

  Ref  Port       Ref:/WORK/CSS_Transmitter_Top/system_busy
  Impl Port       Imp:/WORK/CSS_Transmitter_Top/system_busy

 [BBNet: multiply-driven net
  BBPin: black-box pin
  Cut:   cut-point
  DFF:   non-constant DFF register
  DFF0:  constant 0 DFF register
  DFF1:  constant 1 DFF register
  DFFX:  constant X DFF register
  DFF0X: constrained 0X DFF register
  DFF1X: constrained 1X DFF register
  LAT:   non-constant latch register
  LAT0:  constant 0 latch register
  LAT1:  constant 1 latch register
  LATX:  constant X latch register
  LAT0X: constrained 0X latch register
  LAT1X: constrained 1X latch register
  LATCG: clock-gating latch register
  TLA:   transparent latch register
  TLA0X: transparent constrained 0X latch register
  TLA1X: transparent constrained 1X latch register
  Loop:  cycle break point
  Port:  primary (top-level) port
  Und:   undriven signal cut-point
  Unk:   unknown signal cut-point]

1
