
************************

running check_legality

Warning: Routing direction of metal layer PO is neither "horizontal" nor "vertical".  PDC checks will not be performed on this layer. (PDC-003)
PDC app_options settings =========
	place.legalize.enable_prerouted_net_check: 1
	place.legalize.num_tracks_for_access_check: 1
	place.legalize.use_eol_spacing_for_access_check: 0
	place.legalize.allow_touch_track_for_access_check: 1
	place.legalize.reduce_conservatism_in_eol_check: 0
	place.legalize.preroute_shape_merge_distance: 0.0
	place.legalize.enable_non_preferred_direction_span_check: 0

Layer M1: cached 0 shapes out of 136 total shapes.
Layer M2: cached 0 shapes out of 0 total shapes.
Cached 5168 vias out of 18970 total vias.

check_legality for block design CSS_Transmitter_Top ... 
Warning: Routing direction of metal layer PO is neither "horizontal" nor "vertical".  PDC checks will not be performed on this layer. (PDC-003)
Warning: Standard cell instance U1 is not placed. (LGL-003)
Warning: Standard cell instance U3 is not placed. (LGL-003)
Warning: Standard cell instance u_framer/U3 is not placed. (LGL-003)
Warning: Standard cell instance u_framer/u_ctrl/add_229_U1_1_1 is not placed. (LGL-003)
Warning: Standard cell instance u_framer/u_ctrl/add_229_U1_1_2 is not placed. (LGL-003)
Warning: Standard cell instance u_framer/u_ctrl/sub_95_U2_3 is not placed. (LGL-003)
Warning: Standard cell instance u_framer/u_ctrl/U122 is not placed. (LGL-003)
Warning: Standard cell instance u_framer/u_ctrl/U134 is not placed. (LGL-003)
Warning: Standard cell instance u_framer/u_ctrl/U135 is not placed. (LGL-003)
Warning: Standard cell instance u_framer/u_ctrl/U136 is not placed. (LGL-003)
Warning: Standard cell instance u_framer/u_ctrl/U137 is not placed. (LGL-003)
Warning: Standard cell instance u_framer/u_ctrl/U138 is not placed. (LGL-003)
Warning: Standard cell instance u_framer/u_ctrl/U139 is not placed. (LGL-003)
Warning: Standard cell instance u_framer/u_ctrl/U140 is not placed. (LGL-003)
Warning: Standard cell instance u_framer/u_ctrl/U142 is not placed. (LGL-003)
Warning: Standard cell instance u_framer/u_ctrl/U143 is not placed. (LGL-003)
Warning: Standard cell instance u_framer/u_ctrl/U144 is not placed. (LGL-003)
Warning: Standard cell instance u_framer/u_ctrl/U145 is not placed. (LGL-003)
Warning: Standard cell instance u_framer/u_ctrl/U146 is not placed. (LGL-003)
Warning: Standard cell instance u_framer/u_ctrl/U147 is not placed. (LGL-003)
Warning: Standard cell instance u_framer/u_ctrl/U148 is not placed. (LGL-003)
Warning: Standard cell instance u_framer/u_ctrl/U149 is not placed. (LGL-003)
Warning: Standard cell instance u_framer/u_ctrl/U150 is not placed. (LGL-003)
Warning: Standard cell instance u_framer/u_ctrl/U151 is not placed. (LGL-003)
Warning: Standard cell instance u_framer/u_ctrl/U152 is not placed. (LGL-003)
Warning: Standard cell instance u_framer/u_ctrl/U153 is not placed. (LGL-003)
Warning: Standard cell instance u_framer/u_ctrl/U154 is not placed. (LGL-003)
Warning: Standard cell instance u_framer/u_ctrl/U155 is not placed. (LGL-003)
Warning: Standard cell instance u_framer/u_ctrl/U156 is not placed. (LGL-003)
Warning: Standard cell instance u_framer/u_ctrl/U157 is not placed. (LGL-003)
Warning: Standard cell instance u_framer/u_ctrl/U158 is not placed. (LGL-003)
Warning: Standard cell instance u_framer/u_ctrl/U159 is not placed. (LGL-003)
Warning: Standard cell instance u_framer/u_ctrl/U160 is not placed. (LGL-003)
Warning: Standard cell instance u_framer/u_ctrl/U161 is not placed. (LGL-003)
Warning: Standard cell instance u_framer/u_ctrl/U162 is not placed. (LGL-003)
Warning: Standard cell instance u_framer/u_ctrl/U163 is not placed. (LGL-003)
Warning: Standard cell instance u_framer/u_ctrl/U164 is not placed. (LGL-003)
Warning: Standard cell instance u_framer/u_ctrl/U165 is not placed. (LGL-003)
Warning: Standard cell instance u_framer/u_ctrl/U167 is not placed. (LGL-003)
Warning: Standard cell instance u_framer/u_ctrl/U168 is not placed. (LGL-003)
Warning: Standard cell instance u_framer/u_ctrl/U169 is not placed. (LGL-003)
Warning: Standard cell instance u_framer/u_ctrl/U170 is not placed. (LGL-003)
Warning: Standard cell instance u_framer/u_ctrl/U171 is not placed. (LGL-003)
Warning: Standard cell instance u_framer/u_ctrl/U172 is not placed. (LGL-003)
Warning: Standard cell instance u_framer/u_ctrl/U173 is not placed. (LGL-003)
Warning: Standard cell instance u_framer/u_ctrl/U174 is not placed. (LGL-003)
Warning: Standard cell instance u_framer/u_ctrl/U175 is not placed. (LGL-003)
Warning: Standard cell instance u_framer/u_ctrl/U176 is not placed. (LGL-003)
Warning: Standard cell instance u_framer/u_ctrl/U177 is not placed. (LGL-003)
Warning: Standard cell instance u_framer/u_ctrl/U178 is not placed. (LGL-003)
Warning: Standard cell instance u_framer/u_ctrl/U180 is not placed. (LGL-003)
Warning: Standard cell instance u_framer/u_ctrl/U181 is not placed. (LGL-003)
Warning: Standard cell instance u_framer/u_ctrl/U182 is not placed. (LGL-003)
Warning: Standard cell instance u_framer/u_ctrl/U183 is not placed. (LGL-003)
Warning: Standard cell instance u_framer/u_ctrl/U185 is not placed. (LGL-003)
Warning: Standard cell instance u_framer/u_ctrl/U186 is not placed. (LGL-003)
Warning: Standard cell instance u_framer/u_ctrl/U188 is not placed. (LGL-003)
Warning: Standard cell instance u_framer/u_ctrl/U189 is not placed. (LGL-003)
Warning: Standard cell instance u_framer/u_ctrl/U190 is not placed. (LGL-003)
Warning: Standard cell instance u_framer/u_ctrl/U191 is not placed. (LGL-003)
Warning: Standard cell instance u_framer/u_ctrl/U192 is not placed. (LGL-003)
Warning: Standard cell instance u_framer/u_ctrl/U193 is not placed. (LGL-003)
Warning: Standard cell instance u_framer/u_ctrl/U194 is not placed. (LGL-003)
Warning: Standard cell instance u_framer/u_ctrl/U198 is not placed. (LGL-003)
Warning: Standard cell instance u_framer/u_ctrl/U199 is not placed. (LGL-003)
Warning: Standard cell instance u_framer/u_ctrl/U202 is not placed. (LGL-003)
Warning: Standard cell instance u_framer/u_ctrl/U204 is not placed. (LGL-003)
Warning: Standard cell instance u_framer/u_ctrl/U205 is not placed. (LGL-003)
Warning: Standard cell instance u_framer/u_ctrl/U206 is not placed. (LGL-003)
Warning: Standard cell instance u_framer/u_ctrl/U207 is not placed. (LGL-003)
Warning: Standard cell instance u_framer/u_ctrl/U208 is not placed. (LGL-003)
Warning: Standard cell instance u_framer/u_ctrl/U209 is not placed. (LGL-003)
Warning: Standard cell instance u_framer/u_ctrl/U210 is not placed. (LGL-003)
Warning: Standard cell instance u_framer/u_ctrl/U211 is not placed. (LGL-003)
Warning: Standard cell instance u_framer/u_ctrl/U212 is not placed. (LGL-003)
Warning: Standard cell instance u_framer/u_ctrl/U213 is not placed. (LGL-003)
Warning: Standard cell instance u_framer/u_ctrl/U214 is not placed. (LGL-003)
Warning: Standard cell instance u_framer/u_ctrl/U215 is not placed. (LGL-003)
Warning: Standard cell instance u_framer/u_ctrl/U216 is not placed. (LGL-003)
Warning: Standard cell instance u_framer/u_ctrl/U217 is not placed. (LGL-003)
Warning: Standard cell instance u_framer/u_ctrl/U218 is not placed. (LGL-003)
Warning: Standard cell instance u_framer/u_ctrl/U219 is not placed. (LGL-003)
Warning: Standard cell instance u_framer/u_ctrl/U220 is not placed. (LGL-003)
Warning: Standard cell instance u_framer/u_ctrl/U221 is not placed. (LGL-003)
Warning: Standard cell instance u_framer/u_ctrl/U222 is not placed. (LGL-003)
Warning: Standard cell instance u_framer/u_ctrl/U223 is not placed. (LGL-003)
Warning: Standard cell instance u_framer/u_ctrl/U224 is not placed. (LGL-003)
Warning: Standard cell instance u_framer/u_ctrl/U225 is not placed. (LGL-003)
Warning: Standard cell instance u_framer/u_ctrl/U226 is not placed. (LGL-003)
Warning: Standard cell instance u_framer/u_ctrl/U227 is not placed. (LGL-003)
Warning: Standard cell instance u_framer/u_ctrl/U228 is not placed. (LGL-003)
Warning: Standard cell instance u_framer/u_ctrl/U229 is not placed. (LGL-003)
Warning: Standard cell instance u_framer/u_ctrl/U230 is not placed. (LGL-003)
Warning: Standard cell instance u_framer/u_ctrl/U231 is not placed. (LGL-003)
Warning: Standard cell instance u_framer/u_ctrl/U232 is not placed. (LGL-003)
Warning: Standard cell instance u_framer/u_ctrl/U233 is not placed. (LGL-003)
Warning: Standard cell instance u_framer/u_ctrl/U234 is not placed. (LGL-003)
Warning: Standard cell instance u_framer/u_ctrl/U235 is not placed. (LGL-003)
Warning: Standard cell instance u_framer/u_ctrl/U236 is not placed. (LGL-003)
Warning: Standard cell instance u_framer/u_ctrl/U237 is not placed. (LGL-003)
Warning: Standard cell instance u_framer/u_ctrl/U238 is not placed. (LGL-003)
Warning: Standard cell instance u_framer/u_ctrl/U239 is not placed. (LGL-003)
Warning: Standard cell instance u_framer/u_ctrl/U240 is not placed. (LGL-003)
Warning: Standard cell instance u_framer/u_ctrl/U241 is not placed. (LGL-003)
Warning: Standard cell instance u_framer/u_ctrl/U242 is not placed. (LGL-003)
Warning: Standard cell instance u_framer/u_ctrl/U243 is not placed. (LGL-003)
Warning: Standard cell instance u_framer/u_ctrl/U244 is not placed. (LGL-003)
Warning: Standard cell instance u_framer/u_ctrl/U245 is not placed. (LGL-003)
Warning: Standard cell instance u_framer/u_ctrl/U246 is not placed. (LGL-003)
Warning: Standard cell instance u_framer/u_ctrl/U247 is not placed. (LGL-003)
Warning: Standard cell instance u_framer/u_ctrl/U248 is not placed. (LGL-003)
Warning: Standard cell instance u_framer/u_ctrl/U249 is not placed. (LGL-003)
Warning: Standard cell instance u_framer/u_ctrl/U250 is not placed. (LGL-003)
Warning: Standard cell instance u_framer/u_ctrl/U251 is not placed. (LGL-003)
Warning: Standard cell instance u_framer/u_ctrl/U252 is not placed. (LGL-003)
Warning: Standard cell instance u_framer/u_ctrl/U254 is not placed. (LGL-003)
Warning: Standard cell instance u_framer/u_ctrl/U255 is not placed. (LGL-003)
Warning: Standard cell instance u_framer/u_ctrl/U256 is not placed. (LGL-003)
Warning: Standard cell instance u_framer/u_ctrl/U259 is not placed. (LGL-003)
Warning: Standard cell instance u_framer/u_ctrl/U261 is not placed. (LGL-003)
Warning: Standard cell instance u_framer/u_ctrl/U262 is not placed. (LGL-003)
Warning: Standard cell instance u_framer/u_ctrl/U263 is not placed. (LGL-003)
Warning: Standard cell instance u_framer/u_ctrl/U264 is not placed. (LGL-003)
Warning: Standard cell instance u_framer/u_ctrl/U265 is not placed. (LGL-003)
Warning: Standard cell instance u_framer/u_ctrl/U266 is not placed. (LGL-003)
Warning: Standard cell instance u_framer/u_ctrl/U267 is not placed. (LGL-003)
Warning: Standard cell instance u_framer/u_ctrl/busy_prev_reg is not placed. (LGL-003)
Warning: Standard cell instance u_framer/u_ctrl/k_reg_0_ is not placed. (LGL-003)
Warning: Standard cell instance u_framer/u_ctrl/k_reg_2_ is not placed. (LGL-003)
Warning: Standard cell instance u_framer/u_ctrl/k_reg_3_ is not placed. (LGL-003)
Warning: Standard cell instance u_framer/u_ctrl/bits_left_reg_0_ is not placed. (LGL-003)
Warning: Standard cell instance u_framer/u_ctrl/state_reg_1_ is not placed. (LGL-003)
Warning: Standard cell instance u_framer/u_ctrl/start_prev_reg is not placed. (LGL-003)
Warning: Standard cell instance u_framer/u_ctrl/len_err_reg is not placed. (LGL-003)
Warning: Standard cell instance u_framer/u_ctrl/half_reg is not placed. (LGL-003)
Warning: Standard cell instance u_framer/u_ctrl/k_reg_1_ is not placed. (LGL-003)
Warning: Standard cell instance u_framer/u_ctrl/bits_left_reg_10_ is not placed. (LGL-003)
Warning: Standard cell instance u_framer/u_ctrl/bits_left_reg_9_ is not placed. (LGL-003)
Warning: Standard cell instance u_framer/u_ctrl/bits_left_reg_8_ is not placed. (LGL-003)
Warning: Standard cell instance u_framer/u_ctrl/bits_left_reg_7_ is not placed. (LGL-003)
Warning: Standard cell instance u_framer/u_ctrl/bits_left_reg_6_ is not placed. (LGL-003)
Warning: Standard cell instance u_framer/u_ctrl/bits_left_reg_5_ is not placed. (LGL-003)
Warning: Standard cell instance u_framer/u_ctrl/bits_left_reg_4_ is not placed. (LGL-003)
Warning: Standard cell instance u_framer/u_ctrl/bits_left_reg_3_ is not placed. (LGL-003)
Warning: Standard cell instance u_framer/u_ctrl/bits_left_reg_2_ is not placed. (LGL-003)
Warning: Standard cell instance u_framer/u_ctrl/bits_left_reg_1_ is not placed. (LGL-003)
Warning: Standard cell instance u_framer/u_ctrl/wptr_reg_0_ is not placed. (LGL-003)
Warning: Standard cell instance u_framer/u_ctrl/wptr_reg_1_ is not placed. (LGL-003)
Warning: Standard cell instance u_framer/u_ctrl/wptr_reg_2_ is not placed. (LGL-003)
Warning: Standard cell instance u_framer/u_ctrl/wptr_reg_3_ is not placed. (LGL-003)
Warning: Standard cell instance u_framer/u_ctrl/wptr_reg_4_ is not placed. (LGL-003)
Warning: Standard cell instance u_framer/u_ctrl/wptr_reg_5_ is not placed. (LGL-003)
Warning: Standard cell instance u_framer/u_ctrl/wptr_reg_6_ is not placed. (LGL-003)
Warning: Standard cell instance u_framer/u_ctrl/wptr_reg_7_ is not placed. (LGL-003)
Warning: Standard cell instance u_framer/u_ctrl/wptr_reg_8_ is not placed. (LGL-003)
Warning: Standard cell instance u_framer/u_ctrl/wptr_reg_9_ is not placed. (LGL-003)
Warning: Standard cell instance u_framer/u_ctrl/bits_left_reg_11_ is not placed. (LGL-003)
Warning: Standard cell instance u_framer/u_ctrl/shr_cnt_reg_4_ is not placed. (LGL-003)
Warning: Standard cell instance u_framer/u_ctrl/shr_cnt_reg_0_ is not placed. (LGL-003)
Warning: Standard cell instance u_framer/u_ctrl/shr_cnt_reg_2_ is not placed. (LGL-003)
Warning: Standard cell instance u_framer/u_ctrl/shr_cnt_reg_3_ is not placed. (LGL-003)
Warning: Standard cell instance u_framer/u_ctrl/byte_idx_reg_1_ is not placed. (LGL-003)
Warning: Standard cell instance u_framer/u_ctrl/byte_idx_reg_2_ is not placed. (LGL-003)
Warning: Standard cell instance u_framer/u_ctrl/byte_idx_reg_3_ is not placed. (LGL-003)
Warning: Standard cell instance u_framer/u_ctrl/byte_idx_reg_4_ is not placed. (LGL-003)
Warning: Standard cell instance u_framer/u_ctrl/byte_idx_reg_5_ is not placed. (LGL-003)
Warning: Standard cell instance u_framer/u_ctrl/byte_idx_reg_6_ is not placed. (LGL-003)
Warning: Standard cell instance u_framer/u_ctrl/byte_idx_reg_7_ is not placed. (LGL-003)
Warning: Standard cell instance u_framer/u_ctrl/load_cnt_reg_1_ is not placed. (LGL-003)
Warning: Standard cell instance u_framer/u_ctrl/load_cnt_reg_0_ is not placed. (LGL-003)
Warning: Standard cell instance u_framer/u_ctrl/phr_blk_reg is not placed. (LGL-003)
Warning: Standard cell instance u_framer/u_ctrl/ppdu_done_reg is not placed. (LGL-003)
Warning: Standard cell instance u_framer/u_ctrl/ppdu_nibbles_reg_9_ is not placed. (LGL-003)
Warning: Standard cell instance u_framer/u_ctrl/ppdu_nibbles_reg_8_ is not placed. (LGL-003)
Warning: Standard cell instance u_framer/u_ctrl/ppdu_nibbles_reg_7_ is not placed. (LGL-003)
Warning: Standard cell instance u_framer/u_ctrl/ppdu_nibbles_reg_6_ is not placed. (LGL-003)
Warning: Standard cell instance u_framer/u_ctrl/ppdu_nibbles_reg_5_ is not placed. (LGL-003)
Warning: Standard cell instance u_framer/u_ctrl/ppdu_nibbles_reg_4_ is not placed. (LGL-003)
Warning: Standard cell instance u_framer/u_ctrl/ppdu_nibbles_reg_3_ is not placed. (LGL-003)
Warning: Standard cell instance u_framer/u_ctrl/ppdu_nibbles_reg_2_ is not placed. (LGL-003)
Warning: Standard cell instance u_framer/u_ctrl/ppdu_nibbles_reg_1_ is not placed. (LGL-003)
Warning: Standard cell instance u_framer/u_ctrl/ppdu_nibbles_reg_0_ is not placed. (LGL-003)
Warning: Standard cell instance u_framer/u_ctrl/win_reg_0_ is not placed. (LGL-003)
Warning: Standard cell instance u_framer/u_ctrl/win_reg_1_ is not placed. (LGL-003)
Warning: Standard cell instance u_framer/u_ctrl/len_q_reg_6_ is not placed. (LGL-003)
Warning: Standard cell instance u_framer/u_ctrl/len_q_reg_5_ is not placed. (LGL-003)
Warning: Standard cell instance u_framer/u_ctrl/len_q_reg_4_ is not placed. (LGL-003)
Warning: Standard cell instance u_framer/u_ctrl/len_q_reg_3_ is not placed. (LGL-003)
Warning: Standard cell instance u_framer/u_ctrl/len_q_reg_2_ is not placed. (LGL-003)
Warning: Standard cell instance u_framer/u_ctrl/len_q_reg_1_ is not placed. (LGL-003)
Warning: Standard cell instance u_framer/u_ctrl/len_q_reg_0_ is not placed. (LGL-003)
Warning: Standard cell instance u_framer/u_ctrl/state_reg_2_ is not placed. (LGL-003)
Warning: Standard cell instance u_framer/u_ctrl/state_reg_0_ is not placed. (LGL-003)
Warning: Standard cell instance u_framer/u_ctrl/rate_q_reg is not placed. (LGL-003)
Warning: Standard cell instance u_framer/u_ctrl/byte_idx_reg_0_ is not placed. (LGL-003)
Warning: Standard cell instance u_framer/u_ctrl/U5 is not placed. (LGL-003)
Warning: Standard cell instance u_framer/u_ctrl/U6 is not placed. (LGL-003)
Warning: Standard cell instance u_framer/u_ctrl/U7 is not placed. (LGL-003)
Warning: Standard cell instance u_framer/u_ctrl/U8 is not placed. (LGL-003)
Warning: Standard cell instance u_framer/u_ctrl/U9 is not placed. (LGL-003)
Warning: Standard cell instance u_framer/u_ctrl/U10 is not placed. (LGL-003)
Warning: Standard cell instance u_framer/u_ctrl/U11 is not placed. (LGL-003)
Warning: Standard cell instance u_framer/u_ctrl/U12 is not placed. (LGL-003)
Warning: Standard cell instance u_framer/u_ctrl/U13 is not placed. (LGL-003)
Warning: Standard cell instance u_framer/u_ctrl/U14 is not placed. (LGL-003)
Warning: Standard cell instance u_framer/u_ctrl/U15 is not placed. (LGL-003)
Warning: Standard cell instance u_framer/u_ctrl/U16 is not placed. (LGL-003)
Warning: Standard cell instance u_framer/u_ctrl/U17 is not placed. (LGL-003)
Warning: Standard cell instance u_framer/u_ctrl/U18 is not placed. (LGL-003)
Warning: Standard cell instance u_framer/u_ctrl/U19 is not placed. (LGL-003)
Warning: Standard cell instance u_framer/u_ctrl/U21 is not placed. (LGL-003)
Warning: Standard cell instance u_framer/u_ctrl/U22 is not placed. (LGL-003)
Warning: Standard cell instance u_framer/u_ctrl/U23 is not placed. (LGL-003)
Warning: Standard cell instance u_framer/u_ctrl/U24 is not placed. (LGL-003)
Warning: Standard cell instance u_framer/u_ctrl/U26 is not placed. (LGL-003)
Warning: Standard cell instance u_framer/u_ctrl/U27 is not placed. (LGL-003)
Warning: Standard cell instance u_framer/u_ctrl/U28 is not placed. (LGL-003)
Warning: Standard cell instance u_framer/u_ctrl/U29 is not placed. (LGL-003)
Warning: Standard cell instance u_framer/u_ctrl/U30 is not placed. (LGL-003)
Warning: Standard cell instance u_framer/u_ctrl/U31 is not placed. (LGL-003)
Warning: Standard cell instance u_framer/u_ctrl/U32 is not placed. (LGL-003)
Warning: Standard cell instance u_framer/u_ctrl/U33 is not placed. (LGL-003)
Warning: Standard cell instance u_framer/u_ctrl/U34 is not placed. (LGL-003)
Warning: Standard cell instance u_framer/u_ctrl/U35 is not placed. (LGL-003)
Warning: Standard cell instance u_framer/u_ctrl/U36 is not placed. (LGL-003)
Warning: Standard cell instance u_framer/u_ctrl/U37 is not placed. (LGL-003)
Warning: Standard cell instance u_framer/u_ctrl/U38 is not placed. (LGL-003)
Warning: Standard cell instance u_framer/u_ctrl/U39 is not placed. (LGL-003)
Warning: Standard cell instance u_framer/u_ctrl/U40 is not placed. (LGL-003)
Warning: Standard cell instance u_framer/u_ctrl/U41 is not placed. (LGL-003)
Warning: Standard cell instance u_framer/u_ctrl/U42 is not placed. (LGL-003)
Warning: Standard cell instance u_framer/u_ctrl/U43 is not placed. (LGL-003)
Warning: Standard cell instance u_framer/u_ctrl/U44 is not placed. (LGL-003)
Warning: Standard cell instance u_framer/u_ctrl/U45 is not placed. (LGL-003)
Warning: Standard cell instance u_framer/u_ctrl/U46 is not placed. (LGL-003)
Warning: Standard cell instance u_framer/u_ctrl/U47 is not placed. (LGL-003)
Warning: Standard cell instance u_framer/u_ctrl/U48 is not placed. (LGL-003)
Warning: Standard cell instance u_framer/u_ctrl/U49 is not placed. (LGL-003)
Warning: Standard cell instance u_framer/u_ctrl/U51 is not placed. (LGL-003)
Warning: Standard cell instance u_framer/u_ctrl/U52 is not placed. (LGL-003)
Warning: Standard cell instance u_framer/u_ctrl/U53 is not placed. (LGL-003)
Warning: Standard cell instance u_framer/u_ctrl/U54 is not placed. (LGL-003)
Warning: Standard cell instance u_framer/u_ctrl/U55 is not placed. (LGL-003)
Warning: Standard cell instance u_framer/u_ctrl/U56 is not placed. (LGL-003)
Warning: Standard cell instance u_framer/u_ctrl/U57 is not placed. (LGL-003)
Warning: Standard cell instance u_framer/u_ctrl/U58 is not placed. (LGL-003)
Warning: Standard cell instance u_framer/u_ctrl/U59 is not placed. (LGL-003)
Warning: Standard cell instance u_framer/u_ctrl/U60 is not placed. (LGL-003)
Warning: Standard cell instance u_framer/u_ctrl/U61 is not placed. (LGL-003)
Warning: Standard cell instance u_framer/u_ctrl/U62 is not placed. (LGL-003)
Warning: Standard cell instance u_framer/u_ctrl/U63 is not placed. (LGL-003)
Warning: Standard cell instance u_framer/u_ctrl/U64 is not placed. (LGL-003)
Warning: Standard cell instance u_framer/u_ctrl/U65 is not placed. (LGL-003)
Warning: Standard cell instance u_framer/u_ctrl/U66 is not placed. (LGL-003)
Warning: Standard cell instance u_framer/u_ctrl/U67 is not placed. (LGL-003)
Warning: Standard cell instance u_framer/u_ctrl/U68 is not placed. (LGL-003)
Warning: Standard cell instance u_framer/u_ctrl/U69 is not placed. (LGL-003)
Warning: Standard cell instance u_framer/u_ctrl/U70 is not placed. (LGL-003)
Warning: Standard cell instance u_framer/u_ctrl/U71 is not placed. (LGL-003)
Warning: Standard cell instance u_framer/u_ctrl/U72 is not placed. (LGL-003)
Warning: Standard cell instance u_framer/u_ctrl/U73 is not placed. (LGL-003)
Warning: Standard cell instance u_framer/u_ctrl/U74 is not placed. (LGL-003)
Warning: Standard cell instance u_framer/u_ctrl/U75 is not placed. (LGL-003)
Warning: Standard cell instance u_framer/u_ctrl/U76 is not placed. (LGL-003)
Warning: Standard cell instance u_framer/u_ctrl/U77 is not placed. (LGL-003)
Warning: Standard cell instance u_framer/u_ctrl/U78 is not placed. (LGL-003)
Warning: Standard cell instance u_framer/u_ctrl/U79 is not placed. (LGL-003)
Warning: Standard cell instance u_framer/u_ctrl/U80 is not placed. (LGL-003)
Warning: Standard cell instance u_framer/u_ctrl/U81 is not placed. (LGL-003)
Warning: Standard cell instance u_framer/u_ctrl/U82 is not placed. (LGL-003)
Warning: Standard cell instance u_framer/u_ctrl/U83 is not placed. (LGL-003)
Warning: Standard cell instance u_framer/u_ctrl/U84 is not placed. (LGL-003)
Warning: Standard cell instance u_framer/u_ctrl/U85 is not placed. (LGL-003)
Warning: Standard cell instance u_framer/u_ctrl/U86 is not placed. (LGL-003)
Warning: Standard cell instance u_framer/u_ctrl/U87 is not placed. (LGL-003)
Warning: Standard cell instance u_framer/u_ctrl/U88 is not placed. (LGL-003)
Warning: Standard cell instance u_framer/u_ctrl/U89 is not placed. (LGL-003)
Warning: Standard cell instance u_framer/u_ctrl/U90 is not placed. (LGL-003)
Warning: Standard cell instance u_framer/u_ctrl/U91 is not placed. (LGL-003)
Warning: Standard cell instance u_framer/u_ctrl/U92 is not placed. (LGL-003)
Warning: Standard cell instance u_framer/u_ctrl/U93 is not placed. (LGL-003)
Warning: Standard cell instance u_framer/u_ctrl/U94 is not placed. (LGL-003)
Warning: Standard cell instance u_framer/u_ctrl/U95 is not placed. (LGL-003)
Warning: Standard cell instance u_framer/u_ctrl/U96 is not placed. (LGL-003)
Warning: Standard cell instance u_framer/u_ctrl/U97 is not placed. (LGL-003)
Warning: Standard cell instance u_framer/u_ctrl/U98 is not placed. (LGL-003)
Warning: Standard cell instance u_framer/u_ctrl/U99 is not placed. (LGL-003)
Warning: Standard cell instance u_framer/u_ctrl/U100 is not placed. (LGL-003)
Warning: Standard cell instance u_framer/u_ctrl/U101 is not placed. (LGL-003)
Warning: Standard cell instance u_framer/u_ctrl/U102 is not placed. (LGL-003)
Warning: Standard cell instance u_framer/u_ctrl/U103 is not placed. (LGL-003)
Warning: Standard cell instance u_framer/u_ctrl/U104 is not placed. (LGL-003)
Warning: Standard cell instance u_framer/u_ctrl/U105 is not placed. (LGL-003)
Warning: Standard cell instance u_framer/u_ctrl/U106 is not placed. (LGL-003)
Warning: Standard cell instance u_framer/u_ctrl/U107 is not placed. (LGL-003)
Warning: Standard cell instance u_framer/u_ctrl/U108 is not placed. (LGL-003)
Warning: Standard cell instance u_framer/u_ctrl/U109 is not placed. (LGL-003)
Warning: Standard cell instance u_framer/u_ctrl/U110 is not placed. (LGL-003)
Warning: Standard cell instance u_framer/u_ctrl/U111 is not placed. (LGL-003)
Warning: Standard cell instance u_framer/u_ctrl/U112 is not placed. (LGL-003)
Warning: Standard cell instance u_framer/u_ctrl/U113 is not placed. (LGL-003)
Warning: Standard cell instance u_framer/u_ctrl/U114 is not placed. (LGL-003)
Warning: Standard cell instance u_framer/u_ctrl/U115 is not placed. (LGL-003)
Warning: Standard cell instance u_framer/u_ctrl/U116 is not placed. (LGL-003)
Warning: Standard cell instance u_framer/u_ctrl/U117 is not placed. (LGL-003)
Warning: Standard cell instance u_framer/u_ctrl/U118 is not placed. (LGL-003)
Warning: Standard cell instance u_framer/u_ctrl/U119 is not placed. (LGL-003)
Warning: Standard cell instance u_framer/u_ctrl/U120 is not placed. (LGL-003)
Warning: Standard cell instance u_framer/u_ctrl/U121 is not placed. (LGL-003)
Warning: Standard cell instance u_framer/u_ctrl/U123 is not placed. (LGL-003)
Warning: Standard cell instance u_framer/u_ctrl/U124 is not placed. (LGL-003)
Warning: Standard cell instance u_framer/u_ctrl/U125 is not placed. (LGL-003)
Warning: Standard cell instance u_framer/u_ctrl/U126 is not placed. (LGL-003)
Warning: Standard cell instance u_framer/u_ctrl/U127 is not placed. (LGL-003)
Warning: Standard cell instance u_framer/u_ctrl/U128 is not placed. (LGL-003)
Warning: Standard cell instance u_framer/u_ctrl/U129 is not placed. (LGL-003)
Warning: Standard cell instance u_framer/u_ctrl/U130 is not placed. (LGL-003)
Warning: Standard cell instance u_framer/u_ctrl/U131 is not placed. (LGL-003)
Warning: Standard cell instance u_framer/u_ctrl/U132 is not placed. (LGL-003)
Warning: Standard cell instance u_framer/u_ctrl/U133 is not placed. (LGL-003)
Warning: Standard cell instance u_framer/u_ctrl/U141 is not placed. (LGL-003)
Warning: Standard cell instance u_framer/u_ctrl/U166 is not placed. (LGL-003)
Warning: Standard cell instance u_framer/u_ctrl/U179 is not placed. (LGL-003)
Warning: Standard cell instance u_framer/u_ctrl/U187 is not placed. (LGL-003)
Warning: Standard cell instance u_framer/u_ctrl/U195 is not placed. (LGL-003)
Warning: Standard cell instance u_framer/u_ctrl/U196 is not placed. (LGL-003)
Warning: Standard cell instance u_framer/u_ctrl/U197 is not placed. (LGL-003)
Warning: Standard cell instance u_framer/u_ctrl/U200 is not placed. (LGL-003)
Warning: Standard cell instance u_framer/u_ctrl/U201 is not placed. (LGL-003)
Warning: Standard cell instance u_framer/u_ctrl/U253 is not placed. (LGL-003)
Warning: Standard cell instance u_framer/u_ctrl/U257 is not placed. (LGL-003)
Warning: Standard cell instance u_framer/u_ctrl/U258 is not placed. (LGL-003)
Warning: Standard cell instance u_framer/u_ctrl/U260 is not placed. (LGL-003)
Warning: Standard cell instance u_framer/u_ctrl/U268 is not placed. (LGL-003)
Warning: Standard cell instance u_framer/u_ctrl/U269 is not placed. (LGL-003)
Warning: Standard cell instance u_framer/u_ctrl/U270 is not placed. (LGL-003)
Warning: Standard cell instance u_framer/u_ctrl/U411 is not placed. (LGL-003)
Warning: Standard cell instance u_framer/u_ctrl/U412 is not placed. (LGL-003)
Warning: Standard cell instance u_framer/u_ctrl/U413 is not placed. (LGL-003)
Warning: Standard cell instance u_framer/u_ctrl/U414 is not placed. (LGL-003)
Warning: Standard cell instance u_framer/u_ctrl/U415 is not placed. (LGL-003)
Warning: Standard cell instance u_framer/u_ctrl/add_246/U1_1_2 is not placed. (LGL-003)
Warning: Standard cell instance u_framer/u_ctrl/add_246/U1_1_3 is not placed. (LGL-003)
Warning: Standard cell instance u_framer/u_ctrl/add_246/U1_1_4 is not placed. (LGL-003)
Warning: Standard cell instance u_framer/u_ctrl/add_246/U1_1_5 is not placed. (LGL-003)
Warning: Standard cell instance u_framer/u_ctrl/add_246/U1 is not placed. (LGL-003)
Warning: Standard cell instance u_framer/u_ctrl/add_246/U1_1_1 is not placed. (LGL-003)
Warning: Standard cell instance u_framer/u_ctrl/add_246/U2 is not placed. (LGL-003)
Warning: Standard cell instance u_framer/u_ctrl/add_246/U1_1_6 is not placed. (LGL-003)
Warning: Standard cell instance u_framer/u_ctrl/add_133/U1_1_5 is not placed. (LGL-003)
Warning: Standard cell instance u_framer/u_ctrl/add_133/U1_1_4 is not placed. (LGL-003)
Warning: Standard cell instance u_framer/u_ctrl/add_133/U1_1_3 is not placed. (LGL-003)
Warning: Standard cell instance u_framer/u_ctrl/add_133/U1_1_2 is not placed. (LGL-003)
Warning: Standard cell instance u_framer/u_ctrl/add_133/U1_1_1 is not placed. (LGL-003)
Warning: Standard cell instance u_framer/u_ctrl/add_133/U2 is not placed. (LGL-003)
Warning: Standard cell instance u_framer/u_ctrl/add_133/U1 is not placed. (LGL-003)
Warning: Standard cell instance u_framer/u_ctrl/add_133/U3 is not placed. (LGL-003)
Warning: Standard cell instance u_framer/u_ctrl/r149/U1_1_8 is not placed. (LGL-003)
Warning: Standard cell instance u_framer/u_ctrl/r149/U1_1_7 is not placed. (LGL-003)
Warning: Standard cell instance u_framer/u_ctrl/r149/U1_1_6 is not placed. (LGL-003)
Warning: Standard cell instance u_framer/u_ctrl/r149/U1_1_5 is not placed. (LGL-003)
Warning: Standard cell instance u_framer/u_ctrl/r149/U1_1_4 is not placed. (LGL-003)
Warning: Standard cell instance u_framer/u_ctrl/r149/U1_1_3 is not placed. (LGL-003)
Warning: Standard cell instance u_framer/u_ctrl/r149/U1_1_2 is not placed. (LGL-003)
Warning: Standard cell instance u_framer/u_ctrl/r149/U1_1_1 is not placed. (LGL-003)
Warning: Standard cell instance u_framer/u_ctrl/r149/U1 is not placed. (LGL-003)
Warning: Standard cell instance u_framer/u_ctrl/r149/U2 is not placed. (LGL-003)
Warning: Standard cell instance u_framer/u_ctrl/add_229_U1_1_3 is not placed. (LGL-003)
Warning: Standard cell instance u_framer/u_ctrl/shr_cnt_reg_1_ is not placed. (LGL-003)
Warning: Standard cell instance u_framer/u_ctrl/U3 is not placed. (LGL-003)
Warning: Standard cell instance u_framer/u_ctrl/U4 is not placed. (LGL-003)
Warning: Standard cell instance u_framer/u_ctrl/U20 is not placed. (LGL-003)
Warning: Standard cell instance u_framer/u_ctrl/U25 is not placed. (LGL-003)
Warning: Standard cell instance u_framer/u_ctrl/U50 is not placed. (LGL-003)
Warning: Standard cell instance u_framer/u_ctrl/U184 is not placed. (LGL-003)
Warning: Standard cell instance u_framer/u_ctrl/U203 is not placed. (LGL-003)
Warning: Standard cell instance u_framer/u_ctrl/U271 is not placed. (LGL-003)
Warning: Standard cell instance u_framer/u_ctrl/U272 is not placed. (LGL-003)
Warning: Standard cell instance u_framer/u_ctrl/U273 is not placed. (LGL-003)
Warning: Standard cell instance u_framer/u_ctrl/U274 is not placed. (LGL-003)
Warning: Standard cell instance u_framer/u_ctrl/U275 is not placed. (LGL-003)
Warning: Standard cell instance u_framer/u_payload_ram/U171 is not placed. (LGL-003)
Warning: Standard cell instance u_framer/u_payload_ram/U172 is not placed. (LGL-003)
Warning: Standard cell instance u_framer/u_payload_ram/U58 is not placed. (LGL-003)
Warning: Standard cell instance u_framer/u_payload_ram/U59 is not placed. (LGL-003)
Warning: Standard cell instance u_framer/u_payload_ram/U60 is not placed. (LGL-003)
Warning: Standard cell instance u_framer/u_payload_ram/U61 is not placed. (LGL-003)
Warning: Standard cell instance u_framer/u_payload_ram/U62 is not placed. (LGL-003)
Warning: Standard cell instance u_framer/u_payload_ram/U63 is not placed. (LGL-003)
Warning: Standard cell instance u_framer/u_payload_ram/U64 is not placed. (LGL-003)
Warning: Standard cell instance u_framer/u_payload_ram/U65 is not placed. (LGL-003)
Warning: Standard cell instance u_framer/u_payload_ram/U66 is not placed. (LGL-003)
Warning: Standard cell instance u_framer/u_payload_ram/U67 is not placed. (LGL-003)
Warning: Standard cell instance u_framer/u_payload_ram/U68 is not placed. (LGL-003)
Warning: Standard cell instance u_framer/u_payload_ram/U69 is not placed. (LGL-003)
Warning: Standard cell instance u_framer/u_payload_ram/U70 is not placed. (LGL-003)
Warning: Standard cell instance u_framer/u_payload_ram/U71 is not placed. (LGL-003)
Warning: Standard cell instance u_framer/u_payload_ram/U72 is not placed. (LGL-003)
Warning: Standard cell instance u_framer/u_payload_ram/U73 is not placed. (LGL-003)
Warning: Standard cell instance u_framer/u_payload_ram/U74 is not placed. (LGL-003)
Warning: Standard cell instance u_framer/u_payload_ram/U75 is not placed. (LGL-003)
Warning: Standard cell instance u_framer/u_payload_ram/U76 is not placed. (LGL-003)
Warning: Standard cell instance u_framer/u_payload_ram/U78 is not placed. (LGL-003)
Warning: Standard cell instance u_framer/u_payload_ram/U80 is not placed. (LGL-003)
Warning: Standard cell instance u_framer/u_payload_ram/U82 is not placed. (LGL-003)
Warning: Standard cell instance u_framer/u_payload_ram/U84 is not placed. (LGL-003)
Warning: Standard cell instance u_framer/u_payload_ram/U86 is not placed. (LGL-003)
Warning: Standard cell instance u_framer/u_payload_ram/U88 is not placed. (LGL-003)
Warning: Standard cell instance u_framer/u_payload_ram/U90 is not placed. (LGL-003)
Warning: Standard cell instance u_framer/u_payload_ram/U92 is not placed. (LGL-003)
Warning: Standard cell instance u_framer/u_payload_ram/U94 is not placed. (LGL-003)
Warning: Standard cell instance u_framer/u_payload_ram/U96 is not placed. (LGL-003)
Warning: Standard cell instance u_framer/u_payload_ram/U98 is not placed. (LGL-003)
Warning: Standard cell instance u_framer/u_payload_ram/U100 is not placed. (LGL-003)
Warning: Standard cell instance u_framer/u_payload_ram/U102 is not placed. (LGL-003)
Warning: Standard cell instance u_framer/u_payload_ram/U104 is not placed. (LGL-003)
Warning: Standard cell instance u_framer/u_payload_ram/U106 is not placed. (LGL-003)
Warning: Standard cell instance u_framer/u_payload_ram/U108 is not placed. (LGL-003)
Warning: Standard cell instance u_framer/u_payload_ram/U110 is not placed. (LGL-003)
Warning: Standard cell instance u_framer/u_payload_ram/U112 is not placed. (LGL-003)
Warning: Standard cell instance u_framer/u_payload_ram/U114 is not placed. (LGL-003)
Warning: Standard cell instance u_framer/u_payload_ram/U116 is not placed. (LGL-003)
Warning: Standard cell instance u_framer/u_payload_ram/U118 is not placed. (LGL-003)
Warning: Standard cell instance u_framer/u_payload_ram/U120 is not placed. (LGL-003)
Warning: Standard cell instance u_framer/u_payload_ram/U124 is not placed. (LGL-003)
Warning: Standard cell instance u_framer/u_payload_ram/U126 is not placed. (LGL-003)
Warning: Standard cell instance u_framer/u_payload_ram/U128 is not placed. (LGL-003)
Warning: Standard cell instance u_framer/u_payload_ram/U130 is not placed. (LGL-003)
Warning: Standard cell instance u_framer/u_payload_ram/U132 is not placed. (LGL-003)
Warning: Standard cell instance u_framer/u_payload_ram/U134 is not placed. (LGL-003)
Warning: Standard cell instance u_framer/u_payload_ram/U140 is not placed. (LGL-003)
Warning: Standard cell instance u_framer/u_payload_ram/U141 is not placed. (LGL-003)
Warning: Standard cell instance u_framer/u_payload_ram/U142 is not placed. (LGL-003)
Warning: Standard cell instance u_framer/u_payload_ram/U143 is not placed. (LGL-003)
Warning: Standard cell instance u_framer/u_payload_ram/U145 is not placed. (LGL-003)
Warning: Standard cell instance u_framer/u_payload_ram/U146 is not placed. (LGL-003)
Warning: Standard cell instance u_framer/u_payload_ram/U147 is not placed. (LGL-003)
Warning: Standard cell instance u_framer/u_payload_ram/U151 is not placed. (LGL-003)
Warning: Standard cell instance u_framer/u_payload_ram/U154 is not placed. (LGL-003)
Warning: Standard cell instance u_framer/u_payload_ram/waddr_q_reg_6_ is not placed. (LGL-003)
Warning: Standard cell instance u_framer/u_payload_ram/waddr_q_reg_5_ is not placed. (LGL-003)
Warning: Standard cell instance u_framer/u_payload_ram/waddr_q_reg_4_ is not placed. (LGL-003)
Warning: Standard cell instance u_framer/u_payload_ram/waddr_q_reg_3_ is not placed. (LGL-003)
Warning: Standard cell instance u_framer/u_payload_ram/waddr_q_reg_2_ is not placed. (LGL-003)
Warning: Standard cell instance u_framer/u_payload_ram/waddr_q_reg_0_ is not placed. (LGL-003)
Warning: Standard cell instance u_framer/u_payload_ram/wdata_q_reg_0_ is not placed. (LGL-003)
Warning: Standard cell instance u_framer/u_payload_ram/wdata_q_reg_2_ is not placed. (LGL-003)
Warning: Standard cell instance u_framer/u_payload_ram/wdata_q_reg_4_ is not placed. (LGL-003)
Warning: Standard cell instance u_framer/u_payload_ram/wdata_q_reg_6_ is not placed. (LGL-003)
Warning: Standard cell instance u_framer/u_payload_ram/waddr_q_reg_1_ is not placed. (LGL-003)
Warning: Standard cell instance u_framer/u_payload_ram/wdata_q_reg_3_ is not placed. (LGL-003)
Warning: Standard cell instance u_framer/u_payload_ram/wdata_q_reg_1_ is not placed. (LGL-003)
Warning: Standard cell instance u_framer/u_payload_ram/wdata_q_reg_5_ is not placed. (LGL-003)
Warning: Standard cell instance u_framer/u_payload_ram/wdata_q_reg_7_ is not placed. (LGL-003)
Warning: Standard cell instance u_framer/u_payload_ram/rdata_reg_0_ is not placed. (LGL-003)
Warning: Standard cell instance u_framer/u_payload_ram/we_q_reg is not placed. (LGL-003)
Warning: Standard cell instance u_framer/u_payload_ram/rdata_reg_2_ is not placed. (LGL-003)
Warning: Standard cell instance u_framer/u_payload_ram/rdata_reg_3_ is not placed. (LGL-003)
Warning: Standard cell instance u_framer/u_payload_ram/rdata_reg_4_ is not placed. (LGL-003)
Warning: Standard cell instance u_framer/u_payload_ram/rdata_reg_1_ is not placed. (LGL-003)
Warning: Standard cell instance u_framer/u_payload_ram/rdata_reg_6_ is not placed. (LGL-003)
Warning: Standard cell instance u_framer/u_payload_ram/rdata_reg_5_ is not placed. (LGL-003)
Warning: Standard cell instance u_framer/u_payload_ram/rdata_reg_7_ is not placed. (LGL-003)
Warning: Standard cell instance u_framer/u_payload_ram/U4 is not placed. (LGL-003)
Warning: Standard cell instance u_framer/u_payload_ram/U5 is not placed. (LGL-003)
Warning: Standard cell instance u_framer/u_payload_ram/U6 is not placed. (LGL-003)
Warning: Standard cell instance u_framer/u_payload_ram/U7 is not placed. (LGL-003)
Warning: Standard cell instance u_framer/u_payload_ram/U8 is not placed. (LGL-003)
Warning: Standard cell instance u_framer/u_payload_ram/U9 is not placed. (LGL-003)
Warning: Standard cell instance u_framer/u_payload_ram/U10 is not placed. (LGL-003)
Warning: Standard cell instance u_framer/u_payload_ram/U11 is not placed. (LGL-003)
Warning: Standard cell instance u_framer/u_payload_ram/U12 is not placed. (LGL-003)
Warning: Standard cell instance u_framer/u_payload_ram/U13 is not placed. (LGL-003)
Warning: Standard cell instance u_framer/u_payload_ram/U14 is not placed. (LGL-003)
Warning: Standard cell instance u_framer/u_payload_ram/U15 is not placed. (LGL-003)
Warning: Standard cell instance u_framer/u_payload_ram/U16 is not placed. (LGL-003)
Warning: Standard cell instance u_framer/u_payload_ram/U17 is not placed. (LGL-003)
Warning: Standard cell instance u_framer/u_payload_ram/U18 is not placed. (LGL-003)
Warning: Standard cell instance u_framer/u_payload_ram/U19 is not placed. (LGL-003)
Warning: Standard cell instance u_framer/u_payload_ram/U20 is not placed. (LGL-003)
Warning: Standard cell instance u_framer/u_payload_ram/U21 is not placed. (LGL-003)
Warning: Standard cell instance u_framer/u_payload_ram/U22 is not placed. (LGL-003)
Warning: Standard cell instance u_framer/u_payload_ram/U23 is not placed. (LGL-003)
Warning: Standard cell instance u_framer/u_payload_ram/U24 is not placed. (LGL-003)
Warning: Standard cell instance u_framer/u_payload_ram/U25 is not placed. (LGL-003)
Warning: Standard cell instance u_framer/u_payload_ram/U26 is not placed. (LGL-003)
Warning: Standard cell instance u_framer/u_payload_ram/U27 is not placed. (LGL-003)
Warning: Standard cell instance u_framer/u_payload_ram/U28 is not placed. (LGL-003)
Warning: Standard cell instance u_framer/u_payload_ram/U29 is not placed. (LGL-003)
Warning: Standard cell instance u_framer/u_payload_ram/U30 is not placed. (LGL-003)
Warning: Standard cell instance u_framer/u_payload_ram/U31 is not placed. (LGL-003)
Warning: Standard cell instance u_framer/u_payload_ram/U32 is not placed. (LGL-003)
Warning: Standard cell instance u_framer/u_payload_ram/U33 is not placed. (LGL-003)
Warning: Standard cell instance u_framer/u_payload_ram/U34 is not placed. (LGL-003)
Warning: Standard cell instance u_framer/u_payload_ram/U35 is not placed. (LGL-003)
Warning: Standard cell instance u_framer/u_payload_ram/U36 is not placed. (LGL-003)
Warning: Standard cell instance u_framer/u_payload_ram/U37 is not placed. (LGL-003)
Warning: Standard cell instance u_framer/u_payload_ram/U38 is not placed. (LGL-003)
Warning: Standard cell instance u_framer/u_payload_ram/U39 is not placed. (LGL-003)
Warning: Standard cell instance u_framer/u_payload_ram/U40 is not placed. (LGL-003)
Warning: Standard cell instance u_framer/u_payload_ram/U42 is not placed. (LGL-003)
Warning: Standard cell instance u_framer/u_payload_ram/U43 is not placed. (LGL-003)
Warning: Standard cell instance u_framer/u_payload_ram/U44 is not placed. (LGL-003)
Warning: Standard cell instance u_framer/u_payload_ram/U45 is not placed. (LGL-003)
Warning: Standard cell instance u_framer/u_payload_ram/U46 is not placed. (LGL-003)
Warning: Standard cell instance u_framer/u_payload_ram/U47 is not placed. (LGL-003)
Warning: Standard cell instance u_framer/u_payload_ram/U48 is not placed. (LGL-003)
Warning: Standard cell instance u_framer/u_payload_ram/U49 is not placed. (LGL-003)
Warning: Standard cell instance u_framer/u_payload_ram/U50 is not placed. (LGL-003)
Warning: Standard cell instance u_framer/u_payload_ram/U51 is not placed. (LGL-003)
Warning: Standard cell instance u_framer/u_payload_ram/U52 is not placed. (LGL-003)
Warning: Standard cell instance u_framer/u_payload_ram/U53 is not placed. (LGL-003)
Warning: Standard cell instance u_framer/u_payload_ram/U54 is not placed. (LGL-003)
Warning: Standard cell instance u_framer/u_payload_ram/U55 is not placed. (LGL-003)
Warning: Standard cell instance u_framer/u_payload_ram/U56 is not placed. (LGL-003)
Warning: Standard cell instance u_framer/u_payload_ram/U57 is not placed. (LGL-003)
Warning: Standard cell instance u_framer/u_payload_ram/U77 is not placed. (LGL-003)
Warning: Standard cell instance u_framer/u_payload_ram/U79 is not placed. (LGL-003)
Warning: Standard cell instance u_framer/u_payload_ram/U81 is not placed. (LGL-003)
Warning: Standard cell instance u_framer/u_payload_ram/U83 is not placed. (LGL-003)
Warning: Standard cell instance u_framer/u_payload_ram/U85 is not placed. (LGL-003)
Warning: Standard cell instance u_framer/u_payload_ram/U87 is not placed. (LGL-003)
Warning: Standard cell instance u_framer/u_payload_ram/U91 is not placed. (LGL-003)
Warning: Standard cell instance u_framer/u_payload_ram/U93 is not placed. (LGL-003)
Warning: Standard cell instance u_framer/u_payload_ram/U95 is not placed. (LGL-003)
Warning: Standard cell instance u_framer/u_payload_ram/U97 is not placed. (LGL-003)
Warning: Standard cell instance u_framer/u_payload_ram/U99 is not placed. (LGL-003)
Warning: Standard cell instance u_framer/u_payload_ram/U101 is not placed. (LGL-003)
Warning: Standard cell instance u_framer/u_payload_ram/U103 is not placed. (LGL-003)
Warning: Standard cell instance u_framer/u_payload_ram/U105 is not placed. (LGL-003)
Warning: Standard cell instance u_framer/u_payload_ram/U107 is not placed. (LGL-003)
Warning: Standard cell instance u_framer/u_payload_ram/U109 is not placed. (LGL-003)
Warning: Standard cell instance u_framer/u_payload_ram/U111 is not placed. (LGL-003)
Warning: Standard cell instance u_framer/u_payload_ram/U113 is not placed. (LGL-003)
Warning: Standard cell instance u_framer/u_payload_ram/U115 is not placed. (LGL-003)
Warning: Standard cell instance u_framer/u_payload_ram/U117 is not placed. (LGL-003)
Warning: Standard cell instance u_framer/u_payload_ram/U119 is not placed. (LGL-003)
Warning: Standard cell instance u_framer/u_payload_ram/U121 is not placed. (LGL-003)
Warning: Standard cell instance u_framer/u_payload_ram/U122 is not placed. (LGL-003)
Warning: Standard cell instance u_framer/u_payload_ram/U123 is not placed. (LGL-003)
Warning: Standard cell instance u_framer/u_payload_ram/U125 is not placed. (LGL-003)
Warning: Standard cell instance u_framer/u_payload_ram/U127 is not placed. (LGL-003)
Warning: Standard cell instance u_framer/u_payload_ram/U129 is not placed. (LGL-003)
Warning: Standard cell instance u_framer/u_payload_ram/U131 is not placed. (LGL-003)
Warning: Standard cell instance u_framer/u_payload_ram/U133 is not placed. (LGL-003)
Warning: Standard cell instance u_framer/u_payload_ram/U135 is not placed. (LGL-003)
Warning: Standard cell instance u_framer/u_payload_ram/U136 is not placed. (LGL-003)
Warning: Standard cell instance u_framer/u_payload_ram/U137 is not placed. (LGL-003)
Warning: Standard cell instance u_framer/u_payload_ram/U138 is not placed. (LGL-003)
Warning: Standard cell instance u_framer/u_payload_ram/U139 is not placed. (LGL-003)
Warning: Standard cell instance u_framer/u_payload_ram/U144 is not placed. (LGL-003)
Warning: Standard cell instance u_framer/u_payload_ram/U148 is not placed. (LGL-003)
Warning: Standard cell instance u_framer/u_payload_ram/U149 is not placed. (LGL-003)
Warning: Standard cell instance u_framer/u_payload_ram/U150 is not placed. (LGL-003)
Warning: Standard cell instance u_framer/u_payload_ram/U152 is not placed. (LGL-003)
Warning: Standard cell instance u_framer/u_payload_ram/U153 is not placed. (LGL-003)
Warning: Standard cell instance u_framer/u_payload_ram/U155 is not placed. (LGL-003)
Warning: Standard cell instance u_framer/u_payload_ram/U156 is not placed. (LGL-003)
Warning: Standard cell instance u_framer/u_payload_ram/U157 is not placed. (LGL-003)
Warning: Standard cell instance u_framer/u_payload_ram/U158 is not placed. (LGL-003)
Warning: Standard cell instance u_framer/u_payload_ram/U159 is not placed. (LGL-003)
Warning: Standard cell instance u_framer/u_payload_ram/U160 is not placed. (LGL-003)
Warning: Standard cell instance u_framer/u_payload_ram/U161 is not placed. (LGL-003)
Warning: Standard cell instance u_framer/u_payload_ram/U162 is not placed. (LGL-003)
Warning: Standard cell instance u_framer/u_payload_ram/U163 is not placed. (LGL-003)
Warning: Standard cell instance u_framer/u_payload_ram/U164 is not placed. (LGL-003)
Warning: Standard cell instance u_framer/u_payload_ram/U165 is not placed. (LGL-003)
Warning: Standard cell instance u_framer/u_payload_ram/U166 is not placed. (LGL-003)
Warning: Standard cell instance u_framer/u_payload_ram/U167 is not placed. (LGL-003)
Warning: Standard cell instance u_framer/u_payload_ram/U168 is not placed. (LGL-003)
Warning: Standard cell instance u_framer/u_payload_ram/U169 is not placed. (LGL-003)
Warning: Standard cell instance u_framer/u_payload_ram/U170 is not placed. (LGL-003)
Warning: Standard cell instance u_framer/u_payload_ram/U173 is not placed. (LGL-003)
Warning: Standard cell instance u_framer/u_payload_ram/U174 is not placed. (LGL-003)
Warning: Standard cell instance u_framer/u_payload_ram/U175 is not placed. (LGL-003)
Warning: Standard cell instance u_framer/u_payload_ram/U176 is not placed. (LGL-003)
Warning: Standard cell instance u_framer/u_payload_ram/U177 is not placed. (LGL-003)
Warning: Standard cell instance u_framer/u_payload_ram/U178 is not placed. (LGL-003)
Warning: Standard cell instance u_framer/u_payload_ram/U179 is not placed. (LGL-003)
Warning: Standard cell instance u_framer/u_payload_ram/U180 is not placed. (LGL-003)
Warning: Standard cell instance u_framer/u_payload_ram/U181 is not placed. (LGL-003)
Warning: Standard cell instance u_framer/u_payload_ram/U182 is not placed. (LGL-003)
Warning: Standard cell instance u_framer/u_payload_ram/U183 is not placed. (LGL-003)
Warning: Standard cell instance u_framer/u_payload_ram/U184 is not placed. (LGL-003)
Warning: Standard cell instance u_framer/u_payload_ram/U185 is not placed. (LGL-003)
Warning: Standard cell instance u_framer/u_payload_ram/U186 is not placed. (LGL-003)
Warning: Standard cell instance u_framer/u_payload_ram/U189 is not placed. (LGL-003)
Warning: Standard cell instance u_framer/u_payload_ram/U191 is not placed. (LGL-003)
Warning: Standard cell instance u_framer/u_payload_ram/U192 is not placed. (LGL-003)
Warning: Standard cell instance u_framer/u_payload_ram/U193 is not placed. (LGL-003)
Warning: Standard cell instance u_framer/u_payload_ram/U194 is not placed. (LGL-003)
Warning: Standard cell instance u_framer/u_payload_ram/U195 is not placed. (LGL-003)
Warning: Standard cell instance u_framer/u_payload_ram/U196 is not placed. (LGL-003)
Warning: Standard cell instance u_framer/u_payload_ram/U197 is not placed. (LGL-003)
Warning: Standard cell instance u_framer/u_payload_ram/U198 is not placed. (LGL-003)
Warning: Standard cell instance u_framer/u_payload_ram/U199 is not placed. (LGL-003)
Warning: Standard cell instance u_framer/u_payload_ram/U200 is not placed. (LGL-003)
Warning: Standard cell instance u_framer/u_payload_ram/U201 is not placed. (LGL-003)
Warning: Standard cell instance u_framer/u_payload_ram/U202 is not placed. (LGL-003)
Warning: Standard cell instance u_framer/u_payload_ram/U203 is not placed. (LGL-003)
Warning: Standard cell instance u_framer/u_payload_ram/U204 is not placed. (LGL-003)
Warning: Standard cell instance u_framer/u_payload_ram/U205 is not placed. (LGL-003)
Warning: Standard cell instance u_framer/u_payload_ram/U206 is not placed. (LGL-003)
Warning: Standard cell instance u_framer/u_payload_ram/U207 is not placed. (LGL-003)
Warning: Standard cell instance u_framer/u_payload_ram/U208 is not placed. (LGL-003)
Warning: Standard cell instance u_framer/u_payload_ram/U209 is not placed. (LGL-003)
Warning: Standard cell instance u_framer/u_payload_ram/U210 is not placed. (LGL-003)
Warning: Standard cell instance u_framer/u_payload_ram/U211 is not placed. (LGL-003)
Warning: Standard cell instance u_framer/u_payload_ram/U212 is not placed. (LGL-003)
Warning: Standard cell instance u_framer/u_payload_ram/U213 is not placed. (LGL-003)
Warning: Standard cell instance u_framer/u_payload_ram/U214 is not placed. (LGL-003)
Warning: Standard cell instance u_framer/u_payload_ram/U215 is not placed. (LGL-003)
Warning: Standard cell instance u_framer/u_payload_ram/U216 is not placed. (LGL-003)
Warning: Standard cell instance u_framer/u_payload_ram/U217 is not placed. (LGL-003)
Warning: Standard cell instance u_framer/u_payload_ram/U218 is not placed. (LGL-003)
Warning: Standard cell instance u_framer/u_payload_ram/U219 is not placed. (LGL-003)
Warning: Standard cell instance u_framer/u_payload_ram/U220 is not placed. (LGL-003)
Warning: Standard cell instance u_framer/u_payload_ram/U221 is not placed. (LGL-003)
Warning: Standard cell instance u_framer/u_payload_ram/U222 is not placed. (LGL-003)
Warning: Standard cell instance u_framer/u_payload_ram/U223 is not placed. (LGL-003)
Warning: Standard cell instance u_framer/u_payload_ram/U224 is not placed. (LGL-003)
Warning: Standard cell instance u_framer/u_payload_ram/U225 is not placed. (LGL-003)
Warning: Standard cell instance u_framer/u_payload_ram/U226 is not placed. (LGL-003)
Warning: Standard cell instance u_framer/u_payload_ram/U227 is not placed. (LGL-003)
Warning: Standard cell instance u_framer/u_payload_ram/U228 is not placed. (LGL-003)
Warning: Standard cell instance u_framer/u_payload_ram/U229 is not placed. (LGL-003)
Warning: Standard cell instance u_framer/u_payload_ram/U230 is not placed. (LGL-003)
Warning: Standard cell instance u_framer/u_payload_ram/U231 is not placed. (LGL-003)
Warning: Standard cell instance u_framer/u_payload_ram/U232 is not placed. (LGL-003)
Warning: Standard cell instance u_framer/u_payload_ram/U233 is not placed. (LGL-003)
Warning: Standard cell instance u_framer/u_payload_ram/U234 is not placed. (LGL-003)
Warning: Standard cell instance u_framer/u_payload_ram/U235 is not placed. (LGL-003)
Warning: Standard cell instance u_framer/u_payload_ram/U236 is not placed. (LGL-003)
Warning: Standard cell instance u_framer/u_payload_ram/U237 is not placed. (LGL-003)
Warning: Standard cell instance u_framer/u_payload_ram/U238 is not placed. (LGL-003)
Warning: Standard cell instance u_framer/u_payload_ram/U239 is not placed. (LGL-003)
Warning: Standard cell instance u_framer/u_payload_ram/U240 is not placed. (LGL-003)
Warning: Standard cell instance u_framer/u_payload_ram/U241 is not placed. (LGL-003)
Warning: Standard cell instance u_framer/u_payload_ram/U242 is not placed. (LGL-003)
Warning: Standard cell instance u_framer/u_payload_ram/U243 is not placed. (LGL-003)
Warning: Standard cell instance u_framer/u_payload_ram/U244 is not placed. (LGL-003)
Warning: Standard cell instance u_framer/u_payload_ram/U245 is not placed. (LGL-003)
Warning: Standard cell instance u_framer/u_payload_ram/U246 is not placed. (LGL-003)
Warning: Standard cell instance u_framer/u_payload_ram/U247 is not placed. (LGL-003)
Warning: Standard cell instance u_framer/u_payload_ram/U248 is not placed. (LGL-003)
Warning: Standard cell instance u_framer/u_payload_ram/U249 is not placed. (LGL-003)
Warning: Standard cell instance u_framer/u_payload_ram/U250 is not placed. (LGL-003)
Warning: Standard cell instance u_framer/u_payload_ram/U251 is not placed. (LGL-003)
Warning: Standard cell instance u_framer/u_payload_ram/U252 is not placed. (LGL-003)
Warning: Standard cell instance u_framer/u_payload_ram/U253 is not placed. (LGL-003)
Warning: Standard cell instance u_framer/u_payload_ram/U254 is not placed. (LGL-003)
Warning: Standard cell instance u_framer/u_payload_ram/U255 is not placed. (LGL-003)
Warning: Standard cell instance u_framer/u_payload_ram/U256 is not placed. (LGL-003)
Warning: Standard cell instance u_framer/u_payload_ram/U257 is not placed. (LGL-003)
Warning: Standard cell instance u_framer/u_payload_ram/U258 is not placed. (LGL-003)
Warning: Standard cell instance u_framer/u_payload_ram/U259 is not placed. (LGL-003)
Warning: Standard cell instance u_framer/u_payload_ram/U260 is not placed. (LGL-003)
Warning: Standard cell instance u_framer/u_payload_ram/U261 is not placed. (LGL-003)
Warning: Standard cell instance u_framer/u_payload_ram/U262 is not placed. (LGL-003)
Warning: Standard cell instance u_framer/u_payload_ram/U263 is not placed. (LGL-003)
Warning: Standard cell instance u_framer/u_payload_ram/U264 is not placed. (LGL-003)
Warning: Standard cell instance u_framer/u_payload_ram/U265 is not placed. (LGL-003)
Warning: Standard cell instance u_framer/u_payload_ram/U266 is not placed. (LGL-003)
Warning: Standard cell instance u_framer/u_payload_ram/U267 is not placed. (LGL-003)
Warning: Standard cell instance u_framer/u_payload_ram/U268 is not placed. (LGL-003)
Warning: Standard cell instance u_framer/u_payload_ram/U269 is not placed. (LGL-003)
Warning: Standard cell instance u_framer/u_payload_ram/U270 is not placed. (LGL-003)
Warning: Standard cell instance u_framer/u_payload_ram/U271 is not placed. (LGL-003)
Warning: Standard cell instance u_framer/u_payload_ram/U272 is not placed. (LGL-003)
Warning: Standard cell instance u_framer/u_payload_ram/U273 is not placed. (LGL-003)
Warning: Standard cell instance u_framer/u_payload_ram/U274 is not placed. (LGL-003)
Warning: Standard cell instance u_framer/u_payload_ram/U275 is not placed. (LGL-003)
Warning: Standard cell instance u_framer/u_payload_ram/U276 is not placed. (LGL-003)
Warning: Standard cell instance u_framer/u_payload_ram/U277 is not placed. (LGL-003)
Warning: Standard cell instance u_framer/u_payload_ram/U278 is not placed. (LGL-003)
Warning: Standard cell instance u_framer/u_payload_ram/U279 is not placed. (LGL-003)
Warning: Standard cell instance u_framer/u_payload_ram/U280 is not placed. (LGL-003)
Warning: Standard cell instance u_framer/u_payload_ram/U281 is not placed. (LGL-003)
Warning: Standard cell instance u_framer/u_payload_ram/U282 is not placed. (LGL-003)
Warning: Standard cell instance u_framer/u_payload_ram/U283 is not placed. (LGL-003)
Warning: Standard cell instance u_framer/u_payload_ram/U284 is not placed. (LGL-003)
Warning: Standard cell instance u_framer/u_payload_ram/U285 is not placed. (LGL-003)
Warning: Standard cell instance u_framer/u_payload_ram/U286 is not placed. (LGL-003)
Warning: Standard cell instance u_framer/u_payload_ram/U287 is not placed. (LGL-003)
Warning: Standard cell instance u_framer/u_payload_ram/U288 is not placed. (LGL-003)
Warning: Standard cell instance u_framer/u_payload_ram/U289 is not placed. (LGL-003)
Warning: Standard cell instance u_framer/u_payload_ram/U290 is not placed. (LGL-003)
Warning: Standard cell instance u_framer/u_payload_ram/U291 is not placed. (LGL-003)
Warning: Standard cell instance u_framer/u_payload_ram/U292 is not placed. (LGL-003)
Warning: Standard cell instance u_framer/u_payload_ram/U293 is not placed. (LGL-003)
Warning: Standard cell instance u_framer/u_payload_ram/U294 is not placed. (LGL-003)
Warning: Standard cell instance u_framer/u_payload_ram/U295 is not placed. (LGL-003)
Warning: Standard cell instance u_framer/u_payload_ram/U296 is not placed. (LGL-003)
Warning: Standard cell instance u_framer/u_payload_ram/U297 is not placed. (LGL-003)
Warning: Standard cell instance u_framer/u_payload_ram/U298 is not placed. (LGL-003)
Warning: Standard cell instance u_framer/u_payload_ram/U299 is not placed. (LGL-003)
Warning: Standard cell instance u_framer/u_payload_ram/U300 is not placed. (LGL-003)
Warning: Standard cell instance u_framer/u_payload_ram/U301 is not placed. (LGL-003)
Warning: Standard cell instance u_framer/u_payload_ram/U302 is not placed. (LGL-003)
Warning: Standard cell instance u_framer/u_payload_ram/U303 is not placed. (LGL-003)
Warning: Standard cell instance u_framer/u_payload_ram/U304 is not placed. (LGL-003)
Warning: Standard cell instance u_framer/u_payload_ram/U305 is not placed. (LGL-003)
Warning: Standard cell instance u_framer/u_payload_ram/U306 is not placed. (LGL-003)
Warning: Standard cell instance u_framer/u_payload_ram/U307 is not placed. (LGL-003)
Warning: Standard cell instance u_framer/u_payload_ram/U308 is not placed. (LGL-003)
Warning: Standard cell instance u_framer/u_payload_ram/U309 is not placed. (LGL-003)
Warning: Standard cell instance u_framer/u_payload_ram/U310 is not placed. (LGL-003)
Warning: Standard cell instance u_framer/u_payload_ram/U311 is not placed. (LGL-003)
Warning: Standard cell instance u_framer/u_payload_ram/U312 is not placed. (LGL-003)
Warning: Standard cell instance u_framer/u_payload_ram/U313 is not placed. (LGL-003)
Warning: Standard cell instance u_framer/u_payload_ram/U314 is not placed. (LGL-003)
Warning: Standard cell instance u_framer/u_payload_ram/U315 is not placed. (LGL-003)
Warning: Standard cell instance u_framer/u_payload_ram/U316 is not placed. (LGL-003)
Warning: Standard cell instance u_framer/u_payload_ram/U317 is not placed. (LGL-003)
Warning: Standard cell instance u_framer/u_payload_ram/U318 is not placed. (LGL-003)
Warning: Standard cell instance u_framer/u_payload_ram/U319 is not placed. (LGL-003)
Warning: Standard cell instance u_framer/u_payload_ram/U320 is not placed. (LGL-003)
Warning: Standard cell instance u_framer/u_payload_ram/U321 is not placed. (LGL-003)
Warning: Standard cell instance u_framer/u_payload_ram/U322 is not placed. (LGL-003)
Warning: Standard cell instance u_framer/u_payload_ram/U323 is not placed. (LGL-003)
Warning: Standard cell instance u_framer/u_payload_ram/U324 is not placed. (LGL-003)
Warning: Standard cell instance u_framer/u_payload_ram/U325 is not placed. (LGL-003)
Warning: Standard cell instance u_framer/u_payload_ram/U326 is not placed. (LGL-003)
Warning: Standard cell instance u_framer/u_payload_ram/U327 is not placed. (LGL-003)
Warning: Standard cell instance u_framer/u_payload_ram/U328 is not placed. (LGL-003)
Warning: Standard cell instance u_framer/u_payload_ram/U329 is not placed. (LGL-003)
Warning: Standard cell instance u_framer/u_payload_ram/U330 is not placed. (LGL-003)
Warning: Standard cell instance u_framer/u_payload_ram/U331 is not placed. (LGL-003)
Warning: Standard cell instance u_framer/u_payload_ram/U332 is not placed. (LGL-003)
Warning: Standard cell instance u_framer/u_payload_ram/U333 is not placed. (LGL-003)
Warning: Standard cell instance u_framer/u_payload_ram/U334 is not placed. (LGL-003)
Warning: Standard cell instance u_framer/u_payload_ram/U335 is not placed. (LGL-003)
Warning: Standard cell instance u_framer/u_payload_ram/U336 is not placed. (LGL-003)
Warning: Standard cell instance u_framer/u_payload_ram/U337 is not placed. (LGL-003)
Warning: Standard cell instance u_framer/u_payload_ram/U338 is not placed. (LGL-003)
Warning: Standard cell instance u_framer/u_payload_ram/U339 is not placed. (LGL-003)
Warning: Standard cell instance u_framer/u_payload_ram/U340 is not placed. (LGL-003)
Warning: Standard cell instance u_framer/u_payload_ram/U341 is not placed. (LGL-003)
Warning: Standard cell instance u_framer/u_payload_ram/U342 is not placed. (LGL-003)
Warning: Standard cell instance u_framer/u_payload_ram/U343 is not placed. (LGL-003)
Warning: Standard cell instance u_framer/u_payload_ram/U344 is not placed. (LGL-003)
Warning: Standard cell instance u_framer/u_payload_ram/U345 is not placed. (LGL-003)
Warning: Standard cell instance u_framer/u_payload_ram/U346 is not placed. (LGL-003)
Warning: Standard cell instance u_framer/u_payload_ram/U347 is not placed. (LGL-003)
Warning: Standard cell instance u_framer/u_payload_ram/U348 is not placed. (LGL-003)
Warning: Standard cell instance u_framer/u_payload_ram/U349 is not placed. (LGL-003)
Warning: Standard cell instance u_framer/u_payload_ram/U350 is not placed. (LGL-003)
Warning: Standard cell instance u_framer/u_payload_ram/U351 is not placed. (LGL-003)
Warning: Standard cell instance u_framer/u_payload_ram/U352 is not placed. (LGL-003)
Warning: Standard cell instance u_framer/u_payload_ram/U353 is not placed. (LGL-003)
Warning: Standard cell instance u_framer/u_payload_ram/U354 is not placed. (LGL-003)
Warning: Standard cell instance u_framer/u_payload_ram/U355 is not placed. (LGL-003)
Warning: Standard cell instance u_framer/u_payload_ram/U356 is not placed. (LGL-003)
Warning: Standard cell instance u_framer/u_payload_ram/U357 is not placed. (LGL-003)
Warning: Standard cell instance u_framer/u_payload_ram/U358 is not placed. (LGL-003)
Warning: Standard cell instance u_framer/u_payload_ram/U359 is not placed. (LGL-003)
Warning: Standard cell instance u_framer/u_payload_ram/U360 is not placed. (LGL-003)
Warning: Standard cell instance u_framer/u_payload_ram/U361 is not placed. (LGL-003)
Warning: Standard cell instance u_framer/u_payload_ram/U362 is not placed. (LGL-003)
Warning: Standard cell instance u_framer/u_payload_ram/U363 is not placed. (LGL-003)
Warning: Standard cell instance u_framer/u_payload_ram/U364 is not placed. (LGL-003)
Warning: Standard cell instance u_framer/u_payload_ram/U365 is not placed. (LGL-003)
Warning: Standard cell instance u_framer/u_payload_ram/U366 is not placed. (LGL-003)
Warning: Standard cell instance u_framer/u_payload_ram/U367 is not placed. (LGL-003)
Warning: Standard cell instance u_framer/u_payload_ram/U368 is not placed. (LGL-003)
Warning: Standard cell instance u_framer/u_payload_ram/U369 is not placed. (LGL-003)
Warning: Standard cell instance u_framer/u_payload_ram/U370 is not placed. (LGL-003)
Warning: Standard cell instance u_framer/u_payload_ram/U371 is not placed. (LGL-003)
Warning: Standard cell instance u_framer/u_payload_ram/U372 is not placed. (LGL-003)
Warning: Standard cell instance u_framer/u_payload_ram/U373 is not placed. (LGL-003)
Warning: Standard cell instance u_framer/u_payload_ram/U374 is not placed. (LGL-003)
Warning: Standard cell instance u_framer/u_payload_ram/U375 is not placed. (LGL-003)
Warning: Standard cell instance u_framer/u_payload_ram/U376 is not placed. (LGL-003)
Warning: Standard cell instance u_framer/u_payload_ram/U377 is not placed. (LGL-003)
Warning: Standard cell instance u_framer/u_payload_ram/U378 is not placed. (LGL-003)
Warning: Standard cell instance u_framer/u_payload_ram/U379 is not placed. (LGL-003)
Warning: Standard cell instance u_framer/u_payload_ram/U380 is not placed. (LGL-003)
Warning: Standard cell instance u_framer/u_payload_ram/U381 is not placed. (LGL-003)
Warning: Standard cell instance u_framer/u_payload_ram/U382 is not placed. (LGL-003)
Warning: Standard cell instance u_framer/u_payload_ram/U383 is not placed. (LGL-003)
Warning: Standard cell instance u_framer/u_payload_ram/U384 is not placed. (LGL-003)
Warning: Standard cell instance u_framer/u_payload_ram/U385 is not placed. (LGL-003)
Warning: Standard cell instance u_framer/u_payload_ram/U386 is not placed. (LGL-003)
Warning: Standard cell instance u_framer/u_payload_ram/U387 is not placed. (LGL-003)
Warning: Standard cell instance u_framer/u_payload_ram/U388 is not placed. (LGL-003)
Warning: Standard cell instance u_framer/u_payload_ram/U389 is not placed. (LGL-003)
Warning: Standard cell instance u_framer/u_payload_ram/U390 is not placed. (LGL-003)
Warning: Standard cell instance u_framer/u_payload_ram/U391 is not placed. (LGL-003)
Warning: Standard cell instance u_framer/u_payload_ram/U392 is not placed. (LGL-003)
Warning: Standard cell instance u_framer/u_payload_ram/U393 is not placed. (LGL-003)
Warning: Standard cell instance u_framer/u_payload_ram/U394 is not placed. (LGL-003)
Warning: Standard cell instance u_framer/u_payload_ram/U395 is not placed. (LGL-003)
Warning: Standard cell instance u_framer/u_payload_ram/U396 is not placed. (LGL-003)
Warning: Standard cell instance u_framer/u_payload_ram/U397 is not placed. (LGL-003)
Warning: Standard cell instance u_framer/u_payload_ram/U398 is not placed. (LGL-003)
Warning: Standard cell instance u_framer/u_payload_ram/U399 is not placed. (LGL-003)
Warning: Standard cell instance u_framer/u_payload_ram/U400 is not placed. (LGL-003)
Warning: Standard cell instance u_framer/u_payload_ram/U401 is not placed. (LGL-003)
Warning: Standard cell instance u_framer/u_payload_ram/U402 is not placed. (LGL-003)
Warning: Standard cell instance u_framer/u_payload_ram/U403 is not placed. (LGL-003)
Warning: Standard cell instance u_framer/u_payload_ram/U404 is not placed. (LGL-003)
Warning: Standard cell instance u_framer/u_payload_ram/U405 is not placed. (LGL-003)
Warning: Standard cell instance u_framer/u_payload_ram/U454 is not placed. (LGL-003)
Warning: Standard cell instance u_framer/u_payload_ram/U455 is not placed. (LGL-003)
Warning: Standard cell instance u_framer/u_payload_ram/b00/U85 is not placed. (LGL-003)
Warning: Standard cell instance u_framer/u_payload_ram/b00/U86 is not placed. (LGL-003)
Warning: Standard cell instance u_framer/u_payload_ram/b00/U87 is not placed. (LGL-003)
Warning: Standard cell instance u_framer/u_payload_ram/b00/U88 is not placed. (LGL-003)
Warning: Standard cell instance u_framer/u_payload_ram/b00/U89 is not placed. (LGL-003)
Warning: Standard cell instance u_framer/u_payload_ram/b00/U90 is not placed. (LGL-003)
Warning: Standard cell instance u_framer/u_payload_ram/b00/U91 is not placed. (LGL-003)
Warning: Standard cell instance u_framer/u_payload_ram/b00/U92 is not placed. (LGL-003)
Warning: Standard cell instance u_framer/u_payload_ram/b00/U93 is not placed. (LGL-003)
Warning: Standard cell instance u_framer/u_payload_ram/b00/U94 is not placed. (LGL-003)
Warning: Standard cell instance u_framer/u_payload_ram/b00/U95 is not placed. (LGL-003)
Warning: Standard cell instance u_framer/u_payload_ram/b00/U96 is not placed. (LGL-003)
Warning: Standard cell instance u_framer/u_payload_ram/b00/U97 is not placed. (LGL-003)
Warning: Standard cell instance u_framer/u_payload_ram/b00/U98 is not placed. (LGL-003)
Warning: Standard cell instance u_framer/u_payload_ram/b00/U99 is not placed. (LGL-003)
Warning: Standard cell instance u_framer/u_payload_ram/b00/U100 is not placed. (LGL-003)
Warning: Standard cell instance u_framer/u_payload_ram/b00/U101 is not placed. (LGL-003)
Warning: Standard cell instance u_framer/u_payload_ram/b00/U102 is not placed. (LGL-003)
Warning: Standard cell instance u_framer/u_payload_ram/b00/U103 is not placed. (LGL-003)
Warning: Standard cell instance u_framer/u_payload_ram/b00/U104 is not placed. (LGL-003)
Warning: Standard cell instance u_framer/u_payload_ram/b00/U105 is not placed. (LGL-003)
Warning: Standard cell instance u_framer/u_payload_ram/b00/U106 is not placed. (LGL-003)
Warning: Standard cell instance u_framer/u_payload_ram/b00/U107 is not placed. (LGL-003)
Warning: Standard cell instance u_framer/u_payload_ram/b00/U108 is not placed. (LGL-003)
Warning: Standard cell instance u_framer/u_payload_ram/b00/U109 is not placed. (LGL-003)
Warning: Standard cell instance u_framer/u_payload_ram/b00/U112 is not placed. (LGL-003)
Warning: Standard cell instance u_framer/u_payload_ram/b00/U115 is not placed. (LGL-003)
Warning: Standard cell instance u_framer/u_payload_ram/b00/U116 is not placed. (LGL-003)
Warning: Standard cell instance u_framer/u_payload_ram/b00/U117 is not placed. (LGL-003)
Warning: Standard cell instance u_framer/u_payload_ram/b00/U118 is not placed. (LGL-003)
Warning: Standard cell instance u_framer/u_payload_ram/b00/U119 is not placed. (LGL-003)
Warning: Standard cell instance u_framer/u_payload_ram/b00/U120 is not placed. (LGL-003)
Warning: Standard cell instance u_framer/u_payload_ram/b00/U121 is not placed. (LGL-003)
Warning: Standard cell instance u_framer/u_payload_ram/b00/U122 is not placed. (LGL-003)
Warning: Standard cell instance u_framer/u_payload_ram/b00/U123 is not placed. (LGL-003)
Warning: Standard cell instance u_framer/u_payload_ram/b00/U124 is not placed. (LGL-003)
Warning: Standard cell instance u_framer/u_payload_ram/b00/U125 is not placed. (LGL-003)
Warning: Standard cell instance u_framer/u_payload_ram/b00/U126 is not placed. (LGL-003)
Warning: Standard cell instance u_framer/u_payload_ram/b00/U127 is not placed. (LGL-003)
Warning: Standard cell instance u_framer/u_payload_ram/b00/U128 is not placed. (LGL-003)
Warning: Standard cell instance u_framer/u_payload_ram/b00/U129 is not placed. (LGL-003)
Warning: Standard cell instance u_framer/u_payload_ram/b00/U130 is not placed. (LGL-003)
Warning: Standard cell instance u_framer/u_payload_ram/b00/U131 is not placed. (LGL-003)
Warning: Standard cell instance u_framer/u_payload_ram/b00/U132 is not placed. (LGL-003)
Warning: Standard cell instance u_framer/u_payload_ram/b00/U134 is not placed. (LGL-003)
Warning: Standard cell instance u_framer/u_payload_ram/b00/U135 is not placed. (LGL-003)
Warning: Standard cell instance u_framer/u_payload_ram/b00/U136 is not placed. (LGL-003)
Warning: Standard cell instance u_framer/u_payload_ram/b00/U137 is not placed. (LGL-003)
Warning: Standard cell instance u_framer/u_payload_ram/b00/U138 is not placed. (LGL-003)
Warning: Standard cell instance u_framer/u_payload_ram/b00/U139 is not placed. (LGL-003)
Warning: Standard cell instance u_framer/u_payload_ram/b00/U140 is not placed. (LGL-003)
Warning: Standard cell instance u_framer/u_payload_ram/b00/U141 is not placed. (LGL-003)
Warning: Standard cell instance u_framer/u_payload_ram/b00/U143 is not placed. (LGL-003)
Warning: Standard cell instance u_framer/u_payload_ram/b00/U144 is not placed. (LGL-003)
Warning: Standard cell instance u_framer/u_payload_ram/b00/U145 is not placed. (LGL-003)
Warning: Standard cell instance u_framer/u_payload_ram/b00/U146 is not placed. (LGL-003)
Warning: Standard cell instance u_framer/u_payload_ram/b00/U147 is not placed. (LGL-003)
Warning: Standard cell instance u_framer/u_payload_ram/b00/U149 is not placed. (LGL-003)
Warning: Standard cell instance u_framer/u_payload_ram/b00/U152 is not placed. (LGL-003)
Warning: Standard cell instance u_framer/u_payload_ram/b00/U153 is not placed. (LGL-003)
Warning: Standard cell instance u_framer/u_payload_ram/b00/U154 is not placed. (LGL-003)
Warning: Standard cell instance u_framer/u_payload_ram/b00/U155 is not placed. (LGL-003)
Warning: Standard cell instance u_framer/u_payload_ram/b00/U156 is not placed. (LGL-003)
Warning: Standard cell instance u_framer/u_payload_ram/b00/U157 is not placed. (LGL-003)
Warning: Standard cell instance u_framer/u_payload_ram/b00/U158 is not placed. (LGL-003)
Warning: Standard cell instance u_framer/u_payload_ram/b00/U161 is not placed. (LGL-003)
Warning: Standard cell instance u_framer/u_payload_ram/b00/U162 is not placed. (LGL-003)
Warning: Standard cell instance u_framer/u_payload_ram/b00/U163 is not placed. (LGL-003)
Warning: Standard cell instance u_framer/u_payload_ram/b00/U164 is not placed. (LGL-003)
Warning: Standard cell instance u_framer/u_payload_ram/b00/U165 is not placed. (LGL-003)
Warning: Standard cell instance u_framer/u_payload_ram/b00/U167 is not placed. (LGL-003)
Warning: Standard cell instance u_framer/u_payload_ram/b00/U170 is not placed. (LGL-003)
Warning: Standard cell instance u_framer/u_payload_ram/b00/U171 is not placed. (LGL-003)
Warning: Standard cell instance u_framer/u_payload_ram/b00/U172 is not placed. (LGL-003)
Warning: Standard cell instance u_framer/u_payload_ram/b00/U173 is not placed. (LGL-003)
Warning: Standard cell instance u_framer/u_payload_ram/b00/U174 is not placed. (LGL-003)
Warning: Standard cell instance u_framer/u_payload_ram/b00/U176 is not placed. (LGL-003)
Warning: Standard cell instance u_framer/u_payload_ram/b00/U179 is not placed. (LGL-003)
Warning: Standard cell instance u_framer/u_payload_ram/b00/U180 is not placed. (LGL-003)
Warning: Standard cell instance u_framer/u_payload_ram/b00/U181 is not placed. (LGL-003)
Warning: Standard cell instance u_framer/u_payload_ram/b00/U182 is not placed. (LGL-003)
Warning: Standard cell instance u_framer/u_payload_ram/b00/U183 is not placed. (LGL-003)
Warning: Standard cell instance u_framer/u_payload_ram/b00/U185 is not placed. (LGL-003)
Warning: Standard cell instance u_framer/u_payload_ram/b00/U188 is not placed. (LGL-003)
Warning: Standard cell instance u_framer/u_payload_ram/b00/U189 is not placed. (LGL-003)
Warning: Standard cell instance u_framer/u_payload_ram/b00/U190 is not placed. (LGL-003)
Warning: Standard cell instance u_framer/u_payload_ram/b00/U192 is not placed. (LGL-003)
Warning: Standard cell instance u_framer/u_payload_ram/b00/U194 is not placed. (LGL-003)
Warning: Standard cell instance u_framer/u_payload_ram/b00/U195 is not placed. (LGL-003)
Warning: Standard cell instance u_framer/u_payload_ram/b00/U197 is not placed. (LGL-003)
Warning: Standard cell instance u_framer/u_payload_ram/b00/mem_reg_0__7_ is not placed. (LGL-003)
Warning: Standard cell instance u_framer/u_payload_ram/b00/mem_reg_0__6_ is not placed. (LGL-003)
Warning: Standard cell instance u_framer/u_payload_ram/b00/mem_reg_0__5_ is not placed. (LGL-003)
Warning: Standard cell instance u_framer/u_payload_ram/b00/mem_reg_0__4_ is not placed. (LGL-003)
Warning: Standard cell instance u_framer/u_payload_ram/b00/mem_reg_0__3_ is not placed. (LGL-003)
Warning: Standard cell instance u_framer/u_payload_ram/b00/mem_reg_0__2_ is not placed. (LGL-003)
Warning: Standard cell instance u_framer/u_payload_ram/b00/mem_reg_0__1_ is not placed. (LGL-003)
Warning: Standard cell instance u_framer/u_payload_ram/b00/mem_reg_0__0_ is not placed. (LGL-003)
Warning: Standard cell instance u_framer/u_payload_ram/b00/mem_reg_1__7_ is not placed. (LGL-003)
Warning: Standard cell instance u_framer/u_payload_ram/b00/mem_reg_1__6_ is not placed. (LGL-003)
Warning: Standard cell instance u_framer/u_payload_ram/b00/mem_reg_1__5_ is not placed. (LGL-003)
Warning: Standard cell instance u_framer/u_payload_ram/b00/mem_reg_1__4_ is not placed. (LGL-003)
Warning: Standard cell instance u_framer/u_payload_ram/b00/mem_reg_1__3_ is not placed. (LGL-003)
Warning: Standard cell instance u_framer/u_payload_ram/b00/mem_reg_1__2_ is not placed. (LGL-003)
Warning: Standard cell instance u_framer/u_payload_ram/b00/mem_reg_1__1_ is not placed. (LGL-003)
Warning: Standard cell instance u_framer/u_payload_ram/b00/mem_reg_1__0_ is not placed. (LGL-003)
Warning: Standard cell instance u_framer/u_payload_ram/b00/mem_reg_2__7_ is not placed. (LGL-003)
Warning: Standard cell instance u_framer/u_payload_ram/b00/mem_reg_2__6_ is not placed. (LGL-003)
Warning: Standard cell instance u_framer/u_payload_ram/b00/mem_reg_2__5_ is not placed. (LGL-003)
Warning: Standard cell instance u_framer/u_payload_ram/b00/mem_reg_2__4_ is not placed. (LGL-003)
Warning: Standard cell instance u_framer/u_payload_ram/b00/mem_reg_2__3_ is not placed. (LGL-003)
Warning: Standard cell instance u_framer/u_payload_ram/b00/mem_reg_2__2_ is not placed. (LGL-003)
Warning: Standard cell instance u_framer/u_payload_ram/b00/mem_reg_2__1_ is not placed. (LGL-003)
Warning: Standard cell instance u_framer/u_payload_ram/b00/mem_reg_2__0_ is not placed. (LGL-003)
Warning: Standard cell instance u_framer/u_payload_ram/b00/mem_reg_3__7_ is not placed. (LGL-003)
Warning: Standard cell instance u_framer/u_payload_ram/b00/mem_reg_3__6_ is not placed. (LGL-003)
Warning: Standard cell instance u_framer/u_payload_ram/b00/mem_reg_3__5_ is not placed. (LGL-003)
Warning: Standard cell instance u_framer/u_payload_ram/b00/mem_reg_3__4_ is not placed. (LGL-003)
Warning: Standard cell instance u_framer/u_payload_ram/b00/mem_reg_3__3_ is not placed. (LGL-003)
Warning: Standard cell instance u_framer/u_payload_ram/b00/mem_reg_3__2_ is not placed. (LGL-003)
Warning: Standard cell instance u_framer/u_payload_ram/b00/mem_reg_3__1_ is not placed. (LGL-003)
Warning: Standard cell instance u_framer/u_payload_ram/b00/mem_reg_3__0_ is not placed. (LGL-003)
Warning: Standard cell instance u_framer/u_payload_ram/b00/mem_reg_4__7_ is not placed. (LGL-003)
Warning: Standard cell instance u_framer/u_payload_ram/b00/mem_reg_4__6_ is not placed. (LGL-003)
Warning: Standard cell instance u_framer/u_payload_ram/b00/mem_reg_4__5_ is not placed. (LGL-003)
Warning: Standard cell instance u_framer/u_payload_ram/b00/mem_reg_4__4_ is not placed. (LGL-003)
Warning: Standard cell instance u_framer/u_payload_ram/b00/mem_reg_4__3_ is not placed. (LGL-003)
Warning: Standard cell instance u_framer/u_payload_ram/b00/mem_reg_4__2_ is not placed. (LGL-003)
Warning: Standard cell instance u_framer/u_payload_ram/b00/mem_reg_4__1_ is not placed. (LGL-003)
Warning: Standard cell instance u_framer/u_payload_ram/b00/mem_reg_4__0_ is not placed. (LGL-003)
Warning: Standard cell instance u_framer/u_payload_ram/b00/mem_reg_5__7_ is not placed. (LGL-003)
Warning: Standard cell instance u_framer/u_payload_ram/b00/mem_reg_5__6_ is not placed. (LGL-003)
Warning: Standard cell instance u_framer/u_payload_ram/b00/mem_reg_5__5_ is not placed. (LGL-003)
Warning: Standard cell instance u_framer/u_payload_ram/b00/mem_reg_5__4_ is not placed. (LGL-003)
Warning: Standard cell instance u_framer/u_payload_ram/b00/mem_reg_5__3_ is not placed. (LGL-003)
Warning: Standard cell instance u_framer/u_payload_ram/b00/mem_reg_5__2_ is not placed. (LGL-003)
Warning: Standard cell instance u_framer/u_payload_ram/b00/mem_reg_5__1_ is not placed. (LGL-003)
Warning: Standard cell instance u_framer/u_payload_ram/b00/mem_reg_5__0_ is not placed. (LGL-003)
Warning: Standard cell instance u_framer/u_payload_ram/b00/mem_reg_6__7_ is not placed. (LGL-003)
Warning: Standard cell instance u_framer/u_payload_ram/b00/mem_reg_6__6_ is not placed. (LGL-003)
Warning: Standard cell instance u_framer/u_payload_ram/b00/mem_reg_6__5_ is not placed. (LGL-003)
Warning: Standard cell instance u_framer/u_payload_ram/b00/mem_reg_6__4_ is not placed. (LGL-003)
Warning: Standard cell instance u_framer/u_payload_ram/b00/mem_reg_6__3_ is not placed. (LGL-003)
Warning: Standard cell instance u_framer/u_payload_ram/b00/mem_reg_6__2_ is not placed. (LGL-003)
Warning: Standard cell instance u_framer/u_payload_ram/b00/mem_reg_6__1_ is not placed. (LGL-003)
Warning: Standard cell instance u_framer/u_payload_ram/b00/mem_reg_6__0_ is not placed. (LGL-003)
Warning: Standard cell instance u_framer/u_payload_ram/b00/mem_reg_7__7_ is not placed. (LGL-003)
Warning: Standard cell instance u_framer/u_payload_ram/b00/mem_reg_7__6_ is not placed. (LGL-003)
Warning: Standard cell instance u_framer/u_payload_ram/b00/mem_reg_7__5_ is not placed. (LGL-003)
Warning: Standard cell instance u_framer/u_payload_ram/b00/mem_reg_7__4_ is not placed. (LGL-003)
Warning: Standard cell instance u_framer/u_payload_ram/b00/mem_reg_7__3_ is not placed. (LGL-003)
Warning: Standard cell instance u_framer/u_payload_ram/b00/mem_reg_7__2_ is not placed. (LGL-003)
Warning: Standard cell instance u_framer/u_payload_ram/b00/mem_reg_7__1_ is not placed. (LGL-003)
Warning: Standard cell instance u_framer/u_payload_ram/b00/mem_reg_7__0_ is not placed. (LGL-003)
Warning: Standard cell instance u_framer/u_payload_ram/b00/U2 is not placed. (LGL-003)
Warning: Standard cell instance u_framer/u_payload_ram/b00/U3 is not placed. (LGL-003)
Warning: Standard cell instance u_framer/u_payload_ram/b00/U4 is not placed. (LGL-003)
Warning: Standard cell instance u_framer/u_payload_ram/b00/U5 is not placed. (LGL-003)
Warning: Standard cell instance u_framer/u_payload_ram/b00/U6 is not placed. (LGL-003)
Warning: Standard cell instance u_framer/u_payload_ram/b00/U7 is not placed. (LGL-003)
Warning: Standard cell instance u_framer/u_payload_ram/b00/U8 is not placed. (LGL-003)
Warning: Standard cell instance u_framer/u_payload_ram/b00/U9 is not placed. (LGL-003)
Warning: Standard cell instance u_framer/u_payload_ram/b00/U10 is not placed. (LGL-003)
Warning: Standard cell instance u_framer/u_payload_ram/b00/U11 is not placed. (LGL-003)
Warning: Standard cell instance u_framer/u_payload_ram/b00/U12 is not placed. (LGL-003)
Warning: Standard cell instance u_framer/u_payload_ram/b00/U13 is not placed. (LGL-003)
Warning: Standard cell instance u_framer/u_payload_ram/b00/U14 is not placed. (LGL-003)
Warning: Standard cell instance u_framer/u_payload_ram/b00/U15 is not placed. (LGL-003)
Warning: Standard cell instance u_framer/u_payload_ram/b00/U16 is not placed. (LGL-003)
Warning: Standard cell instance u_framer/u_payload_ram/b00/U17 is not placed. (LGL-003)
Warning: Standard cell instance u_framer/u_payload_ram/b00/U18 is not placed. (LGL-003)
Warning: Standard cell instance u_framer/u_payload_ram/b00/U19 is not placed. (LGL-003)
Warning: Standard cell instance u_framer/u_payload_ram/b00/U20 is not placed. (LGL-003)
Warning: Standard cell instance u_framer/u_payload_ram/b00/U21 is not placed. (LGL-003)
Warning: Standard cell instance u_framer/u_payload_ram/b00/U22 is not placed. (LGL-003)
Warning: Standard cell instance u_framer/u_payload_ram/b00/U23 is not placed. (LGL-003)
Warning: Standard cell instance u_framer/u_payload_ram/b00/U24 is not placed. (LGL-003)
Warning: Standard cell instance u_framer/u_payload_ram/b00/U25 is not placed. (LGL-003)
Warning: Standard cell instance u_framer/u_payload_ram/b00/U26 is not placed. (LGL-003)
Warning: Standard cell instance u_framer/u_payload_ram/b00/U27 is not placed. (LGL-003)
Warning: Standard cell instance u_framer/u_payload_ram/b00/U28 is not placed. (LGL-003)
Warning: Standard cell instance u_framer/u_payload_ram/b00/U29 is not placed. (LGL-003)
Warning: Standard cell instance u_framer/u_payload_ram/b00/U30 is not placed. (LGL-003)
Warning: Standard cell instance u_framer/u_payload_ram/b00/U31 is not placed. (LGL-003)
Warning: Standard cell instance u_framer/u_payload_ram/b00/U32 is not placed. (LGL-003)
Warning: Standard cell instance u_framer/u_payload_ram/b00/U33 is not placed. (LGL-003)
Warning: Standard cell instance u_framer/u_payload_ram/b00/U34 is not placed. (LGL-003)
Warning: Standard cell instance u_framer/u_payload_ram/b00/U35 is not placed. (LGL-003)
Warning: Standard cell instance u_framer/u_payload_ram/b00/U36 is not placed. (LGL-003)
Warning: Standard cell instance u_framer/u_payload_ram/b00/U37 is not placed. (LGL-003)
Warning: Standard cell instance u_framer/u_payload_ram/b00/U38 is not placed. (LGL-003)
Warning: Standard cell instance u_framer/u_payload_ram/b00/U39 is not placed. (LGL-003)
Warning: Standard cell instance u_framer/u_payload_ram/b00/U40 is not placed. (LGL-003)
Warning: Standard cell instance u_framer/u_payload_ram/b00/U41 is not placed. (LGL-003)
Warning: Standard cell instance u_framer/u_payload_ram/b00/U42 is not placed. (LGL-003)
Warning: Standard cell instance u_framer/u_payload_ram/b00/U43 is not placed. (LGL-003)
Warning: Standard cell instance u_framer/u_payload_ram/b00/U44 is not placed. (LGL-003)
Warning: Standard cell instance u_framer/u_payload_ram/b00/U45 is not placed. (LGL-003)
Warning: Standard cell instance u_framer/u_payload_ram/b00/U46 is not placed. (LGL-003)
Warning: Standard cell instance u_framer/u_payload_ram/b00/U47 is not placed. (LGL-003)
Warning: Standard cell instance u_framer/u_payload_ram/b00/U48 is not placed. (LGL-003)
Warning: Standard cell instance u_framer/u_payload_ram/b00/U49 is not placed. (LGL-003)
Warning: Standard cell instance u_framer/u_payload_ram/b00/U50 is not placed. (LGL-003)
Warning: Standard cell instance u_framer/u_payload_ram/b00/U51 is not placed. (LGL-003)
Warning: Standard cell instance u_framer/u_payload_ram/b00/U52 is not placed. (LGL-003)
Warning: Standard cell instance u_framer/u_payload_ram/b00/U53 is not placed. (LGL-003)
Warning: Standard cell instance u_framer/u_payload_ram/b00/U54 is not placed. (LGL-003)
Warning: Standard cell instance u_framer/u_payload_ram/b00/U55 is not placed. (LGL-003)
Warning: Standard cell instance u_framer/u_payload_ram/b00/U56 is not placed. (LGL-003)
Warning: Standard cell instance u_framer/u_payload_ram/b00/U57 is not placed. (LGL-003)
Warning: Standard cell instance u_framer/u_payload_ram/b00/U58 is not placed. (LGL-003)
Warning: Standard cell instance u_framer/u_payload_ram/b00/U59 is not placed. (LGL-003)
Warning: Standard cell instance u_framer/u_payload_ram/b00/U60 is not placed. (LGL-003)
Warning: Standard cell instance u_framer/u_payload_ram/b00/U61 is not placed. (LGL-003)
Warning: Standard cell instance u_framer/u_payload_ram/b00/U62 is not placed. (LGL-003)
Warning: Standard cell instance u_framer/u_payload_ram/b00/U63 is not placed. (LGL-003)
Warning: Standard cell instance u_framer/u_payload_ram/b00/U64 is not placed. (LGL-003)
Warning: Standard cell instance u_framer/u_payload_ram/b00/U65 is not placed. (LGL-003)
Warning: Standard cell instance u_framer/u_payload_ram/b00/U66 is not placed. (LGL-003)
Warning: Standard cell instance u_framer/u_payload_ram/b00/U67 is not placed. (LGL-003)
Warning: Standard cell instance u_framer/u_payload_ram/b00/U68 is not placed. (LGL-003)
Warning: Standard cell instance u_framer/u_payload_ram/b00/U69 is not placed. (LGL-003)
Warning: Standard cell instance u_framer/u_payload_ram/b00/U70 is not placed. (LGL-003)
Warning: Standard cell instance u_framer/u_payload_ram/b00/U71 is not placed. (LGL-003)
Warning: Standard cell instance u_framer/u_payload_ram/b00/U72 is not placed. (LGL-003)
Warning: Standard cell instance u_framer/u_payload_ram/b00/U73 is not placed. (LGL-003)
Warning: Standard cell instance u_framer/u_payload_ram/b00/U74 is not placed. (LGL-003)
Warning: Standard cell instance u_framer/u_payload_ram/b00/U75 is not placed. (LGL-003)
Warning: Standard cell instance u_framer/u_payload_ram/b00/U76 is not placed. (LGL-003)
Warning: Standard cell instance u_framer/u_payload_ram/b00/U77 is not placed. (LGL-003)
Warning: Standard cell instance u_framer/u_payload_ram/b00/U78 is not placed. (LGL-003)
Warning: Standard cell instance u_framer/u_payload_ram/b00/U79 is not placed. (LGL-003)
Warning: Standard cell instance u_framer/u_payload_ram/b00/U80 is not placed. (LGL-003)
Warning: Standard cell instance u_framer/u_payload_ram/b00/U81 is not placed. (LGL-003)
Warning: Standard cell instance u_framer/u_payload_ram/b00/U82 is not placed. (LGL-003)
Warning: Standard cell instance u_framer/u_payload_ram/b00/U83 is not placed. (LGL-003)
Warning: Standard cell instance u_framer/u_payload_ram/b00/U84 is not placed. (LGL-003)
Warning: Standard cell instance u_framer/u_payload_ram/b00/U110 is not placed. (LGL-003)
Warning: Standard cell instance u_framer/u_payload_ram/b00/U111 is not placed. (LGL-003)
Warning: Standard cell instance u_framer/u_payload_ram/b00/U113 is not placed. (LGL-003)
Warning: Standard cell instance u_framer/u_payload_ram/b00/U114 is not placed. (LGL-003)
Warning: Standard cell instance u_framer/u_payload_ram/b00/U133 is not placed. (LGL-003)
Warning: Standard cell instance u_framer/u_payload_ram/b00/U142 is not placed. (LGL-003)
Warning: Standard cell instance u_framer/u_payload_ram/b00/U148 is not placed. (LGL-003)
Warning: Standard cell instance u_framer/u_payload_ram/b00/U150 is not placed. (LGL-003)
Warning: Standard cell instance u_framer/u_payload_ram/b00/U151 is not placed. (LGL-003)
Warning: Standard cell instance u_framer/u_payload_ram/b00/U159 is not placed. (LGL-003)
Warning: Standard cell instance u_framer/u_payload_ram/b00/U160 is not placed. (LGL-003)
Warning: Standard cell instance u_framer/u_payload_ram/b00/U166 is not placed. (LGL-003)
Warning: Standard cell instance u_framer/u_payload_ram/b00/U168 is not placed. (LGL-003)
Warning: Standard cell instance u_framer/u_payload_ram/b00/U169 is not placed. (LGL-003)
Warning: Standard cell instance u_framer/u_payload_ram/b00/U175 is not placed. (LGL-003)
Warning: Standard cell instance u_framer/u_payload_ram/b00/U177 is not placed. (LGL-003)
Warning: Standard cell instance u_framer/u_payload_ram/b00/U178 is not placed. (LGL-003)
Warning: Standard cell instance u_framer/u_payload_ram/b00/U184 is not placed. (LGL-003)
Warning: Standard cell instance u_framer/u_payload_ram/b00/U186 is not placed. (LGL-003)
Warning: Standard cell instance u_framer/u_payload_ram/b00/U187 is not placed. (LGL-003)
Warning: Standard cell instance u_framer/u_payload_ram/b00/U191 is not placed. (LGL-003)
Warning: Standard cell instance u_framer/u_payload_ram/b00/U193 is not placed. (LGL-003)
Warning: Standard cell instance u_framer/u_payload_ram/b00/U325 is not placed. (LGL-003)
Warning: Standard cell instance u_framer/u_payload_ram/b00/U326 is not placed. (LGL-003)
Warning: Standard cell instance u_framer/u_payload_ram/b00/U327 is not placed. (LGL-003)
Warning: Standard cell instance u_framer/u_payload_ram/b00/U328 is not placed. (LGL-003)
Warning: Standard cell instance u_framer/u_payload_ram/b00/U329 is not placed. (LGL-003)
Warning: Standard cell instance u_framer/u_payload_ram/b01/U85 is not placed. (LGL-003)
Warning: Standard cell instance u_framer/u_payload_ram/b01/U86 is not placed. (LGL-003)
Warning: Standard cell instance u_framer/u_payload_ram/b01/U87 is not placed. (LGL-003)
Warning: Standard cell instance u_framer/u_payload_ram/b01/U88 is not placed. (LGL-003)
Warning: Standard cell instance u_framer/u_payload_ram/b01/U89 is not placed. (LGL-003)
Warning: Standard cell instance u_framer/u_payload_ram/b01/U90 is not placed. (LGL-003)
Warning: Standard cell instance u_framer/u_payload_ram/b01/U91 is not placed. (LGL-003)
Warning: Standard cell instance u_framer/u_payload_ram/b01/U92 is not placed. (LGL-003)
Warning: Standard cell instance u_framer/u_payload_ram/b01/U93 is not placed. (LGL-003)
Warning: Standard cell instance u_framer/u_payload_ram/b01/U94 is not placed. (LGL-003)
Warning: Standard cell instance u_framer/u_payload_ram/b01/U95 is not placed. (LGL-003)
Warning: Standard cell instance u_framer/u_payload_ram/b01/U96 is not placed. (LGL-003)
Warning: Standard cell instance u_framer/u_payload_ram/b01/U97 is not placed. (LGL-003)
Warning: Standard cell instance u_framer/u_payload_ram/b01/U98 is not placed. (LGL-003)
Warning: Standard cell instance u_framer/u_payload_ram/b01/U99 is not placed. (LGL-003)
Warning: Standard cell instance u_framer/u_payload_ram/b01/U100 is not placed. (LGL-003)
Warning: Standard cell instance u_framer/u_payload_ram/b01/U101 is not placed. (LGL-003)
Warning: Standard cell instance u_framer/u_payload_ram/b01/U102 is not placed. (LGL-003)
Warning: Standard cell instance u_framer/u_payload_ram/b01/U103 is not placed. (LGL-003)
Warning: Standard cell instance u_framer/u_payload_ram/b01/U104 is not placed. (LGL-003)
Warning: Standard cell instance u_framer/u_payload_ram/b01/U105 is not placed. (LGL-003)
Warning: Standard cell instance u_framer/u_payload_ram/b01/U106 is not placed. (LGL-003)
Warning: Standard cell instance u_framer/u_payload_ram/b01/U107 is not placed. (LGL-003)
Warning: Standard cell instance u_framer/u_payload_ram/b01/U108 is not placed. (LGL-003)
Warning: Standard cell instance u_framer/u_payload_ram/b01/U109 is not placed. (LGL-003)
Warning: Standard cell instance u_framer/u_payload_ram/b01/U112 is not placed. (LGL-003)
Warning: Standard cell instance u_framer/u_payload_ram/b01/U114 is not placed. (LGL-003)
Warning: Standard cell instance u_framer/u_payload_ram/b01/U115 is not placed. (LGL-003)
Warning: Standard cell instance u_framer/u_payload_ram/b01/U116 is not placed. (LGL-003)
Warning: Standard cell instance u_framer/u_payload_ram/b01/U117 is not placed. (LGL-003)
Warning: Standard cell instance u_framer/u_payload_ram/b01/U118 is not placed. (LGL-003)
Warning: Standard cell instance u_framer/u_payload_ram/b01/U119 is not placed. (LGL-003)
Warning: Standard cell instance u_framer/u_payload_ram/b01/U120 is not placed. (LGL-003)
Warning: Standard cell instance u_framer/u_payload_ram/b01/U121 is not placed. (LGL-003)
Warning: Standard cell instance u_framer/u_payload_ram/b01/U122 is not placed. (LGL-003)
Warning: Standard cell instance u_framer/u_payload_ram/b01/U123 is not placed. (LGL-003)
Warning: Standard cell instance u_framer/u_payload_ram/b01/U124 is not placed. (LGL-003)
Warning: Standard cell instance u_framer/u_payload_ram/b01/U125 is not placed. (LGL-003)
Warning: Standard cell instance u_framer/u_payload_ram/b01/U126 is not placed. (LGL-003)
Warning: Standard cell instance u_framer/u_payload_ram/b01/U127 is not placed. (LGL-003)
Warning: Standard cell instance u_framer/u_payload_ram/b01/U128 is not placed. (LGL-003)
Warning: Standard cell instance u_framer/u_payload_ram/b01/U129 is not placed. (LGL-003)
Warning: Standard cell instance u_framer/u_payload_ram/b01/U130 is not placed. (LGL-003)
Warning: Standard cell instance u_framer/u_payload_ram/b01/U131 is not placed. (LGL-003)
Warning: Standard cell instance u_framer/u_payload_ram/b01/U132 is not placed. (LGL-003)
Warning: Standard cell instance u_framer/u_payload_ram/b01/U134 is not placed. (LGL-003)
Warning: Standard cell instance u_framer/u_payload_ram/b01/U135 is not placed. (LGL-003)
Warning: Standard cell instance u_framer/u_payload_ram/b01/U136 is not placed. (LGL-003)
Warning: Standard cell instance u_framer/u_payload_ram/b01/U137 is not placed. (LGL-003)
Warning: Standard cell instance u_framer/u_payload_ram/b01/U138 is not placed. (LGL-003)
Warning: Standard cell instance u_framer/u_payload_ram/b01/U139 is not placed. (LGL-003)
Warning: Standard cell instance u_framer/u_payload_ram/b01/U140 is not placed. (LGL-003)
Warning: Standard cell instance u_framer/u_payload_ram/b01/U141 is not placed. (LGL-003)
Warning: Standard cell instance u_framer/u_payload_ram/b01/U143 is not placed. (LGL-003)
Warning: Standard cell instance u_framer/u_payload_ram/b01/U144 is not placed. (LGL-003)
Warning: Standard cell instance u_framer/u_payload_ram/b01/U145 is not placed. (LGL-003)
Warning: Standard cell instance u_framer/u_payload_ram/b01/U146 is not placed. (LGL-003)
Warning: Standard cell instance u_framer/u_payload_ram/b01/U147 is not placed. (LGL-003)
Warning: Standard cell instance u_framer/u_payload_ram/b01/U148 is not placed. (LGL-003)
Warning: Standard cell instance u_framer/u_payload_ram/b01/U149 is not placed. (LGL-003)
Warning: Standard cell instance u_framer/u_payload_ram/b01/U150 is not placed. (LGL-003)
Warning: Standard cell instance u_framer/u_payload_ram/b01/U152 is not placed. (LGL-003)
Warning: Standard cell instance u_framer/u_payload_ram/b01/U153 is not placed. (LGL-003)
Warning: Standard cell instance u_framer/u_payload_ram/b01/U154 is not placed. (LGL-003)
Warning: Standard cell instance u_framer/u_payload_ram/b01/U155 is not placed. (LGL-003)
Warning: Standard cell instance u_framer/u_payload_ram/b01/U156 is not placed. (LGL-003)
Warning: Standard cell instance u_framer/u_payload_ram/b01/U157 is not placed. (LGL-003)
Warning: Standard cell instance u_framer/u_payload_ram/b01/U158 is not placed. (LGL-003)
Warning: Standard cell instance u_framer/u_payload_ram/b01/U159 is not placed. (LGL-003)
Warning: Standard cell instance u_framer/u_payload_ram/b01/U161 is not placed. (LGL-003)
Warning: Standard cell instance u_framer/u_payload_ram/b01/U162 is not placed. (LGL-003)
Warning: Standard cell instance u_framer/u_payload_ram/b01/U163 is not placed. (LGL-003)
Warning: Standard cell instance u_framer/u_payload_ram/b01/U164 is not placed. (LGL-003)
Warning: Standard cell instance u_framer/u_payload_ram/b01/U165 is not placed. (LGL-003)
Warning: Standard cell instance u_framer/u_payload_ram/b01/U166 is not placed. (LGL-003)
Warning: Standard cell instance u_framer/u_payload_ram/b01/U167 is not placed. (LGL-003)
Warning: Standard cell instance u_framer/u_payload_ram/b01/U168 is not placed. (LGL-003)
Warning: Standard cell instance u_framer/u_payload_ram/b01/U169 is not placed. (LGL-003)
Warning: Standard cell instance u_framer/u_payload_ram/b01/U171 is not placed. (LGL-003)
Warning: Standard cell instance u_framer/u_payload_ram/b01/U172 is not placed. (LGL-003)
Warning: Standard cell instance u_framer/u_payload_ram/b01/U173 is not placed. (LGL-003)
Warning: Standard cell instance u_framer/u_payload_ram/b01/U174 is not placed. (LGL-003)
Warning: Standard cell instance u_framer/u_payload_ram/b01/U175 is not placed. (LGL-003)
Warning: Standard cell instance u_framer/u_payload_ram/b01/U176 is not placed. (LGL-003)
Warning: Standard cell instance u_framer/u_payload_ram/b01/U177 is not placed. (LGL-003)
Warning: Standard cell instance u_framer/u_payload_ram/b01/U178 is not placed. (LGL-003)
Warning: Standard cell instance u_framer/u_payload_ram/b01/U180 is not placed. (LGL-003)
Warning: Standard cell instance u_framer/u_payload_ram/b01/U181 is not placed. (LGL-003)
Warning: Standard cell instance u_framer/u_payload_ram/b01/U182 is not placed. (LGL-003)
Warning: Standard cell instance u_framer/u_payload_ram/b01/U183 is not placed. (LGL-003)
Warning: Standard cell instance u_framer/u_payload_ram/b01/U184 is not placed. (LGL-003)
Warning: Standard cell instance u_framer/u_payload_ram/b01/U185 is not placed. (LGL-003)
Warning: Standard cell instance u_framer/u_payload_ram/b01/U186 is not placed. (LGL-003)
Warning: Standard cell instance u_framer/u_payload_ram/b01/U187 is not placed. (LGL-003)
Warning: Standard cell instance u_framer/u_payload_ram/b01/U189 is not placed. (LGL-003)
Warning: Standard cell instance u_framer/u_payload_ram/b01/U190 is not placed. (LGL-003)
Warning: Standard cell instance u_framer/u_payload_ram/b01/U191 is not placed. (LGL-003)
Warning: Standard cell instance u_framer/u_payload_ram/b01/U192 is not placed. (LGL-003)
Warning: Standard cell instance u_framer/u_payload_ram/b01/U193 is not placed. (LGL-003)
Warning: Standard cell instance u_framer/u_payload_ram/b01/U194 is not placed. (LGL-003)
Warning: Standard cell instance u_framer/u_payload_ram/b01/U195 is not placed. (LGL-003)
Warning: Standard cell instance u_framer/u_payload_ram/b01/U196 is not placed. (LGL-003)
Warning: Standard cell instance u_framer/u_payload_ram/b01/mem_reg_0__7_ is not placed. (LGL-003)
Warning: Standard cell instance u_framer/u_payload_ram/b01/mem_reg_0__6_ is not placed. (LGL-003)
Warning: Standard cell instance u_framer/u_payload_ram/b01/mem_reg_0__5_ is not placed. (LGL-003)
Warning: Standard cell instance u_framer/u_payload_ram/b01/mem_reg_0__4_ is not placed. (LGL-003)
Warning: Standard cell instance u_framer/u_payload_ram/b01/mem_reg_0__3_ is not placed. (LGL-003)
Warning: Standard cell instance u_framer/u_payload_ram/b01/mem_reg_0__2_ is not placed. (LGL-003)
Warning: Standard cell instance u_framer/u_payload_ram/b01/mem_reg_0__1_ is not placed. (LGL-003)
Warning: Standard cell instance u_framer/u_payload_ram/b01/mem_reg_0__0_ is not placed. (LGL-003)
Warning: Standard cell instance u_framer/u_payload_ram/b01/mem_reg_1__7_ is not placed. (LGL-003)
Warning: Standard cell instance u_framer/u_payload_ram/b01/mem_reg_1__6_ is not placed. (LGL-003)
Warning: Standard cell instance u_framer/u_payload_ram/b01/mem_reg_1__5_ is not placed. (LGL-003)
Warning: Standard cell instance u_framer/u_payload_ram/b01/mem_reg_1__4_ is not placed. (LGL-003)
Warning: Standard cell instance u_framer/u_payload_ram/b01/mem_reg_1__3_ is not placed. (LGL-003)
Warning: Standard cell instance u_framer/u_payload_ram/b01/mem_reg_1__2_ is not placed. (LGL-003)
Warning: Standard cell instance u_framer/u_payload_ram/b01/mem_reg_1__1_ is not placed. (LGL-003)
Warning: Standard cell instance u_framer/u_payload_ram/b01/mem_reg_1__0_ is not placed. (LGL-003)
Warning: Standard cell instance u_framer/u_payload_ram/b01/mem_reg_2__7_ is not placed. (LGL-003)
Warning: Standard cell instance u_framer/u_payload_ram/b01/mem_reg_2__6_ is not placed. (LGL-003)
Warning: Standard cell instance u_framer/u_payload_ram/b01/mem_reg_2__5_ is not placed. (LGL-003)
Warning: Standard cell instance u_framer/u_payload_ram/b01/mem_reg_2__4_ is not placed. (LGL-003)
Warning: Standard cell instance u_framer/u_payload_ram/b01/mem_reg_2__3_ is not placed. (LGL-003)
Warning: Standard cell instance u_framer/u_payload_ram/b01/mem_reg_2__2_ is not placed. (LGL-003)
Warning: Standard cell instance u_framer/u_payload_ram/b01/mem_reg_2__1_ is not placed. (LGL-003)
Warning: Standard cell instance u_framer/u_payload_ram/b01/mem_reg_2__0_ is not placed. (LGL-003)
Warning: Standard cell instance u_framer/u_payload_ram/b01/mem_reg_3__7_ is not placed. (LGL-003)
Warning: Standard cell instance u_framer/u_payload_ram/b01/mem_reg_3__6_ is not placed. (LGL-003)
Warning: Standard cell instance u_framer/u_payload_ram/b01/mem_reg_3__5_ is not placed. (LGL-003)
Warning: Standard cell instance u_framer/u_payload_ram/b01/mem_reg_3__4_ is not placed. (LGL-003)
Warning: Standard cell instance u_framer/u_payload_ram/b01/mem_reg_3__3_ is not placed. (LGL-003)
Warning: Standard cell instance u_framer/u_payload_ram/b01/mem_reg_3__2_ is not placed. (LGL-003)
Warning: Standard cell instance u_framer/u_payload_ram/b01/mem_reg_3__1_ is not placed. (LGL-003)
Warning: Standard cell instance u_framer/u_payload_ram/b01/mem_reg_3__0_ is not placed. (LGL-003)
Warning: Standard cell instance u_framer/u_payload_ram/b01/mem_reg_4__7_ is not placed. (LGL-003)
Warning: Standard cell instance u_framer/u_payload_ram/b01/mem_reg_4__6_ is not placed. (LGL-003)
Warning: Standard cell instance u_framer/u_payload_ram/b01/mem_reg_4__5_ is not placed. (LGL-003)
Warning: Standard cell instance u_framer/u_payload_ram/b01/mem_reg_4__4_ is not placed. (LGL-003)
Warning: Standard cell instance u_framer/u_payload_ram/b01/mem_reg_4__3_ is not placed. (LGL-003)
Warning: Standard cell instance u_framer/u_payload_ram/b01/mem_reg_4__2_ is not placed. (LGL-003)
Warning: Standard cell instance u_framer/u_payload_ram/b01/mem_reg_4__1_ is not placed. (LGL-003)
Warning: Standard cell instance u_framer/u_payload_ram/b01/mem_reg_4__0_ is not placed. (LGL-003)
Warning: Standard cell instance u_framer/u_payload_ram/b01/mem_reg_5__7_ is not placed. (LGL-003)
Warning: Standard cell instance u_framer/u_payload_ram/b01/mem_reg_5__6_ is not placed. (LGL-003)
Warning: Standard cell instance u_framer/u_payload_ram/b01/mem_reg_5__5_ is not placed. (LGL-003)
Warning: Standard cell instance u_framer/u_payload_ram/b01/mem_reg_5__4_ is not placed. (LGL-003)
Warning: Standard cell instance u_framer/u_payload_ram/b01/mem_reg_5__3_ is not placed. (LGL-003)
Warning: Standard cell instance u_framer/u_payload_ram/b01/mem_reg_5__2_ is not placed. (LGL-003)
Warning: Standard cell instance u_framer/u_payload_ram/b01/mem_reg_5__1_ is not placed. (LGL-003)
Warning: Standard cell instance u_framer/u_payload_ram/b01/mem_reg_5__0_ is not placed. (LGL-003)
Warning: Standard cell instance u_framer/u_payload_ram/b01/mem_reg_6__7_ is not placed. (LGL-003)
Warning: Standard cell instance u_framer/u_payload_ram/b01/mem_reg_6__6_ is not placed. (LGL-003)
Warning: Standard cell instance u_framer/u_payload_ram/b01/mem_reg_6__5_ is not placed. (LGL-003)
Warning: Standard cell instance u_framer/u_payload_ram/b01/mem_reg_6__4_ is not placed. (LGL-003)
Warning: Standard cell instance u_framer/u_payload_ram/b01/mem_reg_6__3_ is not placed. (LGL-003)
Warning: Standard cell instance u_framer/u_payload_ram/b01/mem_reg_6__2_ is not placed. (LGL-003)
Warning: Standard cell instance u_framer/u_payload_ram/b01/mem_reg_6__1_ is not placed. (LGL-003)
Warning: Standard cell instance u_framer/u_payload_ram/b01/mem_reg_6__0_ is not placed. (LGL-003)
Warning: Standard cell instance u_framer/u_payload_ram/b01/mem_reg_7__7_ is not placed. (LGL-003)
Warning: Standard cell instance u_framer/u_payload_ram/b01/mem_reg_7__6_ is not placed. (LGL-003)
Warning: Standard cell instance u_framer/u_payload_ram/b01/mem_reg_7__5_ is not placed. (LGL-003)
Warning: Standard cell instance u_framer/u_payload_ram/b01/mem_reg_7__4_ is not placed. (LGL-003)
Warning: Standard cell instance u_framer/u_payload_ram/b01/mem_reg_7__3_ is not placed. (LGL-003)
Warning: Standard cell instance u_framer/u_payload_ram/b01/mem_reg_7__2_ is not placed. (LGL-003)
Warning: Standard cell instance u_framer/u_payload_ram/b01/mem_reg_7__1_ is not placed. (LGL-003)
Warning: Standard cell instance u_framer/u_payload_ram/b01/mem_reg_7__0_ is not placed. (LGL-003)
Warning: Standard cell instance u_framer/u_payload_ram/b01/U2 is not placed. (LGL-003)
Warning: Standard cell instance u_framer/u_payload_ram/b01/U3 is not placed. (LGL-003)
Warning: Standard cell instance u_framer/u_payload_ram/b01/U4 is not placed. (LGL-003)
Warning: Standard cell instance u_framer/u_payload_ram/b01/U5 is not placed. (LGL-003)
Warning: Standard cell instance u_framer/u_payload_ram/b01/U6 is not placed. (LGL-003)
Warning: Standard cell instance u_framer/u_payload_ram/b01/U7 is not placed. (LGL-003)
Warning: Standard cell instance u_framer/u_payload_ram/b01/U8 is not placed. (LGL-003)
Warning: Standard cell instance u_framer/u_payload_ram/b01/U9 is not placed. (LGL-003)
Warning: Standard cell instance u_framer/u_payload_ram/b01/U10 is not placed. (LGL-003)
Warning: Standard cell instance u_framer/u_payload_ram/b01/U11 is not placed. (LGL-003)
Warning: Standard cell instance u_framer/u_payload_ram/b01/U12 is not placed. (LGL-003)
Warning: Standard cell instance u_framer/u_payload_ram/b01/U13 is not placed. (LGL-003)
Warning: Standard cell instance u_framer/u_payload_ram/b01/U14 is not placed. (LGL-003)
Warning: Standard cell instance u_framer/u_payload_ram/b01/U15 is not placed. (LGL-003)
Warning: Standard cell instance u_framer/u_payload_ram/b01/U16 is not placed. (LGL-003)
Warning: Standard cell instance u_framer/u_payload_ram/b01/U17 is not placed. (LGL-003)
Warning: Standard cell instance u_framer/u_payload_ram/b01/U18 is not placed. (LGL-003)
Warning: Standard cell instance u_framer/u_payload_ram/b01/U19 is not placed. (LGL-003)
Warning: Standard cell instance u_framer/u_payload_ram/b01/U20 is not placed. (LGL-003)
Warning: Standard cell instance u_framer/u_payload_ram/b01/U21 is not placed. (LGL-003)
Warning: Standard cell instance u_framer/u_payload_ram/b01/U22 is not placed. (LGL-003)
Warning: Standard cell instance u_framer/u_payload_ram/b01/U23 is not placed. (LGL-003)
Warning: Standard cell instance u_framer/u_payload_ram/b01/U24 is not placed. (LGL-003)
Warning: Standard cell instance u_framer/u_payload_ram/b01/U25 is not placed. (LGL-003)
Warning: Standard cell instance u_framer/u_payload_ram/b01/U26 is not placed. (LGL-003)
Warning: Standard cell instance u_framer/u_payload_ram/b01/U27 is not placed. (LGL-003)
Warning: Standard cell instance u_framer/u_payload_ram/b01/U28 is not placed. (LGL-003)
Warning: Standard cell instance u_framer/u_payload_ram/b01/U29 is not placed. (LGL-003)
Warning: Standard cell instance u_framer/u_payload_ram/b01/U30 is not placed. (LGL-003)
Warning: Standard cell instance u_framer/u_payload_ram/b01/U31 is not placed. (LGL-003)
Warning: Standard cell instance u_framer/u_payload_ram/b01/U32 is not placed. (LGL-003)
Warning: Standard cell instance u_framer/u_payload_ram/b01/U33 is not placed. (LGL-003)
Warning: Standard cell instance u_framer/u_payload_ram/b01/U34 is not placed. (LGL-003)
Warning: Standard cell instance u_framer/u_payload_ram/b01/U35 is not placed. (LGL-003)
Warning: Standard cell instance u_framer/u_payload_ram/b01/U36 is not placed. (LGL-003)
Warning: Standard cell instance u_framer/u_payload_ram/b01/U37 is not placed. (LGL-003)
Warning: Standard cell instance u_framer/u_payload_ram/b01/U38 is not placed. (LGL-003)
Warning: Standard cell instance u_framer/u_payload_ram/b01/U39 is not placed. (LGL-003)
Warning: Standard cell instance u_framer/u_payload_ram/b01/U40 is not placed. (LGL-003)
Warning: Standard cell instance u_framer/u_payload_ram/b01/U41 is not placed. (LGL-003)
Warning: Standard cell instance u_framer/u_payload_ram/b01/U42 is not placed. (LGL-003)
Warning: Standard cell instance u_framer/u_payload_ram/b01/U43 is not placed. (LGL-003)
Warning: Standard cell instance u_framer/u_payload_ram/b01/U44 is not placed. (LGL-003)
Warning: Standard cell instance u_framer/u_payload_ram/b01/U45 is not placed. (LGL-003)
Warning: Standard cell instance u_framer/u_payload_ram/b01/U46 is not placed. (LGL-003)
Warning: Standard cell instance u_framer/u_payload_ram/b01/U47 is not placed. (LGL-003)
Warning: Standard cell instance u_framer/u_payload_ram/b01/U48 is not placed. (LGL-003)
Warning: Standard cell instance u_framer/u_payload_ram/b01/U49 is not placed. (LGL-003)
Warning: Standard cell instance u_framer/u_payload_ram/b01/U50 is not placed. (LGL-003)
Warning: Standard cell instance u_framer/u_payload_ram/b01/U51 is not placed. (LGL-003)
Warning: Standard cell instance u_framer/u_payload_ram/b01/U52 is not placed. (LGL-003)
Warning: Standard cell instance u_framer/u_payload_ram/b01/U53 is not placed. (LGL-003)
Warning: Standard cell instance u_framer/u_payload_ram/b01/U54 is not placed. (LGL-003)
Warning: Standard cell instance u_framer/u_payload_ram/b01/U55 is not placed. (LGL-003)
Warning: Standard cell instance u_framer/u_payload_ram/b01/U56 is not placed. (LGL-003)
Warning: Standard cell instance u_framer/u_payload_ram/b01/U57 is not placed. (LGL-003)
Warning: Standard cell instance u_framer/u_payload_ram/b01/U58 is not placed. (LGL-003)
Warning: Standard cell instance u_framer/u_payload_ram/b01/U59 is not placed. (LGL-003)
Warning: Standard cell instance u_framer/u_payload_ram/b01/U60 is not placed. (LGL-003)
Warning: Standard cell instance u_framer/u_payload_ram/b01/U61 is not placed. (LGL-003)
Warning: Standard cell instance u_framer/u_payload_ram/b01/U62 is not placed. (LGL-003)
Warning: Standard cell instance u_framer/u_payload_ram/b01/U63 is not placed. (LGL-003)
Warning: Standard cell instance u_framer/u_payload_ram/b01/U64 is not placed. (LGL-003)
Warning: Standard cell instance u_framer/u_payload_ram/b01/U65 is not placed. (LGL-003)
Warning: Standard cell instance u_framer/u_payload_ram/b01/U66 is not placed. (LGL-003)
Warning: Standard cell instance u_framer/u_payload_ram/b01/U67 is not placed. (LGL-003)
Warning: Standard cell instance u_framer/u_payload_ram/b01/U68 is not placed. (LGL-003)
Warning: Standard cell instance u_framer/u_payload_ram/b01/U69 is not placed. (LGL-003)
Warning: Standard cell instance u_framer/u_payload_ram/b01/U70 is not placed. (LGL-003)
Warning: Standard cell instance u_framer/u_payload_ram/b01/U71 is not placed. (LGL-003)
Warning: Standard cell instance u_framer/u_payload_ram/b01/U72 is not placed. (LGL-003)
Warning: Standard cell instance u_framer/u_payload_ram/b01/U303 is not placed. (LGL-003)
Warning: Standard cell instance u_framer/u_payload_ram/b01/U304 is not placed. (LGL-003)
Warning: Standard cell instance u_framer/u_payload_ram/b01/U305 is not placed. (LGL-003)
Warning: Standard cell instance u_framer/u_payload_ram/b01/U306 is not placed. (LGL-003)
Warning: Standard cell instance u_framer/u_payload_ram/b01/U307 is not placed. (LGL-003)
Warning: Standard cell instance u_framer/u_payload_ram/b01/U308 is not placed. (LGL-003)
Warning: Standard cell instance u_framer/u_payload_ram/b01/U309 is not placed. (LGL-003)
Warning: Standard cell instance u_framer/u_payload_ram/b01/U310 is not placed. (LGL-003)
Warning: Standard cell instance u_framer/u_payload_ram/b02/U85 is not placed. (LGL-003)
Warning: Standard cell instance u_framer/u_payload_ram/b02/U86 is not placed. (LGL-003)
Warning: Standard cell instance u_framer/u_payload_ram/b02/U87 is not placed. (LGL-003)
Warning: Standard cell instance u_framer/u_payload_ram/b02/U88 is not placed. (LGL-003)
Warning: Standard cell instance u_framer/u_payload_ram/b02/U89 is not placed. (LGL-003)
Warning: Standard cell instance u_framer/u_payload_ram/b02/U90 is not placed. (LGL-003)
Warning: Standard cell instance u_framer/u_payload_ram/b02/U91 is not placed. (LGL-003)
Warning: Standard cell instance u_framer/u_payload_ram/b02/U92 is not placed. (LGL-003)
Warning: Standard cell instance u_framer/u_payload_ram/b02/U93 is not placed. (LGL-003)
Warning: Standard cell instance u_framer/u_payload_ram/b02/U94 is not placed. (LGL-003)
Warning: Standard cell instance u_framer/u_payload_ram/b02/U95 is not placed. (LGL-003)
Warning: Standard cell instance u_framer/u_payload_ram/b02/U96 is not placed. (LGL-003)
Warning: Standard cell instance u_framer/u_payload_ram/b02/U97 is not placed. (LGL-003)
Warning: Standard cell instance u_framer/u_payload_ram/b02/U98 is not placed. (LGL-003)
Warning: Standard cell instance u_framer/u_payload_ram/b02/U99 is not placed. (LGL-003)
Warning: Standard cell instance u_framer/u_payload_ram/b02/U100 is not placed. (LGL-003)
Warning: Standard cell instance u_framer/u_payload_ram/b02/U101 is not placed. (LGL-003)
Warning: Standard cell instance u_framer/u_payload_ram/b02/U102 is not placed. (LGL-003)
Warning: Standard cell instance u_framer/u_payload_ram/b02/U103 is not placed. (LGL-003)
Warning: Standard cell instance u_framer/u_payload_ram/b02/U104 is not placed. (LGL-003)
Warning: Standard cell instance u_framer/u_payload_ram/b02/U105 is not placed. (LGL-003)
Warning: Standard cell instance u_framer/u_payload_ram/b02/U106 is not placed. (LGL-003)
Warning: Standard cell instance u_framer/u_payload_ram/b02/U107 is not placed. (LGL-003)
Warning: Standard cell instance u_framer/u_payload_ram/b02/U108 is not placed. (LGL-003)
Warning: Standard cell instance u_framer/u_payload_ram/b02/U109 is not placed. (LGL-003)
Warning: Standard cell instance u_framer/u_payload_ram/b02/U111 is not placed. (LGL-003)
Warning: Standard cell instance u_framer/u_payload_ram/b02/U112 is not placed. (LGL-003)
Warning: Standard cell instance u_framer/u_payload_ram/b02/U113 is not placed. (LGL-003)
Warning: Standard cell instance u_framer/u_payload_ram/b02/U114 is not placed. (LGL-003)
Warning: Standard cell instance u_framer/u_payload_ram/b02/U115 is not placed. (LGL-003)
Warning: Standard cell instance u_framer/u_payload_ram/b02/U116 is not placed. (LGL-003)
Warning: Standard cell instance u_framer/u_payload_ram/b02/U117 is not placed. (LGL-003)
Warning: Standard cell instance u_framer/u_payload_ram/b02/U118 is not placed. (LGL-003)
Warning: Standard cell instance u_framer/u_payload_ram/b02/U119 is not placed. (LGL-003)
Warning: Standard cell instance u_framer/u_payload_ram/b02/U120 is not placed. (LGL-003)
Warning: Standard cell instance u_framer/u_payload_ram/b02/U121 is not placed. (LGL-003)
Warning: Standard cell instance u_framer/u_payload_ram/b02/U122 is not placed. (LGL-003)
Warning: Standard cell instance u_framer/u_payload_ram/b02/U123 is not placed. (LGL-003)
Warning: Standard cell instance u_framer/u_payload_ram/b02/U124 is not placed. (LGL-003)
Warning: Standard cell instance u_framer/u_payload_ram/b02/U125 is not placed. (LGL-003)
Warning: Standard cell instance u_framer/u_payload_ram/b02/U126 is not placed. (LGL-003)
Warning: Standard cell instance u_framer/u_payload_ram/b02/U127 is not placed. (LGL-003)
Warning: Standard cell instance u_framer/u_payload_ram/b02/U129 is not placed. (LGL-003)
Warning: Standard cell instance u_framer/u_payload_ram/b02/U130 is not placed. (LGL-003)
Warning: Standard cell instance u_framer/u_payload_ram/b02/U131 is not placed. (LGL-003)
Warning: Standard cell instance u_framer/u_payload_ram/b02/U132 is not placed. (LGL-003)
Warning: Standard cell instance u_framer/u_payload_ram/b02/U134 is not placed. (LGL-003)
Warning: Standard cell instance u_framer/u_payload_ram/b02/U135 is not placed. (LGL-003)
Warning: Standard cell instance u_framer/u_payload_ram/b02/U136 is not placed. (LGL-003)
Warning: Standard cell instance u_framer/u_payload_ram/b02/U138 is not placed. (LGL-003)
Warning: Standard cell instance u_framer/u_payload_ram/b02/U139 is not placed. (LGL-003)
Warning: Standard cell instance u_framer/u_payload_ram/b02/U140 is not placed. (LGL-003)
Warning: Standard cell instance u_framer/u_payload_ram/b02/U141 is not placed. (LGL-003)
Warning: Standard cell instance u_framer/u_payload_ram/b02/U143 is not placed. (LGL-003)
Warning: Standard cell instance u_framer/u_payload_ram/b02/U144 is not placed. (LGL-003)
Warning: Standard cell instance u_framer/u_payload_ram/b02/U145 is not placed. (LGL-003)
Warning: Standard cell instance u_framer/u_payload_ram/b02/U147 is not placed. (LGL-003)
Warning: Standard cell instance u_framer/u_payload_ram/b02/U148 is not placed. (LGL-003)
Warning: Standard cell instance u_framer/u_payload_ram/b02/U149 is not placed. (LGL-003)
Warning: Standard cell instance u_framer/u_payload_ram/b02/U150 is not placed. (LGL-003)
Warning: Standard cell instance u_framer/u_payload_ram/b02/U152 is not placed. (LGL-003)
Warning: Standard cell instance u_framer/u_payload_ram/b02/U153 is not placed. (LGL-003)
Warning: Standard cell instance u_framer/u_payload_ram/b02/U154 is not placed. (LGL-003)
Warning: Standard cell instance u_framer/u_payload_ram/b02/U156 is not placed. (LGL-003)
Warning: Standard cell instance u_framer/u_payload_ram/b02/U157 is not placed. (LGL-003)
Warning: Standard cell instance u_framer/u_payload_ram/b02/U158 is not placed. (LGL-003)
Warning: Standard cell instance u_framer/u_payload_ram/b02/U159 is not placed. (LGL-003)
Warning: Standard cell instance u_framer/u_payload_ram/b02/U162 is not placed. (LGL-003)
Warning: Standard cell instance u_framer/u_payload_ram/b02/U163 is not placed. (LGL-003)
Warning: Standard cell instance u_framer/u_payload_ram/b02/U164 is not placed. (LGL-003)
Warning: Standard cell instance u_framer/u_payload_ram/b02/U166 is not placed. (LGL-003)
Warning: Standard cell instance u_framer/u_payload_ram/b02/U167 is not placed. (LGL-003)
Warning: Standard cell instance u_framer/u_payload_ram/b02/U168 is not placed. (LGL-003)
Warning: Standard cell instance u_framer/u_payload_ram/b02/U169 is not placed. (LGL-003)
Warning: Standard cell instance u_framer/u_payload_ram/b02/U171 is not placed. (LGL-003)
Warning: Standard cell instance u_framer/u_payload_ram/b02/U172 is not placed. (LGL-003)
Warning: Standard cell instance u_framer/u_payload_ram/b02/U173 is not placed. (LGL-003)
Warning: Standard cell instance u_framer/u_payload_ram/b02/U175 is not placed. (LGL-003)
Warning: Standard cell instance u_framer/u_payload_ram/b02/U176 is not placed. (LGL-003)
Warning: Standard cell instance u_framer/u_payload_ram/b02/U177 is not placed. (LGL-003)
Warning: Standard cell instance u_framer/u_payload_ram/b02/U178 is not placed. (LGL-003)
Warning: Standard cell instance u_framer/u_payload_ram/b02/U180 is not placed. (LGL-003)
Warning: Standard cell instance u_framer/u_payload_ram/b02/U181 is not placed. (LGL-003)
Warning: Standard cell instance u_framer/u_payload_ram/b02/U182 is not placed. (LGL-003)
Warning: Standard cell instance u_framer/u_payload_ram/b02/U184 is not placed. (LGL-003)
Warning: Standard cell instance u_framer/u_payload_ram/b02/U185 is not placed. (LGL-003)
Warning: Standard cell instance u_framer/u_payload_ram/b02/U186 is not placed. (LGL-003)
Warning: Standard cell instance u_framer/u_payload_ram/b02/U187 is not placed. (LGL-003)
Warning: Standard cell instance u_framer/u_payload_ram/b02/U189 is not placed. (LGL-003)
Warning: Standard cell instance u_framer/u_payload_ram/b02/U190 is not placed. (LGL-003)
Warning: Standard cell instance u_framer/u_payload_ram/b02/U191 is not placed. (LGL-003)
Warning: Standard cell instance u_framer/u_payload_ram/b02/U193 is not placed. (LGL-003)
Warning: Standard cell instance u_framer/u_payload_ram/b02/U194 is not placed. (LGL-003)
Warning: Standard cell instance u_framer/u_payload_ram/b02/U195 is not placed. (LGL-003)
Warning: Standard cell instance u_framer/u_payload_ram/b02/U196 is not placed. (LGL-003)
Warning: Standard cell instance u_framer/u_payload_ram/b02/mem_reg_0__7_ is not placed. (LGL-003)
Warning: Standard cell instance u_framer/u_payload_ram/b02/mem_reg_0__6_ is not placed. (LGL-003)
Warning: Standard cell instance u_framer/u_payload_ram/b02/mem_reg_0__5_ is not placed. (LGL-003)
Warning: Standard cell instance u_framer/u_payload_ram/b02/mem_reg_0__4_ is not placed. (LGL-003)
Warning: Standard cell instance u_framer/u_payload_ram/b02/mem_reg_0__3_ is not placed. (LGL-003)
Warning: Standard cell instance u_framer/u_payload_ram/b02/mem_reg_0__2_ is not placed. (LGL-003)
Warning: Standard cell instance u_framer/u_payload_ram/b02/mem_reg_0__1_ is not placed. (LGL-003)
Warning: Standard cell instance u_framer/u_payload_ram/b02/mem_reg_0__0_ is not placed. (LGL-003)
Warning: Standard cell instance u_framer/u_payload_ram/b02/mem_reg_1__7_ is not placed. (LGL-003)
Warning: Standard cell instance u_framer/u_payload_ram/b02/mem_reg_1__6_ is not placed. (LGL-003)
Warning: Standard cell instance u_framer/u_payload_ram/b02/mem_reg_1__5_ is not placed. (LGL-003)
Warning: Standard cell instance u_framer/u_payload_ram/b02/mem_reg_1__4_ is not placed. (LGL-003)
Warning: Standard cell instance u_framer/u_payload_ram/b02/mem_reg_1__3_ is not placed. (LGL-003)
Warning: Standard cell instance u_framer/u_payload_ram/b02/mem_reg_1__2_ is not placed. (LGL-003)
Warning: Standard cell instance u_framer/u_payload_ram/b02/mem_reg_1__1_ is not placed. (LGL-003)
Warning: Standard cell instance u_framer/u_payload_ram/b02/mem_reg_1__0_ is not placed. (LGL-003)
Warning: Standard cell instance u_framer/u_payload_ram/b02/mem_reg_2__7_ is not placed. (LGL-003)
Warning: Standard cell instance u_framer/u_payload_ram/b02/mem_reg_2__6_ is not placed. (LGL-003)
Warning: Standard cell instance u_framer/u_payload_ram/b02/mem_reg_2__5_ is not placed. (LGL-003)
Warning: Standard cell instance u_framer/u_payload_ram/b02/mem_reg_2__4_ is not placed. (LGL-003)
Warning: Standard cell instance u_framer/u_payload_ram/b02/mem_reg_2__3_ is not placed. (LGL-003)
Warning: Standard cell instance u_framer/u_payload_ram/b02/mem_reg_2__2_ is not placed. (LGL-003)
Warning: Standard cell instance u_framer/u_payload_ram/b02/mem_reg_2__1_ is not placed. (LGL-003)
Warning: Standard cell instance u_framer/u_payload_ram/b02/mem_reg_2__0_ is not placed. (LGL-003)
Warning: Standard cell instance u_framer/u_payload_ram/b02/mem_reg_3__7_ is not placed. (LGL-003)
Warning: Standard cell instance u_framer/u_payload_ram/b02/mem_reg_3__6_ is not placed. (LGL-003)
Warning: Standard cell instance u_framer/u_payload_ram/b02/mem_reg_3__5_ is not placed. (LGL-003)
Warning: Standard cell instance u_framer/u_payload_ram/b02/mem_reg_3__4_ is not placed. (LGL-003)
Warning: Standard cell instance u_framer/u_payload_ram/b02/mem_reg_3__3_ is not placed. (LGL-003)
Warning: Standard cell instance u_framer/u_payload_ram/b02/mem_reg_3__2_ is not placed. (LGL-003)
Warning: Standard cell instance u_framer/u_payload_ram/b02/mem_reg_3__1_ is not placed. (LGL-003)
Warning: Standard cell instance u_framer/u_payload_ram/b02/mem_reg_3__0_ is not placed. (LGL-003)
Warning: Standard cell instance u_framer/u_payload_ram/b02/mem_reg_4__7_ is not placed. (LGL-003)
Warning: Standard cell instance u_framer/u_payload_ram/b02/mem_reg_4__6_ is not placed. (LGL-003)
Warning: Standard cell instance u_framer/u_payload_ram/b02/mem_reg_4__5_ is not placed. (LGL-003)
Warning: Standard cell instance u_framer/u_payload_ram/b02/mem_reg_4__4_ is not placed. (LGL-003)
Warning: Standard cell instance u_framer/u_payload_ram/b02/mem_reg_4__3_ is not placed. (LGL-003)
Warning: Standard cell instance u_framer/u_payload_ram/b02/mem_reg_4__2_ is not placed. (LGL-003)
Warning: Standard cell instance u_framer/u_payload_ram/b02/mem_reg_4__1_ is not placed. (LGL-003)
Warning: Standard cell instance u_framer/u_payload_ram/b02/mem_reg_4__0_ is not placed. (LGL-003)
Warning: Standard cell instance u_framer/u_payload_ram/b02/mem_reg_5__7_ is not placed. (LGL-003)
Warning: Standard cell instance u_framer/u_payload_ram/b02/mem_reg_5__6_ is not placed. (LGL-003)
Warning: Standard cell instance u_framer/u_payload_ram/b02/mem_reg_5__5_ is not placed. (LGL-003)
Warning: Standard cell instance u_framer/u_payload_ram/b02/mem_reg_5__4_ is not placed. (LGL-003)
Warning: Standard cell instance u_framer/u_payload_ram/b02/mem_reg_5__3_ is not placed. (LGL-003)
Warning: Standard cell instance u_framer/u_payload_ram/b02/mem_reg_5__2_ is not placed. (LGL-003)
Warning: Standard cell instance u_framer/u_payload_ram/b02/mem_reg_5__1_ is not placed. (LGL-003)
Warning: Standard cell instance u_framer/u_payload_ram/b02/mem_reg_5__0_ is not placed. (LGL-003)
Warning: Standard cell instance u_framer/u_payload_ram/b02/mem_reg_6__7_ is not placed. (LGL-003)
Warning: Standard cell instance u_framer/u_payload_ram/b02/mem_reg_6__6_ is not placed. (LGL-003)
Warning: Standard cell instance u_framer/u_payload_ram/b02/mem_reg_6__5_ is not placed. (LGL-003)
Warning: Standard cell instance u_framer/u_payload_ram/b02/mem_reg_6__4_ is not placed. (LGL-003)
Warning: Standard cell instance u_framer/u_payload_ram/b02/mem_reg_6__3_ is not placed. (LGL-003)
Warning: Standard cell instance u_framer/u_payload_ram/b02/mem_reg_6__2_ is not placed. (LGL-003)
Warning: Standard cell instance u_framer/u_payload_ram/b02/mem_reg_6__1_ is not placed. (LGL-003)
Warning: Standard cell instance u_framer/u_payload_ram/b02/mem_reg_6__0_ is not placed. (LGL-003)
Warning: Standard cell instance u_framer/u_payload_ram/b02/mem_reg_7__7_ is not placed. (LGL-003)
Warning: Standard cell instance u_framer/u_payload_ram/b02/mem_reg_7__6_ is not placed. (LGL-003)
Warning: Standard cell instance u_framer/u_payload_ram/b02/mem_reg_7__5_ is not placed. (LGL-003)
Warning: Standard cell instance u_framer/u_payload_ram/b02/mem_reg_7__4_ is not placed. (LGL-003)
Warning: Standard cell instance u_framer/u_payload_ram/b02/mem_reg_7__3_ is not placed. (LGL-003)
Warning: Standard cell instance u_framer/u_payload_ram/b02/mem_reg_7__2_ is not placed. (LGL-003)
Warning: Standard cell instance u_framer/u_payload_ram/b02/mem_reg_7__1_ is not placed. (LGL-003)
Warning: Standard cell instance u_framer/u_payload_ram/b02/mem_reg_7__0_ is not placed. (LGL-003)
Warning: Standard cell instance u_framer/u_payload_ram/b02/U2 is not placed. (LGL-003)
Warning: Standard cell instance u_framer/u_payload_ram/b02/U3 is not placed. (LGL-003)
Warning: Standard cell instance u_framer/u_payload_ram/b02/U4 is not placed. (LGL-003)
Warning: Standard cell instance u_framer/u_payload_ram/b02/U5 is not placed. (LGL-003)
Warning: Standard cell instance u_framer/u_payload_ram/b02/U6 is not placed. (LGL-003)
Warning: Standard cell instance u_framer/u_payload_ram/b02/U7 is not placed. (LGL-003)
Warning: Standard cell instance u_framer/u_payload_ram/b02/U8 is not placed. (LGL-003)
Warning: Standard cell instance u_framer/u_payload_ram/b02/U9 is not placed. (LGL-003)
Warning: Standard cell instance u_framer/u_payload_ram/b02/U10 is not placed. (LGL-003)
Warning: Standard cell instance u_framer/u_payload_ram/b02/U11 is not placed. (LGL-003)
Warning: Standard cell instance u_framer/u_payload_ram/b02/U12 is not placed. (LGL-003)
Warning: Standard cell instance u_framer/u_payload_ram/b02/U13 is not placed. (LGL-003)
Warning: Standard cell instance u_framer/u_payload_ram/b02/U14 is not placed. (LGL-003)
Warning: Standard cell instance u_framer/u_payload_ram/b02/U15 is not placed. (LGL-003)
Warning: Standard cell instance u_framer/u_payload_ram/b02/U16 is not placed. (LGL-003)
Warning: Standard cell instance u_framer/u_payload_ram/b02/U17 is not placed. (LGL-003)
Warning: Standard cell instance u_framer/u_payload_ram/b02/U18 is not placed. (LGL-003)
Warning: Standard cell instance u_framer/u_payload_ram/b02/U19 is not placed. (LGL-003)
Warning: Standard cell instance u_framer/u_payload_ram/b02/U20 is not placed. (LGL-003)
Warning: Standard cell instance u_framer/u_payload_ram/b02/U21 is not placed. (LGL-003)
Warning: Standard cell instance u_framer/u_payload_ram/b02/U22 is not placed. (LGL-003)
Warning: Standard cell instance u_framer/u_payload_ram/b02/U23 is not placed. (LGL-003)
Warning: Standard cell instance u_framer/u_payload_ram/b02/U24 is not placed. (LGL-003)
Warning: Standard cell instance u_framer/u_payload_ram/b02/U25 is not placed. (LGL-003)
Warning: Standard cell instance u_framer/u_payload_ram/b02/U26 is not placed. (LGL-003)
Warning: Standard cell instance u_framer/u_payload_ram/b02/U27 is not placed. (LGL-003)
Warning: Standard cell instance u_framer/u_payload_ram/b02/U28 is not placed. (LGL-003)
Warning: Standard cell instance u_framer/u_payload_ram/b02/U29 is not placed. (LGL-003)
Warning: Standard cell instance u_framer/u_payload_ram/b02/U30 is not placed. (LGL-003)
Warning: Standard cell instance u_framer/u_payload_ram/b02/U31 is not placed. (LGL-003)
Warning: Standard cell instance u_framer/u_payload_ram/b02/U32 is not placed. (LGL-003)
Warning: Standard cell instance u_framer/u_payload_ram/b02/U33 is not placed. (LGL-003)
Warning: Standard cell instance u_framer/u_payload_ram/b02/U34 is not placed. (LGL-003)
Warning: Standard cell instance u_framer/u_payload_ram/b02/U35 is not placed. (LGL-003)
Warning: Standard cell instance u_framer/u_payload_ram/b02/U36 is not placed. (LGL-003)
Warning: Standard cell instance u_framer/u_payload_ram/b02/U37 is not placed. (LGL-003)
Warning: Standard cell instance u_framer/u_payload_ram/b02/U38 is not placed. (LGL-003)
Warning: Standard cell instance u_framer/u_payload_ram/b02/U39 is not placed. (LGL-003)
Warning: Standard cell instance u_framer/u_payload_ram/b02/U40 is not placed. (LGL-003)
Warning: Standard cell instance u_framer/u_payload_ram/b02/U41 is not placed. (LGL-003)
Warning: Standard cell instance u_framer/u_payload_ram/b02/U42 is not placed. (LGL-003)
Warning: Standard cell instance u_framer/u_payload_ram/b02/U43 is not placed. (LGL-003)
Warning: Standard cell instance u_framer/u_payload_ram/b02/U44 is not placed. (LGL-003)
Warning: Standard cell instance u_framer/u_payload_ram/b02/U45 is not placed. (LGL-003)
Warning: Standard cell instance u_framer/u_payload_ram/b02/U46 is not placed. (LGL-003)
Warning: Standard cell instance u_framer/u_payload_ram/b02/U47 is not placed. (LGL-003)
Warning: Standard cell instance u_framer/u_payload_ram/b02/U48 is not placed. (LGL-003)
Warning: Standard cell instance u_framer/u_payload_ram/b02/U49 is not placed. (LGL-003)
Warning: Standard cell instance u_framer/u_payload_ram/b02/U50 is not placed. (LGL-003)
Warning: Standard cell instance u_framer/u_payload_ram/b02/U51 is not placed. (LGL-003)
Warning: Standard cell instance u_framer/u_payload_ram/b02/U52 is not placed. (LGL-003)
Warning: Standard cell instance u_framer/u_payload_ram/b02/U53 is not placed. (LGL-003)
Warning: Standard cell instance u_framer/u_payload_ram/b02/U54 is not placed. (LGL-003)
Warning: Standard cell instance u_framer/u_payload_ram/b02/U55 is not placed. (LGL-003)
Warning: Standard cell instance u_framer/u_payload_ram/b02/U56 is not placed. (LGL-003)
Warning: Standard cell instance u_framer/u_payload_ram/b02/U57 is not placed. (LGL-003)
Warning: Standard cell instance u_framer/u_payload_ram/b02/U58 is not placed. (LGL-003)
Warning: Standard cell instance u_framer/u_payload_ram/b02/U59 is not placed. (LGL-003)
Warning: Standard cell instance u_framer/u_payload_ram/b02/U60 is not placed. (LGL-003)
Warning: Standard cell instance u_framer/u_payload_ram/b02/U61 is not placed. (LGL-003)
Warning: Standard cell instance u_framer/u_payload_ram/b02/U62 is not placed. (LGL-003)
Warning: Standard cell instance u_framer/u_payload_ram/b02/U63 is not placed. (LGL-003)
Warning: Standard cell instance u_framer/u_payload_ram/b02/U64 is not placed. (LGL-003)
Warning: Standard cell instance u_framer/u_payload_ram/b02/U65 is not placed. (LGL-003)
Warning: Standard cell instance u_framer/u_payload_ram/b02/U66 is not placed. (LGL-003)
Warning: Standard cell instance u_framer/u_payload_ram/b02/U67 is not placed. (LGL-003)
Warning: Standard cell instance u_framer/u_payload_ram/b02/U68 is not placed. (LGL-003)
Warning: Standard cell instance u_framer/u_payload_ram/b02/U69 is not placed. (LGL-003)
Warning: Standard cell instance u_framer/u_payload_ram/b02/U70 is not placed. (LGL-003)
Warning: Standard cell instance u_framer/u_payload_ram/b02/U71 is not placed. (LGL-003)
Warning: Standard cell instance u_framer/u_payload_ram/b02/U72 is not placed. (LGL-003)
Warning: Standard cell instance u_framer/u_payload_ram/b02/U73 is not placed. (LGL-003)
Warning: Standard cell instance u_framer/u_payload_ram/b02/U74 is not placed. (LGL-003)
Warning: Standard cell instance u_framer/u_payload_ram/b02/U75 is not placed. (LGL-003)
Warning: Standard cell instance u_framer/u_payload_ram/b02/U76 is not placed. (LGL-003)
Warning: Standard cell instance u_framer/u_payload_ram/b02/U77 is not placed. (LGL-003)
Warning: Standard cell instance u_framer/u_payload_ram/b02/U78 is not placed. (LGL-003)
Warning: Standard cell instance u_framer/u_payload_ram/b02/U302 is not placed. (LGL-003)
Warning: Standard cell instance u_framer/u_payload_ram/b02/U303 is not placed. (LGL-003)
Warning: Standard cell instance u_framer/u_payload_ram/b02/U304 is not placed. (LGL-003)
Warning: Standard cell instance u_framer/u_payload_ram/b02/U305 is not placed. (LGL-003)
Warning: Standard cell instance u_framer/u_payload_ram/b02/U306 is not placed. (LGL-003)
Warning: Standard cell instance u_framer/u_payload_ram/b02/U307 is not placed. (LGL-003)
Warning: Standard cell instance u_framer/u_payload_ram/b02/U308 is not placed. (LGL-003)
Warning: Standard cell instance u_framer/u_payload_ram/b02/U309 is not placed. (LGL-003)
Warning: Standard cell instance u_framer/u_payload_ram/b02/U310 is not placed. (LGL-003)
Warning: Standard cell instance u_framer/u_payload_ram/b02/U311 is not placed. (LGL-003)
Warning: Standard cell instance u_framer/u_payload_ram/b02/U312 is not placed. (LGL-003)
Warning: Standard cell instance u_framer/u_payload_ram/b02/U313 is not placed. (LGL-003)
Warning: Standard cell instance u_framer/u_payload_ram/b02/U314 is not placed. (LGL-003)
Warning: Standard cell instance u_framer/u_payload_ram/b03/U85 is not placed. (LGL-003)
Warning: Standard cell instance u_framer/u_payload_ram/b03/U86 is not placed. (LGL-003)
Warning: Standard cell instance u_framer/u_payload_ram/b03/U87 is not placed. (LGL-003)
Warning: Standard cell instance u_framer/u_payload_ram/b03/U88 is not placed. (LGL-003)
Warning: Standard cell instance u_framer/u_payload_ram/b03/U89 is not placed. (LGL-003)
Warning: Standard cell instance u_framer/u_payload_ram/b03/U90 is not placed. (LGL-003)
Warning: Standard cell instance u_framer/u_payload_ram/b03/U91 is not placed. (LGL-003)
Warning: Standard cell instance u_framer/u_payload_ram/b03/U92 is not placed. (LGL-003)
Warning: Standard cell instance u_framer/u_payload_ram/b03/U93 is not placed. (LGL-003)
Warning: Standard cell instance u_framer/u_payload_ram/b03/U94 is not placed. (LGL-003)
Warning: Standard cell instance u_framer/u_payload_ram/b03/U95 is not placed. (LGL-003)
Warning: Standard cell instance u_framer/u_payload_ram/b03/U96 is not placed. (LGL-003)
Warning: Standard cell instance u_framer/u_payload_ram/b03/U97 is not placed. (LGL-003)
Warning: Standard cell instance u_framer/u_payload_ram/b03/U98 is not placed. (LGL-003)
Warning: Standard cell instance u_framer/u_payload_ram/b03/U99 is not placed. (LGL-003)
Warning: Standard cell instance u_framer/u_payload_ram/b03/U100 is not placed. (LGL-003)
Warning: Standard cell instance u_framer/u_payload_ram/b03/U101 is not placed. (LGL-003)
Warning: Standard cell instance u_framer/u_payload_ram/b03/U102 is not placed. (LGL-003)
Warning: Standard cell instance u_framer/u_payload_ram/b03/U103 is not placed. (LGL-003)
Warning: Standard cell instance u_framer/u_payload_ram/b03/U104 is not placed. (LGL-003)
Warning: Standard cell instance u_framer/u_payload_ram/b03/U105 is not placed. (LGL-003)
Warning: Standard cell instance u_framer/u_payload_ram/b03/U106 is not placed. (LGL-003)
Warning: Standard cell instance u_framer/u_payload_ram/b03/U107 is not placed. (LGL-003)
Warning: Standard cell instance u_framer/u_payload_ram/b03/U108 is not placed. (LGL-003)
Warning: Standard cell instance u_framer/u_payload_ram/b03/U109 is not placed. (LGL-003)
Warning: Standard cell instance u_framer/u_payload_ram/b03/U110 is not placed. (LGL-003)
Warning: Standard cell instance u_framer/u_payload_ram/b03/U111 is not placed. (LGL-003)
Warning: Standard cell instance u_framer/u_payload_ram/b03/U112 is not placed. (LGL-003)
Warning: Standard cell instance u_framer/u_payload_ram/b03/U113 is not placed. (LGL-003)
Warning: Standard cell instance u_framer/u_payload_ram/b03/U114 is not placed. (LGL-003)
Warning: Standard cell instance u_framer/u_payload_ram/b03/U115 is not placed. (LGL-003)
Warning: Standard cell instance u_framer/u_payload_ram/b03/U116 is not placed. (LGL-003)
Warning: Standard cell instance u_framer/u_payload_ram/b03/U117 is not placed. (LGL-003)
Warning: Standard cell instance u_framer/u_payload_ram/b03/U118 is not placed. (LGL-003)
Warning: Standard cell instance u_framer/u_payload_ram/b03/U119 is not placed. (LGL-003)
Warning: Standard cell instance u_framer/u_payload_ram/b03/U120 is not placed. (LGL-003)
Warning: Standard cell instance u_framer/u_payload_ram/b03/U121 is not placed. (LGL-003)
Warning: Standard cell instance u_framer/u_payload_ram/b03/U122 is not placed. (LGL-003)
Warning: Standard cell instance u_framer/u_payload_ram/b03/U123 is not placed. (LGL-003)
Warning: Standard cell instance u_framer/u_payload_ram/b03/U124 is not placed. (LGL-003)
Warning: Standard cell instance u_framer/u_payload_ram/b03/U125 is not placed. (LGL-003)
Warning: Standard cell instance u_framer/u_payload_ram/b03/U126 is not placed. (LGL-003)
Warning: Standard cell instance u_framer/u_payload_ram/b03/U127 is not placed. (LGL-003)
Warning: Standard cell instance u_framer/u_payload_ram/b03/U128 is not placed. (LGL-003)
Warning: Standard cell instance u_framer/u_payload_ram/b03/U129 is not placed. (LGL-003)
Warning: Standard cell instance u_framer/u_payload_ram/b03/U130 is not placed. (LGL-003)
Warning: Standard cell instance u_framer/u_payload_ram/b03/U131 is not placed. (LGL-003)
Warning: Standard cell instance u_framer/u_payload_ram/b03/U132 is not placed. (LGL-003)
Warning: Standard cell instance u_framer/u_payload_ram/b03/U134 is not placed. (LGL-003)
Warning: Standard cell instance u_framer/u_payload_ram/b03/U135 is not placed. (LGL-003)
Warning: Standard cell instance u_framer/u_payload_ram/b03/U136 is not placed. (LGL-003)
Warning: Standard cell instance u_framer/u_payload_ram/b03/U137 is not placed. (LGL-003)
Warning: Standard cell instance u_framer/u_payload_ram/b03/U138 is not placed. (LGL-003)
Warning: Standard cell instance u_framer/u_payload_ram/b03/U139 is not placed. (LGL-003)
Warning: Standard cell instance u_framer/u_payload_ram/b03/U140 is not placed. (LGL-003)
Warning: Standard cell instance u_framer/u_payload_ram/b03/U141 is not placed. (LGL-003)
Warning: Standard cell instance u_framer/u_payload_ram/b03/U143 is not placed. (LGL-003)
Warning: Standard cell instance u_framer/u_payload_ram/b03/U144 is not placed. (LGL-003)
Warning: Standard cell instance u_framer/u_payload_ram/b03/U145 is not placed. (LGL-003)
Warning: Standard cell instance u_framer/u_payload_ram/b03/U146 is not placed. (LGL-003)
Warning: Standard cell instance u_framer/u_payload_ram/b03/U147 is not placed. (LGL-003)
Warning: Standard cell instance u_framer/u_payload_ram/b03/U148 is not placed. (LGL-003)
Warning: Standard cell instance u_framer/u_payload_ram/b03/U149 is not placed. (LGL-003)
Warning: Standard cell instance u_framer/u_payload_ram/b03/U150 is not placed. (LGL-003)
Warning: Standard cell instance u_framer/u_payload_ram/b03/U152 is not placed. (LGL-003)
Warning: Standard cell instance u_framer/u_payload_ram/b03/U153 is not placed. (LGL-003)
Warning: Standard cell instance u_framer/u_payload_ram/b03/U154 is not placed. (LGL-003)
Warning: Standard cell instance u_framer/u_payload_ram/b03/U155 is not placed. (LGL-003)
Warning: Standard cell instance u_framer/u_payload_ram/b03/U156 is not placed. (LGL-003)
Warning: Standard cell instance u_framer/u_payload_ram/b03/U157 is not placed. (LGL-003)
Warning: Standard cell instance u_framer/u_payload_ram/b03/U158 is not placed. (LGL-003)
Warning: Standard cell instance u_framer/u_payload_ram/b03/U159 is not placed. (LGL-003)
Warning: Standard cell instance u_framer/u_payload_ram/b03/U161 is not placed. (LGL-003)
Warning: Standard cell instance u_framer/u_payload_ram/b03/U162 is not placed. (LGL-003)
Warning: Standard cell instance u_framer/u_payload_ram/b03/U163 is not placed. (LGL-003)
Warning: Standard cell instance u_framer/u_payload_ram/b03/U164 is not placed. (LGL-003)
Warning: Standard cell instance u_framer/u_payload_ram/b03/U165 is not placed. (LGL-003)
Warning: Standard cell instance u_framer/u_payload_ram/b03/U166 is not placed. (LGL-003)
Warning: Standard cell instance u_framer/u_payload_ram/b03/U167 is not placed. (LGL-003)
Warning: Standard cell instance u_framer/u_payload_ram/b03/U168 is not placed. (LGL-003)
Warning: Standard cell instance u_framer/u_payload_ram/b03/U169 is not placed. (LGL-003)
Warning: Standard cell instance u_framer/u_payload_ram/b03/U171 is not placed. (LGL-003)
Warning: Standard cell instance u_framer/u_payload_ram/b03/U172 is not placed. (LGL-003)
Warning: Standard cell instance u_framer/u_payload_ram/b03/U173 is not placed. (LGL-003)
Warning: Standard cell instance u_framer/u_payload_ram/b03/U174 is not placed. (LGL-003)
Warning: Standard cell instance u_framer/u_payload_ram/b03/U175 is not placed. (LGL-003)
Warning: Standard cell instance u_framer/u_payload_ram/b03/U176 is not placed. (LGL-003)
Warning: Standard cell instance u_framer/u_payload_ram/b03/U177 is not placed. (LGL-003)
Warning: Standard cell instance u_framer/u_payload_ram/b03/U178 is not placed. (LGL-003)
Warning: Standard cell instance u_framer/u_payload_ram/b03/U180 is not placed. (LGL-003)
Warning: Standard cell instance u_framer/u_payload_ram/b03/U181 is not placed. (LGL-003)
Warning: Standard cell instance u_framer/u_payload_ram/b03/U182 is not placed. (LGL-003)
Warning: Standard cell instance u_framer/u_payload_ram/b03/U183 is not placed. (LGL-003)
Warning: Standard cell instance u_framer/u_payload_ram/b03/U184 is not placed. (LGL-003)
Warning: Standard cell instance u_framer/u_payload_ram/b03/U185 is not placed. (LGL-003)
Warning: Standard cell instance u_framer/u_payload_ram/b03/U186 is not placed. (LGL-003)
Warning: Standard cell instance u_framer/u_payload_ram/b03/U187 is not placed. (LGL-003)
Warning: Standard cell instance u_framer/u_payload_ram/b03/U189 is not placed. (LGL-003)
Warning: Standard cell instance u_framer/u_payload_ram/b03/U190 is not placed. (LGL-003)
Warning: Standard cell instance u_framer/u_payload_ram/b03/U191 is not placed. (LGL-003)
Warning: Standard cell instance u_framer/u_payload_ram/b03/U192 is not placed. (LGL-003)
Warning: Standard cell instance u_framer/u_payload_ram/b03/U193 is not placed. (LGL-003)
Warning: Standard cell instance u_framer/u_payload_ram/b03/U194 is not placed. (LGL-003)
Warning: Standard cell instance u_framer/u_payload_ram/b03/U195 is not placed. (LGL-003)
Warning: Standard cell instance u_framer/u_payload_ram/b03/U196 is not placed. (LGL-003)
Warning: Standard cell instance u_framer/u_payload_ram/b03/mem_reg_0__7_ is not placed. (LGL-003)
Warning: Standard cell instance u_framer/u_payload_ram/b03/mem_reg_0__6_ is not placed. (LGL-003)
Warning: Standard cell instance u_framer/u_payload_ram/b03/mem_reg_0__5_ is not placed. (LGL-003)
Warning: Standard cell instance u_framer/u_payload_ram/b03/mem_reg_0__4_ is not placed. (LGL-003)
Warning: Standard cell instance u_framer/u_payload_ram/b03/mem_reg_0__3_ is not placed. (LGL-003)
Warning: Standard cell instance u_framer/u_payload_ram/b03/mem_reg_0__2_ is not placed. (LGL-003)
Warning: Standard cell instance u_framer/u_payload_ram/b03/mem_reg_0__1_ is not placed. (LGL-003)
Warning: Standard cell instance u_framer/u_payload_ram/b03/mem_reg_0__0_ is not placed. (LGL-003)
Warning: Standard cell instance u_framer/u_payload_ram/b03/mem_reg_1__7_ is not placed. (LGL-003)
Warning: Standard cell instance u_framer/u_payload_ram/b03/mem_reg_1__6_ is not placed. (LGL-003)
Warning: Standard cell instance u_framer/u_payload_ram/b03/mem_reg_1__5_ is not placed. (LGL-003)
Warning: Standard cell instance u_framer/u_payload_ram/b03/mem_reg_1__4_ is not placed. (LGL-003)
Warning: Standard cell instance u_framer/u_payload_ram/b03/mem_reg_1__3_ is not placed. (LGL-003)
Warning: Standard cell instance u_framer/u_payload_ram/b03/mem_reg_1__2_ is not placed. (LGL-003)
Warning: Standard cell instance u_framer/u_payload_ram/b03/mem_reg_1__1_ is not placed. (LGL-003)
Warning: Standard cell instance u_framer/u_payload_ram/b03/mem_reg_1__0_ is not placed. (LGL-003)
Warning: Standard cell instance u_framer/u_payload_ram/b03/mem_reg_2__7_ is not placed. (LGL-003)
Warning: Standard cell instance u_framer/u_payload_ram/b03/mem_reg_2__6_ is not placed. (LGL-003)
Warning: Standard cell instance u_framer/u_payload_ram/b03/mem_reg_2__5_ is not placed. (LGL-003)
Warning: Standard cell instance u_framer/u_payload_ram/b03/mem_reg_2__4_ is not placed. (LGL-003)
Warning: Standard cell instance u_framer/u_payload_ram/b03/mem_reg_2__3_ is not placed. (LGL-003)
Warning: Standard cell instance u_framer/u_payload_ram/b03/mem_reg_2__2_ is not placed. (LGL-003)
Warning: Standard cell instance u_framer/u_payload_ram/b03/mem_reg_2__1_ is not placed. (LGL-003)
Warning: Standard cell instance u_framer/u_payload_ram/b03/mem_reg_2__0_ is not placed. (LGL-003)
Warning: Standard cell instance u_framer/u_payload_ram/b03/mem_reg_3__7_ is not placed. (LGL-003)
Warning: Standard cell instance u_framer/u_payload_ram/b03/mem_reg_3__6_ is not placed. (LGL-003)
Warning: Standard cell instance u_framer/u_payload_ram/b03/mem_reg_3__5_ is not placed. (LGL-003)
Warning: Standard cell instance u_framer/u_payload_ram/b03/mem_reg_3__4_ is not placed. (LGL-003)
Warning: Standard cell instance u_framer/u_payload_ram/b03/mem_reg_3__3_ is not placed. (LGL-003)
Warning: Standard cell instance u_framer/u_payload_ram/b03/mem_reg_3__2_ is not placed. (LGL-003)
Warning: Standard cell instance u_framer/u_payload_ram/b03/mem_reg_3__1_ is not placed. (LGL-003)
Warning: Standard cell instance u_framer/u_payload_ram/b03/mem_reg_3__0_ is not placed. (LGL-003)
Warning: Standard cell instance u_framer/u_payload_ram/b03/mem_reg_4__7_ is not placed. (LGL-003)
Warning: Standard cell instance u_framer/u_payload_ram/b03/mem_reg_4__6_ is not placed. (LGL-003)
Warning: Standard cell instance u_framer/u_payload_ram/b03/mem_reg_4__5_ is not placed. (LGL-003)
Warning: Standard cell instance u_framer/u_payload_ram/b03/mem_reg_4__4_ is not placed. (LGL-003)
Warning: Standard cell instance u_framer/u_payload_ram/b03/mem_reg_4__3_ is not placed. (LGL-003)
Warning: Standard cell instance u_framer/u_payload_ram/b03/mem_reg_4__2_ is not placed. (LGL-003)
Warning: Standard cell instance u_framer/u_payload_ram/b03/mem_reg_4__1_ is not placed. (LGL-003)
Warning: Standard cell instance u_framer/u_payload_ram/b03/mem_reg_4__0_ is not placed. (LGL-003)
Warning: Standard cell instance u_framer/u_payload_ram/b03/mem_reg_5__7_ is not placed. (LGL-003)
Warning: Standard cell instance u_framer/u_payload_ram/b03/mem_reg_5__6_ is not placed. (LGL-003)
Warning: Standard cell instance u_framer/u_payload_ram/b03/mem_reg_5__5_ is not placed. (LGL-003)
Warning: Standard cell instance u_framer/u_payload_ram/b03/mem_reg_5__4_ is not placed. (LGL-003)
Warning: Standard cell instance u_framer/u_payload_ram/b03/mem_reg_5__3_ is not placed. (LGL-003)
Warning: Standard cell instance u_framer/u_payload_ram/b03/mem_reg_5__2_ is not placed. (LGL-003)
Warning: Standard cell instance u_framer/u_payload_ram/b03/mem_reg_5__1_ is not placed. (LGL-003)
Warning: Standard cell instance u_framer/u_payload_ram/b03/mem_reg_5__0_ is not placed. (LGL-003)
Warning: Standard cell instance u_framer/u_payload_ram/b03/mem_reg_6__7_ is not placed. (LGL-003)
Warning: Standard cell instance u_framer/u_payload_ram/b03/mem_reg_6__6_ is not placed. (LGL-003)
Warning: Standard cell instance u_framer/u_payload_ram/b03/mem_reg_6__5_ is not placed. (LGL-003)
Warning: Standard cell instance u_framer/u_payload_ram/b03/mem_reg_6__4_ is not placed. (LGL-003)
Warning: Standard cell instance u_framer/u_payload_ram/b03/mem_reg_6__3_ is not placed. (LGL-003)
Warning: Standard cell instance u_framer/u_payload_ram/b03/mem_reg_6__2_ is not placed. (LGL-003)
Warning: Standard cell instance u_framer/u_payload_ram/b03/mem_reg_6__1_ is not placed. (LGL-003)
Warning: Standard cell instance u_framer/u_payload_ram/b03/mem_reg_6__0_ is not placed. (LGL-003)
Warning: Standard cell instance u_framer/u_payload_ram/b03/mem_reg_7__7_ is not placed. (LGL-003)
Warning: Standard cell instance u_framer/u_payload_ram/b03/mem_reg_7__6_ is not placed. (LGL-003)
Warning: Standard cell instance u_framer/u_payload_ram/b03/mem_reg_7__5_ is not placed. (LGL-003)
Warning: Standard cell instance u_framer/u_payload_ram/b03/mem_reg_7__4_ is not placed. (LGL-003)
Warning: Standard cell instance u_framer/u_payload_ram/b03/mem_reg_7__3_ is not placed. (LGL-003)
Warning: Standard cell instance u_framer/u_payload_ram/b03/mem_reg_7__2_ is not placed. (LGL-003)
Warning: Standard cell instance u_framer/u_payload_ram/b03/mem_reg_7__1_ is not placed. (LGL-003)
Warning: Standard cell instance u_framer/u_payload_ram/b03/mem_reg_7__0_ is not placed. (LGL-003)
Warning: Standard cell instance u_framer/u_payload_ram/b03/U2 is not placed. (LGL-003)
Warning: Standard cell instance u_framer/u_payload_ram/b03/U3 is not placed. (LGL-003)
Warning: Standard cell instance u_framer/u_payload_ram/b03/U4 is not placed. (LGL-003)
Warning: Standard cell instance u_framer/u_payload_ram/b03/U5 is not placed. (LGL-003)
Warning: Standard cell instance u_framer/u_payload_ram/b03/U6 is not placed. (LGL-003)
Warning: Standard cell instance u_framer/u_payload_ram/b03/U7 is not placed. (LGL-003)
Warning: Standard cell instance u_framer/u_payload_ram/b03/U8 is not placed. (LGL-003)
Warning: Standard cell instance u_framer/u_payload_ram/b03/U9 is not placed. (LGL-003)
Warning: Standard cell instance u_framer/u_payload_ram/b03/U10 is not placed. (LGL-003)
Warning: Standard cell instance u_framer/u_payload_ram/b03/U11 is not placed. (LGL-003)
Warning: Standard cell instance u_framer/u_payload_ram/b03/U12 is not placed. (LGL-003)
Warning: Standard cell instance u_framer/u_payload_ram/b03/U13 is not placed. (LGL-003)
Warning: Standard cell instance u_framer/u_payload_ram/b03/U14 is not placed. (LGL-003)
Warning: Standard cell instance u_framer/u_payload_ram/b03/U15 is not placed. (LGL-003)
Warning: Standard cell instance u_framer/u_payload_ram/b03/U16 is not placed. (LGL-003)
Warning: Standard cell instance u_framer/u_payload_ram/b03/U17 is not placed. (LGL-003)
Warning: Standard cell instance u_framer/u_payload_ram/b03/U18 is not placed. (LGL-003)
Warning: Standard cell instance u_framer/u_payload_ram/b03/U19 is not placed. (LGL-003)
Warning: Standard cell instance u_framer/u_payload_ram/b03/U20 is not placed. (LGL-003)
Warning: Standard cell instance u_framer/u_payload_ram/b03/U21 is not placed. (LGL-003)
Warning: Standard cell instance u_framer/u_payload_ram/b03/U22 is not placed. (LGL-003)
Warning: Standard cell instance u_framer/u_payload_ram/b03/U23 is not placed. (LGL-003)
Warning: Standard cell instance u_framer/u_payload_ram/b03/U24 is not placed. (LGL-003)
Warning: Standard cell instance u_framer/u_payload_ram/b03/U25 is not placed. (LGL-003)
Warning: Standard cell instance u_framer/u_payload_ram/b03/U26 is not placed. (LGL-003)
Warning: Standard cell instance u_framer/u_payload_ram/b03/U27 is not placed. (LGL-003)
Warning: Standard cell instance u_framer/u_payload_ram/b03/U28 is not placed. (LGL-003)
Warning: Standard cell instance u_framer/u_payload_ram/b03/U29 is not placed. (LGL-003)
Warning: Standard cell instance u_framer/u_payload_ram/b03/U30 is not placed. (LGL-003)
Warning: Standard cell instance u_framer/u_payload_ram/b03/U31 is not placed. (LGL-003)
Warning: Standard cell instance u_framer/u_payload_ram/b03/U32 is not placed. (LGL-003)
Warning: Standard cell instance u_framer/u_payload_ram/b03/U33 is not placed. (LGL-003)
Warning: Standard cell instance u_framer/u_payload_ram/b03/U34 is not placed. (LGL-003)
Warning: Standard cell instance u_framer/u_payload_ram/b03/U35 is not placed. (LGL-003)
Warning: Standard cell instance u_framer/u_payload_ram/b03/U36 is not placed. (LGL-003)
Warning: Standard cell instance u_framer/u_payload_ram/b03/U37 is not placed. (LGL-003)
Warning: Standard cell instance u_framer/u_payload_ram/b03/U38 is not placed. (LGL-003)
Warning: Standard cell instance u_framer/u_payload_ram/b03/U39 is not placed. (LGL-003)
Warning: Standard cell instance u_framer/u_payload_ram/b03/U40 is not placed. (LGL-003)
Warning: Standard cell instance u_framer/u_payload_ram/b03/U41 is not placed. (LGL-003)
Warning: Standard cell instance u_framer/u_payload_ram/b03/U42 is not placed. (LGL-003)
Warning: Standard cell instance u_framer/u_payload_ram/b03/U43 is not placed. (LGL-003)
Warning: Standard cell instance u_framer/u_payload_ram/b03/U44 is not placed. (LGL-003)
Warning: Standard cell instance u_framer/u_payload_ram/b03/U45 is not placed. (LGL-003)
Warning: Standard cell instance u_framer/u_payload_ram/b03/U46 is not placed. (LGL-003)
Warning: Standard cell instance u_framer/u_payload_ram/b03/U47 is not placed. (LGL-003)
Warning: Standard cell instance u_framer/u_payload_ram/b03/U48 is not placed. (LGL-003)
Warning: Standard cell instance u_framer/u_payload_ram/b03/U49 is not placed. (LGL-003)
Warning: Standard cell instance u_framer/u_payload_ram/b03/U50 is not placed. (LGL-003)
Warning: Standard cell instance u_framer/u_payload_ram/b03/U51 is not placed. (LGL-003)
Warning: Standard cell instance u_framer/u_payload_ram/b03/U52 is not placed. (LGL-003)
Warning: Standard cell instance u_framer/u_payload_ram/b03/U53 is not placed. (LGL-003)
Warning: Standard cell instance u_framer/u_payload_ram/b03/U54 is not placed. (LGL-003)
Warning: Standard cell instance u_framer/u_payload_ram/b03/U55 is not placed. (LGL-003)
Warning: Standard cell instance u_framer/u_payload_ram/b03/U56 is not placed. (LGL-003)
Warning: Standard cell instance u_framer/u_payload_ram/b03/U57 is not placed. (LGL-003)
Warning: Standard cell instance u_framer/u_payload_ram/b03/U58 is not placed. (LGL-003)
Warning: Standard cell instance u_framer/u_payload_ram/b03/U59 is not placed. (LGL-003)
Warning: Standard cell instance u_framer/u_payload_ram/b03/U60 is not placed. (LGL-003)
Warning: Standard cell instance u_framer/u_payload_ram/b03/U61 is not placed. (LGL-003)
Warning: Standard cell instance u_framer/u_payload_ram/b03/U62 is not placed. (LGL-003)
Warning: Standard cell instance u_framer/u_payload_ram/b03/U63 is not placed. (LGL-003)
Warning: Standard cell instance u_framer/u_payload_ram/b03/U64 is not placed. (LGL-003)
Warning: Standard cell instance u_framer/u_payload_ram/b03/U65 is not placed. (LGL-003)
Warning: Standard cell instance u_framer/u_payload_ram/b03/U66 is not placed. (LGL-003)
Warning: Standard cell instance u_framer/u_payload_ram/b03/U67 is not placed. (LGL-003)
Warning: Standard cell instance u_framer/u_payload_ram/b03/U68 is not placed. (LGL-003)
Warning: Standard cell instance u_framer/u_payload_ram/b03/U69 is not placed. (LGL-003)
Warning: Standard cell instance u_framer/u_payload_ram/b03/U70 is not placed. (LGL-003)
Warning: Standard cell instance u_framer/u_payload_ram/b03/U71 is not placed. (LGL-003)
Warning: Standard cell instance u_framer/u_payload_ram/b03/U72 is not placed. (LGL-003)
Warning: Standard cell instance u_framer/u_payload_ram/b03/U73 is not placed. (LGL-003)
Warning: Standard cell instance u_framer/u_payload_ram/b03/U74 is not placed. (LGL-003)
Warning: Standard cell instance u_framer/u_payload_ram/b03/U75 is not placed. (LGL-003)
Warning: Standard cell instance u_framer/u_payload_ram/b03/U76 is not placed. (LGL-003)
Warning: Standard cell instance u_framer/u_payload_ram/b03/U77 is not placed. (LGL-003)
Warning: Standard cell instance u_framer/u_payload_ram/b03/U78 is not placed. (LGL-003)
Warning: Standard cell instance u_framer/u_payload_ram/b03/U79 is not placed. (LGL-003)
Warning: Standard cell instance u_framer/u_payload_ram/b03/U80 is not placed. (LGL-003)
Warning: Standard cell instance u_framer/u_payload_ram/b03/U81 is not placed. (LGL-003)
Warning: Standard cell instance u_framer/u_payload_ram/b03/U82 is not placed. (LGL-003)
Warning: Standard cell instance u_framer/u_payload_ram/b03/U83 is not placed. (LGL-003)
Warning: Standard cell instance u_framer/u_payload_ram/b03/U84 is not placed. (LGL-003)
Warning: Standard cell instance u_framer/u_payload_ram/b03/U133 is not placed. (LGL-003)
Warning: Standard cell instance u_framer/u_payload_ram/b03/U142 is not placed. (LGL-003)
Warning: Standard cell instance u_framer/u_payload_ram/b03/U151 is not placed. (LGL-003)
Warning: Standard cell instance u_framer/u_payload_ram/b03/U160 is not placed. (LGL-003)
Warning: Standard cell instance u_framer/u_payload_ram/b03/U170 is not placed. (LGL-003)
Warning: Standard cell instance u_framer/u_payload_ram/b03/U179 is not placed. (LGL-003)
Warning: Standard cell instance u_framer/u_payload_ram/b03/U324 is not placed. (LGL-003)
Warning: Standard cell instance u_framer/u_payload_ram/b03/U325 is not placed. (LGL-003)
Warning: Standard cell instance u_framer/u_payload_ram/b03/U326 is not placed. (LGL-003)
Warning: Standard cell instance u_framer/u_payload_ram/b03/U327 is not placed. (LGL-003)
Warning: Standard cell instance u_framer/u_payload_ram/b03/U328 is not placed. (LGL-003)
Warning: Standard cell instance u_framer/u_payload_ram/b04/U85 is not placed. (LGL-003)
Warning: Standard cell instance u_framer/u_payload_ram/b04/U86 is not placed. (LGL-003)
Warning: Standard cell instance u_framer/u_payload_ram/b04/U87 is not placed. (LGL-003)
Warning: Standard cell instance u_framer/u_payload_ram/b04/U88 is not placed. (LGL-003)
Warning: Standard cell instance u_framer/u_payload_ram/b04/U89 is not placed. (LGL-003)
Warning: Standard cell instance u_framer/u_payload_ram/b04/U90 is not placed. (LGL-003)
Warning: Standard cell instance u_framer/u_payload_ram/b04/U91 is not placed. (LGL-003)
Warning: Standard cell instance u_framer/u_payload_ram/b04/U92 is not placed. (LGL-003)
Warning: Standard cell instance u_framer/u_payload_ram/b04/U93 is not placed. (LGL-003)
Warning: Standard cell instance u_framer/u_payload_ram/b04/U94 is not placed. (LGL-003)
Warning: Standard cell instance u_framer/u_payload_ram/b04/U95 is not placed. (LGL-003)
Warning: Standard cell instance u_framer/u_payload_ram/b04/U96 is not placed. (LGL-003)
Warning: Standard cell instance u_framer/u_payload_ram/b04/U97 is not placed. (LGL-003)
Warning: Standard cell instance u_framer/u_payload_ram/b04/U98 is not placed. (LGL-003)
Warning: Standard cell instance u_framer/u_payload_ram/b04/U99 is not placed. (LGL-003)
Warning: Standard cell instance u_framer/u_payload_ram/b04/U101 is not placed. (LGL-003)
Warning: Standard cell instance u_framer/u_payload_ram/b04/U102 is not placed. (LGL-003)
Warning: Standard cell instance u_framer/u_payload_ram/b04/U103 is not placed. (LGL-003)
Warning: Standard cell instance u_framer/u_payload_ram/b04/U104 is not placed. (LGL-003)
Warning: Standard cell instance u_framer/u_payload_ram/b04/U106 is not placed. (LGL-003)
Warning: Standard cell instance u_framer/u_payload_ram/b04/U107 is not placed. (LGL-003)
Warning: Standard cell instance u_framer/u_payload_ram/b04/U108 is not placed. (LGL-003)
Warning: Standard cell instance u_framer/u_payload_ram/b04/U109 is not placed. (LGL-003)
Warning: Standard cell instance u_framer/u_payload_ram/b04/U112 is not placed. (LGL-003)
Warning: Standard cell instance u_framer/u_payload_ram/b04/U116 is not placed. (LGL-003)
Warning: Standard cell instance u_framer/u_payload_ram/b04/U117 is not placed. (LGL-003)
Warning: Standard cell instance u_framer/u_payload_ram/b04/U118 is not placed. (LGL-003)
Warning: Standard cell instance u_framer/u_payload_ram/b04/U119 is not placed. (LGL-003)
Warning: Standard cell instance u_framer/u_payload_ram/b04/U121 is not placed. (LGL-003)
Warning: Standard cell instance u_framer/u_payload_ram/b04/U122 is not placed. (LGL-003)
Warning: Standard cell instance u_framer/u_payload_ram/b04/U123 is not placed. (LGL-003)
Warning: Standard cell instance u_framer/u_payload_ram/b04/U124 is not placed. (LGL-003)
Warning: Standard cell instance u_framer/u_payload_ram/b04/U125 is not placed. (LGL-003)
Warning: Standard cell instance u_framer/u_payload_ram/b04/U126 is not placed. (LGL-003)
Warning: Standard cell instance u_framer/u_payload_ram/b04/U127 is not placed. (LGL-003)
Warning: Standard cell instance u_framer/u_payload_ram/b04/U128 is not placed. (LGL-003)
Warning: Standard cell instance u_framer/u_payload_ram/b04/U129 is not placed. (LGL-003)
Warning: Standard cell instance u_framer/u_payload_ram/b04/U130 is not placed. (LGL-003)
Warning: Standard cell instance u_framer/u_payload_ram/b04/U131 is not placed. (LGL-003)
Warning: Standard cell instance u_framer/u_payload_ram/b04/U132 is not placed. (LGL-003)
Warning: Standard cell instance u_framer/u_payload_ram/b04/U134 is not placed. (LGL-003)
Warning: Standard cell instance u_framer/u_payload_ram/b04/U135 is not placed. (LGL-003)
Warning: Standard cell instance u_framer/u_payload_ram/b04/U136 is not placed. (LGL-003)
Warning: Standard cell instance u_framer/u_payload_ram/b04/U137 is not placed. (LGL-003)
Warning: Standard cell instance u_framer/u_payload_ram/b04/U138 is not placed. (LGL-003)
Warning: Standard cell instance u_framer/u_payload_ram/b04/U139 is not placed. (LGL-003)
Warning: Standard cell instance u_framer/u_payload_ram/b04/U140 is not placed. (LGL-003)
Warning: Standard cell instance u_framer/u_payload_ram/b04/U141 is not placed. (LGL-003)
Warning: Standard cell instance u_framer/u_payload_ram/b04/U143 is not placed. (LGL-003)
Warning: Standard cell instance u_framer/u_payload_ram/b04/U144 is not placed. (LGL-003)
Warning: Standard cell instance u_framer/u_payload_ram/b04/U145 is not placed. (LGL-003)
Warning: Standard cell instance u_framer/u_payload_ram/b04/U146 is not placed. (LGL-003)
Warning: Standard cell instance u_framer/u_payload_ram/b04/U147 is not placed. (LGL-003)
Warning: Standard cell instance u_framer/u_payload_ram/b04/U148 is not placed. (LGL-003)
Warning: Standard cell instance u_framer/u_payload_ram/b04/U149 is not placed. (LGL-003)
Warning: Standard cell instance u_framer/u_payload_ram/b04/U150 is not placed. (LGL-003)
Warning: Standard cell instance u_framer/u_payload_ram/b04/U152 is not placed. (LGL-003)
Warning: Standard cell instance u_framer/u_payload_ram/b04/U153 is not placed. (LGL-003)
Warning: Standard cell instance u_framer/u_payload_ram/b04/U154 is not placed. (LGL-003)
Warning: Standard cell instance u_framer/u_payload_ram/b04/U155 is not placed. (LGL-003)
Warning: Standard cell instance u_framer/u_payload_ram/b04/U156 is not placed. (LGL-003)
Warning: Standard cell instance u_framer/u_payload_ram/b04/U157 is not placed. (LGL-003)
Warning: Standard cell instance u_framer/u_payload_ram/b04/U158 is not placed. (LGL-003)
Warning: Standard cell instance u_framer/u_payload_ram/b04/U159 is not placed. (LGL-003)
Warning: Standard cell instance u_framer/u_payload_ram/b04/U161 is not placed. (LGL-003)
Warning: Standard cell instance u_framer/u_payload_ram/b04/U162 is not placed. (LGL-003)
Warning: Standard cell instance u_framer/u_payload_ram/b04/U163 is not placed. (LGL-003)
Warning: Standard cell instance u_framer/u_payload_ram/b04/U164 is not placed. (LGL-003)
Warning: Standard cell instance u_framer/u_payload_ram/b04/U165 is not placed. (LGL-003)
Warning: Standard cell instance u_framer/u_payload_ram/b04/U166 is not placed. (LGL-003)
Warning: Standard cell instance u_framer/u_payload_ram/b04/U167 is not placed. (LGL-003)
Warning: Standard cell instance u_framer/u_payload_ram/b04/U168 is not placed. (LGL-003)
Warning: Standard cell instance u_framer/u_payload_ram/b04/U169 is not placed. (LGL-003)
Warning: Standard cell instance u_framer/u_payload_ram/b04/U171 is not placed. (LGL-003)
Warning: Standard cell instance u_framer/u_payload_ram/b04/U172 is not placed. (LGL-003)
Warning: Standard cell instance u_framer/u_payload_ram/b04/U173 is not placed. (LGL-003)
Warning: Standard cell instance u_framer/u_payload_ram/b04/U174 is not placed. (LGL-003)
Warning: Standard cell instance u_framer/u_payload_ram/b04/U175 is not placed. (LGL-003)
Warning: Standard cell instance u_framer/u_payload_ram/b04/U176 is not placed. (LGL-003)
Warning: Standard cell instance u_framer/u_payload_ram/b04/U177 is not placed. (LGL-003)
Warning: Standard cell instance u_framer/u_payload_ram/b04/U178 is not placed. (LGL-003)
Warning: Standard cell instance u_framer/u_payload_ram/b04/U180 is not placed. (LGL-003)
Warning: Standard cell instance u_framer/u_payload_ram/b04/U181 is not placed. (LGL-003)
Warning: Standard cell instance u_framer/u_payload_ram/b04/U182 is not placed. (LGL-003)
Warning: Standard cell instance u_framer/u_payload_ram/b04/U183 is not placed. (LGL-003)
Warning: Standard cell instance u_framer/u_payload_ram/b04/U184 is not placed. (LGL-003)
Warning: Standard cell instance u_framer/u_payload_ram/b04/U185 is not placed. (LGL-003)
Warning: Standard cell instance u_framer/u_payload_ram/b04/U186 is not placed. (LGL-003)
Warning: Standard cell instance u_framer/u_payload_ram/b04/U187 is not placed. (LGL-003)
Warning: Standard cell instance u_framer/u_payload_ram/b04/U189 is not placed. (LGL-003)
Warning: Standard cell instance u_framer/u_payload_ram/b04/U190 is not placed. (LGL-003)
Warning: Standard cell instance u_framer/u_payload_ram/b04/U191 is not placed. (LGL-003)
Warning: Standard cell instance u_framer/u_payload_ram/b04/U192 is not placed. (LGL-003)
Warning: Standard cell instance u_framer/u_payload_ram/b04/U193 is not placed. (LGL-003)
Warning: Standard cell instance u_framer/u_payload_ram/b04/U194 is not placed. (LGL-003)
Warning: Standard cell instance u_framer/u_payload_ram/b04/U195 is not placed. (LGL-003)
Warning: Standard cell instance u_framer/u_payload_ram/b04/U196 is not placed. (LGL-003)
Warning: Standard cell instance u_framer/u_payload_ram/b04/mem_reg_0__7_ is not placed. (LGL-003)
Warning: Standard cell instance u_framer/u_payload_ram/b04/mem_reg_0__6_ is not placed. (LGL-003)
Warning: Standard cell instance u_framer/u_payload_ram/b04/mem_reg_0__5_ is not placed. (LGL-003)
Warning: Standard cell instance u_framer/u_payload_ram/b04/mem_reg_0__4_ is not placed. (LGL-003)
Warning: Standard cell instance u_framer/u_payload_ram/b04/mem_reg_0__3_ is not placed. (LGL-003)
Warning: Standard cell instance u_framer/u_payload_ram/b04/mem_reg_0__2_ is not placed. (LGL-003)
Warning: Standard cell instance u_framer/u_payload_ram/b04/mem_reg_0__1_ is not placed. (LGL-003)
Warning: Standard cell instance u_framer/u_payload_ram/b04/mem_reg_0__0_ is not placed. (LGL-003)
Warning: Standard cell instance u_framer/u_payload_ram/b04/mem_reg_1__7_ is not placed. (LGL-003)
Warning: Standard cell instance u_framer/u_payload_ram/b04/mem_reg_1__6_ is not placed. (LGL-003)
Warning: Standard cell instance u_framer/u_payload_ram/b04/mem_reg_1__5_ is not placed. (LGL-003)
Warning: Standard cell instance u_framer/u_payload_ram/b04/mem_reg_1__4_ is not placed. (LGL-003)
Warning: Standard cell instance u_framer/u_payload_ram/b04/mem_reg_1__3_ is not placed. (LGL-003)
Warning: Standard cell instance u_framer/u_payload_ram/b04/mem_reg_1__2_ is not placed. (LGL-003)
Warning: Standard cell instance u_framer/u_payload_ram/b04/mem_reg_1__1_ is not placed. (LGL-003)
Warning: Standard cell instance u_framer/u_payload_ram/b04/mem_reg_1__0_ is not placed. (LGL-003)
Warning: Standard cell instance u_framer/u_payload_ram/b04/mem_reg_2__7_ is not placed. (LGL-003)
Warning: Standard cell instance u_framer/u_payload_ram/b04/mem_reg_2__6_ is not placed. (LGL-003)
Warning: Standard cell instance u_framer/u_payload_ram/b04/mem_reg_2__5_ is not placed. (LGL-003)
Warning: Standard cell instance u_framer/u_payload_ram/b04/mem_reg_2__4_ is not placed. (LGL-003)
Warning: Standard cell instance u_framer/u_payload_ram/b04/mem_reg_2__3_ is not placed. (LGL-003)
Warning: Standard cell instance u_framer/u_payload_ram/b04/mem_reg_2__2_ is not placed. (LGL-003)
Warning: Standard cell instance u_framer/u_payload_ram/b04/mem_reg_2__1_ is not placed. (LGL-003)
Warning: Standard cell instance u_framer/u_payload_ram/b04/mem_reg_2__0_ is not placed. (LGL-003)
Warning: Standard cell instance u_framer/u_payload_ram/b04/mem_reg_3__7_ is not placed. (LGL-003)
Warning: Standard cell instance u_framer/u_payload_ram/b04/mem_reg_3__6_ is not placed. (LGL-003)
Warning: Standard cell instance u_framer/u_payload_ram/b04/mem_reg_3__5_ is not placed. (LGL-003)
Warning: Standard cell instance u_framer/u_payload_ram/b04/mem_reg_3__4_ is not placed. (LGL-003)
Warning: Standard cell instance u_framer/u_payload_ram/b04/mem_reg_3__3_ is not placed. (LGL-003)
Warning: Standard cell instance u_framer/u_payload_ram/b04/mem_reg_3__2_ is not placed. (LGL-003)
Warning: Standard cell instance u_framer/u_payload_ram/b04/mem_reg_3__1_ is not placed. (LGL-003)
Warning: Standard cell instance u_framer/u_payload_ram/b04/mem_reg_3__0_ is not placed. (LGL-003)
Warning: Standard cell instance u_framer/u_payload_ram/b04/mem_reg_4__7_ is not placed. (LGL-003)
Warning: Standard cell instance u_framer/u_payload_ram/b04/mem_reg_4__6_ is not placed. (LGL-003)
Warning: Standard cell instance u_framer/u_payload_ram/b04/mem_reg_4__5_ is not placed. (LGL-003)
Warning: Standard cell instance u_framer/u_payload_ram/b04/mem_reg_4__4_ is not placed. (LGL-003)
Warning: Standard cell instance u_framer/u_payload_ram/b04/mem_reg_4__3_ is not placed. (LGL-003)
Warning: Standard cell instance u_framer/u_payload_ram/b04/mem_reg_4__2_ is not placed. (LGL-003)
Warning: Standard cell instance u_framer/u_payload_ram/b04/mem_reg_4__1_ is not placed. (LGL-003)
Warning: Standard cell instance u_framer/u_payload_ram/b04/mem_reg_4__0_ is not placed. (LGL-003)
Warning: Standard cell instance u_framer/u_payload_ram/b04/mem_reg_5__7_ is not placed. (LGL-003)
Warning: Standard cell instance u_framer/u_payload_ram/b04/mem_reg_5__6_ is not placed. (LGL-003)
Warning: Standard cell instance u_framer/u_payload_ram/b04/mem_reg_5__5_ is not placed. (LGL-003)
Warning: Standard cell instance u_framer/u_payload_ram/b04/mem_reg_5__4_ is not placed. (LGL-003)
Warning: Standard cell instance u_framer/u_payload_ram/b04/mem_reg_5__3_ is not placed. (LGL-003)
Warning: Standard cell instance u_framer/u_payload_ram/b04/mem_reg_5__2_ is not placed. (LGL-003)
Warning: Standard cell instance u_framer/u_payload_ram/b04/mem_reg_5__1_ is not placed. (LGL-003)
Warning: Standard cell instance u_framer/u_payload_ram/b04/mem_reg_5__0_ is not placed. (LGL-003)
Warning: Standard cell instance u_framer/u_payload_ram/b04/mem_reg_6__7_ is not placed. (LGL-003)
Warning: Standard cell instance u_framer/u_payload_ram/b04/mem_reg_6__6_ is not placed. (LGL-003)
Warning: Standard cell instance u_framer/u_payload_ram/b04/mem_reg_6__5_ is not placed. (LGL-003)
Warning: Standard cell instance u_framer/u_payload_ram/b04/mem_reg_6__4_ is not placed. (LGL-003)
Warning: Standard cell instance u_framer/u_payload_ram/b04/mem_reg_6__3_ is not placed. (LGL-003)
Warning: Standard cell instance u_framer/u_payload_ram/b04/mem_reg_6__2_ is not placed. (LGL-003)
Warning: Standard cell instance u_framer/u_payload_ram/b04/mem_reg_6__1_ is not placed. (LGL-003)
Warning: Standard cell instance u_framer/u_payload_ram/b04/mem_reg_6__0_ is not placed. (LGL-003)
Warning: Standard cell instance u_framer/u_payload_ram/b04/mem_reg_7__7_ is not placed. (LGL-003)
Warning: Standard cell instance u_framer/u_payload_ram/b04/mem_reg_7__6_ is not placed. (LGL-003)
Warning: Standard cell instance u_framer/u_payload_ram/b04/mem_reg_7__5_ is not placed. (LGL-003)
Warning: Standard cell instance u_framer/u_payload_ram/b04/mem_reg_7__4_ is not placed. (LGL-003)
Warning: Standard cell instance u_framer/u_payload_ram/b04/mem_reg_7__3_ is not placed. (LGL-003)
Warning: Standard cell instance u_framer/u_payload_ram/b04/mem_reg_7__2_ is not placed. (LGL-003)
Warning: Standard cell instance u_framer/u_payload_ram/b04/mem_reg_7__1_ is not placed. (LGL-003)
Warning: Standard cell instance u_framer/u_payload_ram/b04/mem_reg_7__0_ is not placed. (LGL-003)
Warning: Standard cell instance u_framer/u_payload_ram/b04/U2 is not placed. (LGL-003)
Warning: Standard cell instance u_framer/u_payload_ram/b04/U3 is not placed. (LGL-003)
Warning: Standard cell instance u_framer/u_payload_ram/b04/U4 is not placed. (LGL-003)
Warning: Standard cell instance u_framer/u_payload_ram/b04/U5 is not placed. (LGL-003)
Warning: Standard cell instance u_framer/u_payload_ram/b04/U6 is not placed. (LGL-003)
Warning: Standard cell instance u_framer/u_payload_ram/b04/U7 is not placed. (LGL-003)
Warning: Standard cell instance u_framer/u_payload_ram/b04/U8 is not placed. (LGL-003)
Warning: Standard cell instance u_framer/u_payload_ram/b04/U9 is not placed. (LGL-003)
Warning: Standard cell instance u_framer/u_payload_ram/b04/U10 is not placed. (LGL-003)
Warning: Standard cell instance u_framer/u_payload_ram/b04/U11 is not placed. (LGL-003)
Warning: Standard cell instance u_framer/u_payload_ram/b04/U12 is not placed. (LGL-003)
Warning: Standard cell instance u_framer/u_payload_ram/b04/U13 is not placed. (LGL-003)
Warning: Standard cell instance u_framer/u_payload_ram/b04/U14 is not placed. (LGL-003)
Warning: Standard cell instance u_framer/u_payload_ram/b04/U15 is not placed. (LGL-003)
Warning: Standard cell instance u_framer/u_payload_ram/b04/U16 is not placed. (LGL-003)
Warning: Standard cell instance u_framer/u_payload_ram/b04/U17 is not placed. (LGL-003)
Warning: Standard cell instance u_framer/u_payload_ram/b04/U18 is not placed. (LGL-003)
Warning: Standard cell instance u_framer/u_payload_ram/b04/U19 is not placed. (LGL-003)
Warning: Standard cell instance u_framer/u_payload_ram/b04/U20 is not placed. (LGL-003)
Warning: Standard cell instance u_framer/u_payload_ram/b04/U21 is not placed. (LGL-003)
Warning: Standard cell instance u_framer/u_payload_ram/b04/U22 is not placed. (LGL-003)
Warning: Standard cell instance u_framer/u_payload_ram/b04/U23 is not placed. (LGL-003)
Warning: Standard cell instance u_framer/u_payload_ram/b04/U24 is not placed. (LGL-003)
Warning: Standard cell instance u_framer/u_payload_ram/b04/U25 is not placed. (LGL-003)
Warning: Standard cell instance u_framer/u_payload_ram/b04/U26 is not placed. (LGL-003)
Warning: Standard cell instance u_framer/u_payload_ram/b04/U27 is not placed. (LGL-003)
Warning: Standard cell instance u_framer/u_payload_ram/b04/U28 is not placed. (LGL-003)
Warning: Standard cell instance u_framer/u_payload_ram/b04/U29 is not placed. (LGL-003)
Warning: Standard cell instance u_framer/u_payload_ram/b04/U30 is not placed. (LGL-003)
Warning: Standard cell instance u_framer/u_payload_ram/b04/U31 is not placed. (LGL-003)
Warning: Standard cell instance u_framer/u_payload_ram/b04/U32 is not placed. (LGL-003)
Warning: Standard cell instance u_framer/u_payload_ram/b04/U33 is not placed. (LGL-003)
Warning: Standard cell instance u_framer/u_payload_ram/b04/U34 is not placed. (LGL-003)
Warning: Standard cell instance u_framer/u_payload_ram/b04/U35 is not placed. (LGL-003)
Warning: Standard cell instance u_framer/u_payload_ram/b04/U36 is not placed. (LGL-003)
Warning: Standard cell instance u_framer/u_payload_ram/b04/U37 is not placed. (LGL-003)
Warning: Standard cell instance u_framer/u_payload_ram/b04/U38 is not placed. (LGL-003)
Warning: Standard cell instance u_framer/u_payload_ram/b04/U39 is not placed. (LGL-003)
Warning: Standard cell instance u_framer/u_payload_ram/b04/U40 is not placed. (LGL-003)
Warning: Standard cell instance u_framer/u_payload_ram/b04/U41 is not placed. (LGL-003)
Warning: Standard cell instance u_framer/u_payload_ram/b04/U42 is not placed. (LGL-003)
Warning: Standard cell instance u_framer/u_payload_ram/b04/U43 is not placed. (LGL-003)
Warning: Standard cell instance u_framer/u_payload_ram/b04/U44 is not placed. (LGL-003)
Warning: Standard cell instance u_framer/u_payload_ram/b04/U45 is not placed. (LGL-003)
Warning: Standard cell instance u_framer/u_payload_ram/b04/U46 is not placed. (LGL-003)
Warning: Standard cell instance u_framer/u_payload_ram/b04/U47 is not placed. (LGL-003)
Warning: Standard cell instance u_framer/u_payload_ram/b04/U48 is not placed. (LGL-003)
Warning: Standard cell instance u_framer/u_payload_ram/b04/U49 is not placed. (LGL-003)
Warning: Standard cell instance u_framer/u_payload_ram/b04/U50 is not placed. (LGL-003)
Warning: Standard cell instance u_framer/u_payload_ram/b04/U51 is not placed. (LGL-003)
Warning: Standard cell instance u_framer/u_payload_ram/b04/U52 is not placed. (LGL-003)
Warning: Standard cell instance u_framer/u_payload_ram/b04/U53 is not placed. (LGL-003)
Warning: Standard cell instance u_framer/u_payload_ram/b04/U54 is not placed. (LGL-003)
Warning: Standard cell instance u_framer/u_payload_ram/b04/U55 is not placed. (LGL-003)
Warning: Standard cell instance u_framer/u_payload_ram/b04/U56 is not placed. (LGL-003)
Warning: Standard cell instance u_framer/u_payload_ram/b04/U57 is not placed. (LGL-003)
Warning: Standard cell instance u_framer/u_payload_ram/b04/U58 is not placed. (LGL-003)
Warning: Standard cell instance u_framer/u_payload_ram/b04/U59 is not placed. (LGL-003)
Warning: Standard cell instance u_framer/u_payload_ram/b04/U60 is not placed. (LGL-003)
Warning: Standard cell instance u_framer/u_payload_ram/b04/U61 is not placed. (LGL-003)
Warning: Standard cell instance u_framer/u_payload_ram/b04/U62 is not placed. (LGL-003)
Warning: Standard cell instance u_framer/u_payload_ram/b04/U63 is not placed. (LGL-003)
Warning: Standard cell instance u_framer/u_payload_ram/b04/U64 is not placed. (LGL-003)
Warning: Standard cell instance u_framer/u_payload_ram/b04/U65 is not placed. (LGL-003)
Warning: Standard cell instance u_framer/u_payload_ram/b04/U66 is not placed. (LGL-003)
Warning: Standard cell instance u_framer/u_payload_ram/b04/U67 is not placed. (LGL-003)
Warning: Standard cell instance u_framer/u_payload_ram/b04/U68 is not placed. (LGL-003)
Warning: Standard cell instance u_framer/u_payload_ram/b04/U69 is not placed. (LGL-003)
Warning: Standard cell instance u_framer/u_payload_ram/b04/U70 is not placed. (LGL-003)
Warning: Standard cell instance u_framer/u_payload_ram/b04/U71 is not placed. (LGL-003)
Warning: Standard cell instance u_framer/u_payload_ram/b04/U72 is not placed. (LGL-003)
Warning: Standard cell instance u_framer/u_payload_ram/b04/U73 is not placed. (LGL-003)
Warning: Standard cell instance u_framer/u_payload_ram/b04/U74 is not placed. (LGL-003)
Warning: Standard cell instance u_framer/u_payload_ram/b04/U75 is not placed. (LGL-003)
Warning: Standard cell instance u_framer/u_payload_ram/b04/U76 is not placed. (LGL-003)
Warning: Standard cell instance u_framer/u_payload_ram/b04/U77 is not placed. (LGL-003)
Warning: Standard cell instance u_framer/u_payload_ram/b04/U78 is not placed. (LGL-003)
Warning: Standard cell instance u_framer/u_payload_ram/b04/U79 is not placed. (LGL-003)
Warning: Standard cell instance u_framer/u_payload_ram/b04/U80 is not placed. (LGL-003)
Warning: Standard cell instance u_framer/u_payload_ram/b04/U81 is not placed. (LGL-003)
Warning: Standard cell instance u_framer/u_payload_ram/b04/U82 is not placed. (LGL-003)
Warning: Standard cell instance u_framer/u_payload_ram/b04/U83 is not placed. (LGL-003)
Warning: Standard cell instance u_framer/u_payload_ram/b04/U84 is not placed. (LGL-003)
Warning: Standard cell instance u_framer/u_payload_ram/b04/U100 is not placed. (LGL-003)
Warning: Standard cell instance u_framer/u_payload_ram/b04/U105 is not placed. (LGL-003)
Warning: Standard cell instance u_framer/u_payload_ram/b04/U110 is not placed. (LGL-003)
Warning: Standard cell instance u_framer/u_payload_ram/b04/U111 is not placed. (LGL-003)
Warning: Standard cell instance u_framer/u_payload_ram/b04/U113 is not placed. (LGL-003)
Warning: Standard cell instance u_framer/u_payload_ram/b04/U114 is not placed. (LGL-003)
Warning: Standard cell instance u_framer/u_payload_ram/b04/U115 is not placed. (LGL-003)
Warning: Standard cell instance u_framer/u_payload_ram/b04/U120 is not placed. (LGL-003)
Warning: Standard cell instance u_framer/u_payload_ram/b04/U133 is not placed. (LGL-003)
Warning: Standard cell instance u_framer/u_payload_ram/b04/U142 is not placed. (LGL-003)
Warning: Standard cell instance u_framer/u_payload_ram/b04/U151 is not placed. (LGL-003)
Warning: Standard cell instance u_framer/u_payload_ram/b04/U160 is not placed. (LGL-003)
Warning: Standard cell instance u_framer/u_payload_ram/b04/U170 is not placed. (LGL-003)
Warning: Standard cell instance u_framer/u_payload_ram/b04/U179 is not placed. (LGL-003)
Warning: Standard cell instance u_framer/u_payload_ram/b04/U188 is not placed. (LGL-003)
Warning: Standard cell instance u_framer/u_payload_ram/b04/U197 is not placed. (LGL-003)
Warning: Standard cell instance u_framer/u_payload_ram/b04/U198 is not placed. (LGL-003)
Warning: Standard cell instance u_framer/u_payload_ram/b04/U199 is not placed. (LGL-003)
Warning: Standard cell instance u_framer/u_payload_ram/b04/U200 is not placed. (LGL-003)
Warning: Standard cell instance u_framer/u_payload_ram/b04/U201 is not placed. (LGL-003)
Warning: Standard cell instance u_framer/u_payload_ram/b04/U202 is not placed. (LGL-003)
Warning: Standard cell instance u_framer/u_payload_ram/b04/U331 is not placed. (LGL-003)
Warning: Standard cell instance u_framer/u_payload_ram/b04/U332 is not placed. (LGL-003)
Warning: Standard cell instance u_framer/u_payload_ram/b04/U333 is not placed. (LGL-003)
Warning: Standard cell instance u_framer/u_payload_ram/b04/U334 is not placed. (LGL-003)
Warning: Standard cell instance u_framer/u_payload_ram/b04/U335 is not placed. (LGL-003)
Warning: Standard cell instance u_framer/u_payload_ram/b05/U85 is not placed. (LGL-003)
Warning: Standard cell instance u_framer/u_payload_ram/b05/U86 is not placed. (LGL-003)
Warning: Standard cell instance u_framer/u_payload_ram/b05/U87 is not placed. (LGL-003)
Warning: Standard cell instance u_framer/u_payload_ram/b05/U88 is not placed. (LGL-003)
Warning: Standard cell instance u_framer/u_payload_ram/b05/U89 is not placed. (LGL-003)
Warning: Standard cell instance u_framer/u_payload_ram/b05/U90 is not placed. (LGL-003)
Warning: Standard cell instance u_framer/u_payload_ram/b05/U91 is not placed. (LGL-003)
Warning: Standard cell instance u_framer/u_payload_ram/b05/U92 is not placed. (LGL-003)
Warning: Standard cell instance u_framer/u_payload_ram/b05/U93 is not placed. (LGL-003)
Warning: Standard cell instance u_framer/u_payload_ram/b05/U94 is not placed. (LGL-003)
Warning: Standard cell instance u_framer/u_payload_ram/b05/U95 is not placed. (LGL-003)
Warning: Standard cell instance u_framer/u_payload_ram/b05/U96 is not placed. (LGL-003)
Warning: Standard cell instance u_framer/u_payload_ram/b05/U97 is not placed. (LGL-003)
Warning: Standard cell instance u_framer/u_payload_ram/b05/U98 is not placed. (LGL-003)
Warning: Standard cell instance u_framer/u_payload_ram/b05/U99 is not placed. (LGL-003)
Warning: Standard cell instance u_framer/u_payload_ram/b05/U100 is not placed. (LGL-003)
Warning: Standard cell instance u_framer/u_payload_ram/b05/U101 is not placed. (LGL-003)
Warning: Standard cell instance u_framer/u_payload_ram/b05/U102 is not placed. (LGL-003)
Warning: Standard cell instance u_framer/u_payload_ram/b05/U103 is not placed. (LGL-003)
Warning: Standard cell instance u_framer/u_payload_ram/b05/U104 is not placed. (LGL-003)
Warning: Standard cell instance u_framer/u_payload_ram/b05/U105 is not placed. (LGL-003)
Warning: Standard cell instance u_framer/u_payload_ram/b05/U106 is not placed. (LGL-003)
Warning: Standard cell instance u_framer/u_payload_ram/b05/U107 is not placed. (LGL-003)
Warning: Standard cell instance u_framer/u_payload_ram/b05/U108 is not placed. (LGL-003)
Warning: Standard cell instance u_framer/u_payload_ram/b05/U109 is not placed. (LGL-003)
Warning: Standard cell instance u_framer/u_payload_ram/b05/U112 is not placed. (LGL-003)
Warning: Standard cell instance u_framer/u_payload_ram/b05/U115 is not placed. (LGL-003)
Warning: Standard cell instance u_framer/u_payload_ram/b05/U116 is not placed. (LGL-003)
Warning: Standard cell instance u_framer/u_payload_ram/b05/U117 is not placed. (LGL-003)
Warning: Standard cell instance u_framer/u_payload_ram/b05/U118 is not placed. (LGL-003)
Warning: Standard cell instance u_framer/u_payload_ram/b05/U119 is not placed. (LGL-003)
Warning: Standard cell instance u_framer/u_payload_ram/b05/U120 is not placed. (LGL-003)
Warning: Standard cell instance u_framer/u_payload_ram/b05/U121 is not placed. (LGL-003)
Warning: Standard cell instance u_framer/u_payload_ram/b05/U122 is not placed. (LGL-003)
Warning: Standard cell instance u_framer/u_payload_ram/b05/U123 is not placed. (LGL-003)
Warning: Standard cell instance u_framer/u_payload_ram/b05/U124 is not placed. (LGL-003)
Warning: Standard cell instance u_framer/u_payload_ram/b05/U125 is not placed. (LGL-003)
Warning: Standard cell instance u_framer/u_payload_ram/b05/U126 is not placed. (LGL-003)
Warning: Standard cell instance u_framer/u_payload_ram/b05/U127 is not placed. (LGL-003)
Warning: Standard cell instance u_framer/u_payload_ram/b05/U128 is not placed. (LGL-003)
Warning: Standard cell instance u_framer/u_payload_ram/b05/U129 is not placed. (LGL-003)
Warning: Standard cell instance u_framer/u_payload_ram/b05/U130 is not placed. (LGL-003)
Warning: Standard cell instance u_framer/u_payload_ram/b05/U131 is not placed. (LGL-003)
Warning: Standard cell instance u_framer/u_payload_ram/b05/U132 is not placed. (LGL-003)
Warning: Standard cell instance u_framer/u_payload_ram/b05/U134 is not placed. (LGL-003)
Warning: Standard cell instance u_framer/u_payload_ram/b05/U135 is not placed. (LGL-003)
Warning: Standard cell instance u_framer/u_payload_ram/b05/U136 is not placed. (LGL-003)
Warning: Standard cell instance u_framer/u_payload_ram/b05/U137 is not placed. (LGL-003)
Warning: Standard cell instance u_framer/u_payload_ram/b05/U138 is not placed. (LGL-003)
Warning: Standard cell instance u_framer/u_payload_ram/b05/U139 is not placed. (LGL-003)
Warning: Standard cell instance u_framer/u_payload_ram/b05/U140 is not placed. (LGL-003)
Warning: Standard cell instance u_framer/u_payload_ram/b05/U141 is not placed. (LGL-003)
Warning: Standard cell instance u_framer/u_payload_ram/b05/U143 is not placed. (LGL-003)
Warning: Standard cell instance u_framer/u_payload_ram/b05/U144 is not placed. (LGL-003)
Warning: Standard cell instance u_framer/u_payload_ram/b05/U145 is not placed. (LGL-003)
Warning: Standard cell instance u_framer/u_payload_ram/b05/U146 is not placed. (LGL-003)
Warning: Standard cell instance u_framer/u_payload_ram/b05/U147 is not placed. (LGL-003)
Warning: Standard cell instance u_framer/u_payload_ram/b05/U148 is not placed. (LGL-003)
Warning: Standard cell instance u_framer/u_payload_ram/b05/U149 is not placed. (LGL-003)
Warning: Standard cell instance u_framer/u_payload_ram/b05/U150 is not placed. (LGL-003)
Warning: Standard cell instance u_framer/u_payload_ram/b05/U152 is not placed. (LGL-003)
Warning: Standard cell instance u_framer/u_payload_ram/b05/U153 is not placed. (LGL-003)
Warning: Standard cell instance u_framer/u_payload_ram/b05/U154 is not placed. (LGL-003)
Warning: Standard cell instance u_framer/u_payload_ram/b05/U155 is not placed. (LGL-003)
Warning: Standard cell instance u_framer/u_payload_ram/b05/U156 is not placed. (LGL-003)
Warning: Standard cell instance u_framer/u_payload_ram/b05/U157 is not placed. (LGL-003)
Warning: Standard cell instance u_framer/u_payload_ram/b05/U158 is not placed. (LGL-003)
Warning: Standard cell instance u_framer/u_payload_ram/b05/U159 is not placed. (LGL-003)
Warning: Standard cell instance u_framer/u_payload_ram/b05/U162 is not placed. (LGL-003)
Warning: Standard cell instance u_framer/u_payload_ram/b05/U163 is not placed. (LGL-003)
Warning: Standard cell instance u_framer/u_payload_ram/b05/U164 is not placed. (LGL-003)
Warning: Standard cell instance u_framer/u_payload_ram/b05/U165 is not placed. (LGL-003)
Warning: Standard cell instance u_framer/u_payload_ram/b05/U166 is not placed. (LGL-003)
Warning: Standard cell instance u_framer/u_payload_ram/b05/U167 is not placed. (LGL-003)
Warning: Standard cell instance u_framer/u_payload_ram/b05/U168 is not placed. (LGL-003)
Warning: Standard cell instance u_framer/u_payload_ram/b05/U169 is not placed. (LGL-003)
Warning: Standard cell instance u_framer/u_payload_ram/b05/U171 is not placed. (LGL-003)
Warning: Standard cell instance u_framer/u_payload_ram/b05/U172 is not placed. (LGL-003)
Warning: Standard cell instance u_framer/u_payload_ram/b05/U173 is not placed. (LGL-003)
Warning: Standard cell instance u_framer/u_payload_ram/b05/U174 is not placed. (LGL-003)
Warning: Standard cell instance u_framer/u_payload_ram/b05/U175 is not placed. (LGL-003)
Warning: Standard cell instance u_framer/u_payload_ram/b05/U176 is not placed. (LGL-003)
Warning: Standard cell instance u_framer/u_payload_ram/b05/U177 is not placed. (LGL-003)
Warning: Standard cell instance u_framer/u_payload_ram/b05/U178 is not placed. (LGL-003)
Warning: Standard cell instance u_framer/u_payload_ram/b05/U180 is not placed. (LGL-003)
Warning: Standard cell instance u_framer/u_payload_ram/b05/U181 is not placed. (LGL-003)
Warning: Standard cell instance u_framer/u_payload_ram/b05/U182 is not placed. (LGL-003)
Warning: Standard cell instance u_framer/u_payload_ram/b05/U183 is not placed. (LGL-003)
Warning: Standard cell instance u_framer/u_payload_ram/b05/U184 is not placed. (LGL-003)
Warning: Standard cell instance u_framer/u_payload_ram/b05/U185 is not placed. (LGL-003)
Warning: Standard cell instance u_framer/u_payload_ram/b05/U186 is not placed. (LGL-003)
Warning: Standard cell instance u_framer/u_payload_ram/b05/U187 is not placed. (LGL-003)
Warning: Standard cell instance u_framer/u_payload_ram/b05/U189 is not placed. (LGL-003)
Warning: Standard cell instance u_framer/u_payload_ram/b05/U190 is not placed. (LGL-003)
Warning: Standard cell instance u_framer/u_payload_ram/b05/U191 is not placed. (LGL-003)
Warning: Standard cell instance u_framer/u_payload_ram/b05/U192 is not placed. (LGL-003)
Warning: Standard cell instance u_framer/u_payload_ram/b05/U193 is not placed. (LGL-003)
Warning: Standard cell instance u_framer/u_payload_ram/b05/U194 is not placed. (LGL-003)
Warning: Standard cell instance u_framer/u_payload_ram/b05/U195 is not placed. (LGL-003)
Warning: Standard cell instance u_framer/u_payload_ram/b05/U196 is not placed. (LGL-003)
Warning: Standard cell instance u_framer/u_payload_ram/b05/mem_reg_0__7_ is not placed. (LGL-003)
Warning: Standard cell instance u_framer/u_payload_ram/b05/mem_reg_0__6_ is not placed. (LGL-003)
Warning: Standard cell instance u_framer/u_payload_ram/b05/mem_reg_0__5_ is not placed. (LGL-003)
Warning: Standard cell instance u_framer/u_payload_ram/b05/mem_reg_0__4_ is not placed. (LGL-003)
Warning: Standard cell instance u_framer/u_payload_ram/b05/mem_reg_0__3_ is not placed. (LGL-003)
Warning: Standard cell instance u_framer/u_payload_ram/b05/mem_reg_0__2_ is not placed. (LGL-003)
Warning: Standard cell instance u_framer/u_payload_ram/b05/mem_reg_0__1_ is not placed. (LGL-003)
Warning: Standard cell instance u_framer/u_payload_ram/b05/mem_reg_0__0_ is not placed. (LGL-003)
Warning: Standard cell instance u_framer/u_payload_ram/b05/mem_reg_1__7_ is not placed. (LGL-003)
Warning: Standard cell instance u_framer/u_payload_ram/b05/mem_reg_1__6_ is not placed. (LGL-003)
Warning: Standard cell instance u_framer/u_payload_ram/b05/mem_reg_1__5_ is not placed. (LGL-003)
Warning: Standard cell instance u_framer/u_payload_ram/b05/mem_reg_1__4_ is not placed. (LGL-003)
Warning: Standard cell instance u_framer/u_payload_ram/b05/mem_reg_1__3_ is not placed. (LGL-003)
Warning: Standard cell instance u_framer/u_payload_ram/b05/mem_reg_1__1_ is not placed. (LGL-003)
Warning: Standard cell instance u_framer/u_payload_ram/b05/mem_reg_1__0_ is not placed. (LGL-003)
Warning: Standard cell instance u_framer/u_payload_ram/b05/mem_reg_2__7_ is not placed. (LGL-003)
Warning: Standard cell instance u_framer/u_payload_ram/b05/mem_reg_2__6_ is not placed. (LGL-003)
Warning: Standard cell instance u_framer/u_payload_ram/b05/mem_reg_2__5_ is not placed. (LGL-003)
Warning: Standard cell instance u_framer/u_payload_ram/b05/mem_reg_2__4_ is not placed. (LGL-003)
Warning: Standard cell instance u_framer/u_payload_ram/b05/mem_reg_2__3_ is not placed. (LGL-003)
Warning: Standard cell instance u_framer/u_payload_ram/b05/mem_reg_2__2_ is not placed. (LGL-003)
Warning: Standard cell instance u_framer/u_payload_ram/b05/mem_reg_2__1_ is not placed. (LGL-003)
Warning: Standard cell instance u_framer/u_payload_ram/b05/mem_reg_2__0_ is not placed. (LGL-003)
Warning: Standard cell instance u_framer/u_payload_ram/b05/mem_reg_3__7_ is not placed. (LGL-003)
Warning: Standard cell instance u_framer/u_payload_ram/b05/mem_reg_3__6_ is not placed. (LGL-003)
Warning: Standard cell instance u_framer/u_payload_ram/b05/mem_reg_3__5_ is not placed. (LGL-003)
Warning: Standard cell instance u_framer/u_payload_ram/b05/mem_reg_3__4_ is not placed. (LGL-003)
Warning: Standard cell instance u_framer/u_payload_ram/b05/mem_reg_3__3_ is not placed. (LGL-003)
Warning: Standard cell instance u_framer/u_payload_ram/b05/mem_reg_3__1_ is not placed. (LGL-003)
Warning: Standard cell instance u_framer/u_payload_ram/b05/mem_reg_3__0_ is not placed. (LGL-003)
Warning: Standard cell instance u_framer/u_payload_ram/b05/mem_reg_4__7_ is not placed. (LGL-003)
Warning: Standard cell instance u_framer/u_payload_ram/b05/mem_reg_4__6_ is not placed. (LGL-003)
Warning: Standard cell instance u_framer/u_payload_ram/b05/mem_reg_4__5_ is not placed. (LGL-003)
Warning: Standard cell instance u_framer/u_payload_ram/b05/mem_reg_4__4_ is not placed. (LGL-003)
Warning: Standard cell instance u_framer/u_payload_ram/b05/mem_reg_4__3_ is not placed. (LGL-003)
Warning: Standard cell instance u_framer/u_payload_ram/b05/mem_reg_4__2_ is not placed. (LGL-003)
Warning: Standard cell instance u_framer/u_payload_ram/b05/mem_reg_4__1_ is not placed. (LGL-003)
Warning: Standard cell instance u_framer/u_payload_ram/b05/mem_reg_4__0_ is not placed. (LGL-003)
Warning: Standard cell instance u_framer/u_payload_ram/b05/mem_reg_5__7_ is not placed. (LGL-003)
Warning: Standard cell instance u_framer/u_payload_ram/b05/mem_reg_5__6_ is not placed. (LGL-003)
Warning: Standard cell instance u_framer/u_payload_ram/b05/mem_reg_5__5_ is not placed. (LGL-003)
Warning: Standard cell instance u_framer/u_payload_ram/b05/mem_reg_5__4_ is not placed. (LGL-003)
Warning: Standard cell instance u_framer/u_payload_ram/b05/mem_reg_5__3_ is not placed. (LGL-003)
Warning: Standard cell instance u_framer/u_payload_ram/b05/mem_reg_5__2_ is not placed. (LGL-003)
Warning: Standard cell instance u_framer/u_payload_ram/b05/mem_reg_5__1_ is not placed. (LGL-003)
Warning: Standard cell instance u_framer/u_payload_ram/b05/mem_reg_5__0_ is not placed. (LGL-003)
Warning: Standard cell instance u_framer/u_payload_ram/b05/mem_reg_6__7_ is not placed. (LGL-003)
Warning: Standard cell instance u_framer/u_payload_ram/b05/mem_reg_6__6_ is not placed. (LGL-003)
Warning: Standard cell instance u_framer/u_payload_ram/b05/mem_reg_6__5_ is not placed. (LGL-003)
Warning: Standard cell instance u_framer/u_payload_ram/b05/mem_reg_6__4_ is not placed. (LGL-003)
Warning: Standard cell instance u_framer/u_payload_ram/b05/mem_reg_6__3_ is not placed. (LGL-003)
Warning: Standard cell instance u_framer/u_payload_ram/b05/mem_reg_6__2_ is not placed. (LGL-003)
Warning: Standard cell instance u_framer/u_payload_ram/b05/mem_reg_6__1_ is not placed. (LGL-003)
Warning: Standard cell instance u_framer/u_payload_ram/b05/mem_reg_6__0_ is not placed. (LGL-003)
Warning: Standard cell instance u_framer/u_payload_ram/b05/mem_reg_7__7_ is not placed. (LGL-003)
Warning: Standard cell instance u_framer/u_payload_ram/b05/mem_reg_7__6_ is not placed. (LGL-003)
Warning: Standard cell instance u_framer/u_payload_ram/b05/mem_reg_7__5_ is not placed. (LGL-003)
Warning: Standard cell instance u_framer/u_payload_ram/b05/mem_reg_7__4_ is not placed. (LGL-003)
Warning: Standard cell instance u_framer/u_payload_ram/b05/mem_reg_7__3_ is not placed. (LGL-003)
Warning: Standard cell instance u_framer/u_payload_ram/b05/mem_reg_7__2_ is not placed. (LGL-003)
Warning: Standard cell instance u_framer/u_payload_ram/b05/mem_reg_7__1_ is not placed. (LGL-003)
Warning: Standard cell instance u_framer/u_payload_ram/b05/mem_reg_7__0_ is not placed. (LGL-003)
Warning: Standard cell instance u_framer/u_payload_ram/b05/mem_reg_1__2_ is not placed. (LGL-003)
Warning: Standard cell instance u_framer/u_payload_ram/b05/mem_reg_3__2_ is not placed. (LGL-003)
Warning: Standard cell instance u_framer/u_payload_ram/b05/U2 is not placed. (LGL-003)
Warning: Standard cell instance u_framer/u_payload_ram/b05/U3 is not placed. (LGL-003)
Warning: Standard cell instance u_framer/u_payload_ram/b05/U4 is not placed. (LGL-003)
Warning: Standard cell instance u_framer/u_payload_ram/b05/U5 is not placed. (LGL-003)
Warning: Standard cell instance u_framer/u_payload_ram/b05/U6 is not placed. (LGL-003)
Warning: Standard cell instance u_framer/u_payload_ram/b05/U7 is not placed. (LGL-003)
Warning: Standard cell instance u_framer/u_payload_ram/b05/U8 is not placed. (LGL-003)
Warning: Standard cell instance u_framer/u_payload_ram/b05/U9 is not placed. (LGL-003)
Warning: Standard cell instance u_framer/u_payload_ram/b05/U10 is not placed. (LGL-003)
Warning: Standard cell instance u_framer/u_payload_ram/b05/U11 is not placed. (LGL-003)
Warning: Standard cell instance u_framer/u_payload_ram/b05/U12 is not placed. (LGL-003)
Warning: Standard cell instance u_framer/u_payload_ram/b05/U13 is not placed. (LGL-003)
Warning: Standard cell instance u_framer/u_payload_ram/b05/U14 is not placed. (LGL-003)
Warning: Standard cell instance u_framer/u_payload_ram/b05/U15 is not placed. (LGL-003)
Warning: Standard cell instance u_framer/u_payload_ram/b05/U16 is not placed. (LGL-003)
Warning: Standard cell instance u_framer/u_payload_ram/b05/U17 is not placed. (LGL-003)
Warning: Standard cell instance u_framer/u_payload_ram/b05/U18 is not placed. (LGL-003)
Warning: Standard cell instance u_framer/u_payload_ram/b05/U19 is not placed. (LGL-003)
Warning: Standard cell instance u_framer/u_payload_ram/b05/U20 is not placed. (LGL-003)
Warning: Standard cell instance u_framer/u_payload_ram/b05/U21 is not placed. (LGL-003)
Warning: Standard cell instance u_framer/u_payload_ram/b05/U22 is not placed. (LGL-003)
Warning: Standard cell instance u_framer/u_payload_ram/b05/U23 is not placed. (LGL-003)
Warning: Standard cell instance u_framer/u_payload_ram/b05/U24 is not placed. (LGL-003)
Warning: Standard cell instance u_framer/u_payload_ram/b05/U25 is not placed. (LGL-003)
Warning: Standard cell instance u_framer/u_payload_ram/b05/U26 is not placed. (LGL-003)
Warning: Standard cell instance u_framer/u_payload_ram/b05/U27 is not placed. (LGL-003)
Warning: Standard cell instance u_framer/u_payload_ram/b05/U28 is not placed. (LGL-003)
Warning: Standard cell instance u_framer/u_payload_ram/b05/U29 is not placed. (LGL-003)
Warning: Standard cell instance u_framer/u_payload_ram/b05/U30 is not placed. (LGL-003)
Warning: Standard cell instance u_framer/u_payload_ram/b05/U31 is not placed. (LGL-003)
Warning: Standard cell instance u_framer/u_payload_ram/b05/U32 is not placed. (LGL-003)
Warning: Standard cell instance u_framer/u_payload_ram/b05/U33 is not placed. (LGL-003)
Warning: Standard cell instance u_framer/u_payload_ram/b05/U34 is not placed. (LGL-003)
Warning: Standard cell instance u_framer/u_payload_ram/b05/U35 is not placed. (LGL-003)
Warning: Standard cell instance u_framer/u_payload_ram/b05/U36 is not placed. (LGL-003)
Warning: Standard cell instance u_framer/u_payload_ram/b05/U37 is not placed. (LGL-003)
Warning: Standard cell instance u_framer/u_payload_ram/b05/U38 is not placed. (LGL-003)
Warning: Standard cell instance u_framer/u_payload_ram/b05/U39 is not placed. (LGL-003)
Warning: Standard cell instance u_framer/u_payload_ram/b05/U40 is not placed. (LGL-003)
Warning: Standard cell instance u_framer/u_payload_ram/b05/U41 is not placed. (LGL-003)
Warning: Standard cell instance u_framer/u_payload_ram/b05/U42 is not placed. (LGL-003)
Warning: Standard cell instance u_framer/u_payload_ram/b05/U43 is not placed. (LGL-003)
Warning: Standard cell instance u_framer/u_payload_ram/b05/U44 is not placed. (LGL-003)
Warning: Standard cell instance u_framer/u_payload_ram/b05/U45 is not placed. (LGL-003)
Warning: Standard cell instance u_framer/u_payload_ram/b05/U46 is not placed. (LGL-003)
Warning: Standard cell instance u_framer/u_payload_ram/b05/U47 is not placed. (LGL-003)
Warning: Standard cell instance u_framer/u_payload_ram/b05/U48 is not placed. (LGL-003)
Warning: Standard cell instance u_framer/u_payload_ram/b05/U49 is not placed. (LGL-003)
Warning: Standard cell instance u_framer/u_payload_ram/b05/U50 is not placed. (LGL-003)
Warning: Standard cell instance u_framer/u_payload_ram/b05/U51 is not placed. (LGL-003)
Warning: Standard cell instance u_framer/u_payload_ram/b05/U52 is not placed. (LGL-003)
Warning: Standard cell instance u_framer/u_payload_ram/b05/U53 is not placed. (LGL-003)
Warning: Standard cell instance u_framer/u_payload_ram/b05/U54 is not placed. (LGL-003)
Warning: Standard cell instance u_framer/u_payload_ram/b05/U55 is not placed. (LGL-003)
Warning: Standard cell instance u_framer/u_payload_ram/b05/U56 is not placed. (LGL-003)
Warning: Standard cell instance u_framer/u_payload_ram/b05/U57 is not placed. (LGL-003)
Warning: Standard cell instance u_framer/u_payload_ram/b05/U58 is not placed. (LGL-003)
Warning: Standard cell instance u_framer/u_payload_ram/b05/U59 is not placed. (LGL-003)
Warning: Standard cell instance u_framer/u_payload_ram/b05/U60 is not placed. (LGL-003)
Warning: Standard cell instance u_framer/u_payload_ram/b05/U61 is not placed. (LGL-003)
Warning: Standard cell instance u_framer/u_payload_ram/b05/U62 is not placed. (LGL-003)
Warning: Standard cell instance u_framer/u_payload_ram/b05/U63 is not placed. (LGL-003)
Warning: Standard cell instance u_framer/u_payload_ram/b05/U64 is not placed. (LGL-003)
Warning: Standard cell instance u_framer/u_payload_ram/b05/U65 is not placed. (LGL-003)
Warning: Standard cell instance u_framer/u_payload_ram/b05/U66 is not placed. (LGL-003)
Warning: Standard cell instance u_framer/u_payload_ram/b05/U67 is not placed. (LGL-003)
Warning: Standard cell instance u_framer/u_payload_ram/b05/U68 is not placed. (LGL-003)
Warning: Standard cell instance u_framer/u_payload_ram/b05/U69 is not placed. (LGL-003)
Warning: Standard cell instance u_framer/u_payload_ram/b05/U70 is not placed. (LGL-003)
Warning: Standard cell instance u_framer/u_payload_ram/b05/U71 is not placed. (LGL-003)
Warning: Standard cell instance u_framer/u_payload_ram/b05/U72 is not placed. (LGL-003)
Warning: Standard cell instance u_framer/u_payload_ram/b05/U73 is not placed. (LGL-003)
Warning: Standard cell instance u_framer/u_payload_ram/b05/U74 is not placed. (LGL-003)
Warning: Standard cell instance u_framer/u_payload_ram/b05/U75 is not placed. (LGL-003)
Warning: Standard cell instance u_framer/u_payload_ram/b05/U76 is not placed. (LGL-003)
Warning: Standard cell instance u_framer/u_payload_ram/b05/U77 is not placed. (LGL-003)
Warning: Standard cell instance u_framer/u_payload_ram/b05/U78 is not placed. (LGL-003)
Warning: Standard cell instance u_framer/u_payload_ram/b05/U307 is not placed. (LGL-003)
Warning: Standard cell instance u_framer/u_payload_ram/b05/U308 is not placed. (LGL-003)
Warning: Standard cell instance u_framer/u_payload_ram/b05/U309 is not placed. (LGL-003)
Warning: Standard cell instance u_framer/u_payload_ram/b05/U310 is not placed. (LGL-003)
Warning: Standard cell instance u_framer/u_payload_ram/b05/U311 is not placed. (LGL-003)
Warning: Standard cell instance u_framer/u_payload_ram/b06/U85 is not placed. (LGL-003)
Warning: Standard cell instance u_framer/u_payload_ram/b06/U86 is not placed. (LGL-003)
Warning: Standard cell instance u_framer/u_payload_ram/b06/U87 is not placed. (LGL-003)
Warning: Standard cell instance u_framer/u_payload_ram/b06/U88 is not placed. (LGL-003)
Warning: Standard cell instance u_framer/u_payload_ram/b06/U89 is not placed. (LGL-003)
Warning: Standard cell instance u_framer/u_payload_ram/b06/U90 is not placed. (LGL-003)
Warning: Standard cell instance u_framer/u_payload_ram/b06/U91 is not placed. (LGL-003)
Warning: Standard cell instance u_framer/u_payload_ram/b06/U92 is not placed. (LGL-003)
Warning: Standard cell instance u_framer/u_payload_ram/b06/U93 is not placed. (LGL-003)
Warning: Standard cell instance u_framer/u_payload_ram/b06/U94 is not placed. (LGL-003)
Warning: Standard cell instance u_framer/u_payload_ram/b06/U95 is not placed. (LGL-003)
Warning: Standard cell instance u_framer/u_payload_ram/b06/U96 is not placed. (LGL-003)
Warning: Standard cell instance u_framer/u_payload_ram/b06/U97 is not placed. (LGL-003)
Warning: Standard cell instance u_framer/u_payload_ram/b06/U98 is not placed. (LGL-003)
Warning: Standard cell instance u_framer/u_payload_ram/b06/U99 is not placed. (LGL-003)
Warning: Standard cell instance u_framer/u_payload_ram/b06/U100 is not placed. (LGL-003)
Warning: Standard cell instance u_framer/u_payload_ram/b06/U101 is not placed. (LGL-003)
Warning: Standard cell instance u_framer/u_payload_ram/b06/U102 is not placed. (LGL-003)
Warning: Standard cell instance u_framer/u_payload_ram/b06/U103 is not placed. (LGL-003)
Warning: Standard cell instance u_framer/u_payload_ram/b06/U104 is not placed. (LGL-003)
Warning: Standard cell instance u_framer/u_payload_ram/b06/U105 is not placed. (LGL-003)
Warning: Standard cell instance u_framer/u_payload_ram/b06/U106 is not placed. (LGL-003)
Warning: Standard cell instance u_framer/u_payload_ram/b06/U107 is not placed. (LGL-003)
Warning: Standard cell instance u_framer/u_payload_ram/b06/U108 is not placed. (LGL-003)
Warning: Standard cell instance u_framer/u_payload_ram/b06/U109 is not placed. (LGL-003)
Warning: Standard cell instance u_framer/u_payload_ram/b06/U110 is not placed. (LGL-003)
Warning: Standard cell instance u_framer/u_payload_ram/b06/U111 is not placed. (LGL-003)
Warning: Standard cell instance u_framer/u_payload_ram/b06/U112 is not placed. (LGL-003)
Warning: Standard cell instance u_framer/u_payload_ram/b06/U113 is not placed. (LGL-003)
Warning: Standard cell instance u_framer/u_payload_ram/b06/U114 is not placed. (LGL-003)
Warning: Standard cell instance u_framer/u_payload_ram/b06/U115 is not placed. (LGL-003)
Warning: Standard cell instance u_framer/u_payload_ram/b06/U116 is not placed. (LGL-003)
Warning: Standard cell instance u_framer/u_payload_ram/b06/U117 is not placed. (LGL-003)
Warning: Standard cell instance u_framer/u_payload_ram/b06/U118 is not placed. (LGL-003)
Warning: Standard cell instance u_framer/u_payload_ram/b06/U119 is not placed. (LGL-003)
Warning: Standard cell instance u_framer/u_payload_ram/b06/U120 is not placed. (LGL-003)
Warning: Standard cell instance u_framer/u_payload_ram/b06/U121 is not placed. (LGL-003)
Warning: Standard cell instance u_framer/u_payload_ram/b06/U122 is not placed. (LGL-003)
Warning: Standard cell instance u_framer/u_payload_ram/b06/U123 is not placed. (LGL-003)
Warning: Standard cell instance u_framer/u_payload_ram/b06/U124 is not placed. (LGL-003)
Warning: Standard cell instance u_framer/u_payload_ram/b06/U125 is not placed. (LGL-003)
Warning: Standard cell instance u_framer/u_payload_ram/b06/U126 is not placed. (LGL-003)
Warning: Standard cell instance u_framer/u_payload_ram/b06/U127 is not placed. (LGL-003)
Warning: Standard cell instance u_framer/u_payload_ram/b06/U128 is not placed. (LGL-003)
Warning: Standard cell instance u_framer/u_payload_ram/b06/U129 is not placed. (LGL-003)
Warning: Standard cell instance u_framer/u_payload_ram/b06/U130 is not placed. (LGL-003)
Warning: Standard cell instance u_framer/u_payload_ram/b06/U131 is not placed. (LGL-003)
Warning: Standard cell instance u_framer/u_payload_ram/b06/U132 is not placed. (LGL-003)
Warning: Standard cell instance u_framer/u_payload_ram/b06/U135 is not placed. (LGL-003)
Warning: Standard cell instance u_framer/u_payload_ram/b06/U137 is not placed. (LGL-003)
Warning: Standard cell instance u_framer/u_payload_ram/b06/U138 is not placed. (LGL-003)
Warning: Standard cell instance u_framer/u_payload_ram/b06/U139 is not placed. (LGL-003)
Warning: Standard cell instance u_framer/u_payload_ram/b06/U140 is not placed. (LGL-003)
Warning: Standard cell instance u_framer/u_payload_ram/b06/U141 is not placed. (LGL-003)
Warning: Standard cell instance u_framer/u_payload_ram/b06/U143 is not placed. (LGL-003)
Warning: Standard cell instance u_framer/u_payload_ram/b06/U144 is not placed. (LGL-003)
Warning: Standard cell instance u_framer/u_payload_ram/b06/U145 is not placed. (LGL-003)
Warning: Standard cell instance u_framer/u_payload_ram/b06/U146 is not placed. (LGL-003)
Warning: Standard cell instance u_framer/u_payload_ram/b06/U147 is not placed. (LGL-003)
Warning: Standard cell instance u_framer/u_payload_ram/b06/U148 is not placed. (LGL-003)
Warning: Standard cell instance u_framer/u_payload_ram/b06/U149 is not placed. (LGL-003)
Warning: Standard cell instance u_framer/u_payload_ram/b06/U150 is not placed. (LGL-003)
Warning: Standard cell instance u_framer/u_payload_ram/b06/U152 is not placed. (LGL-003)
Warning: Standard cell instance u_framer/u_payload_ram/b06/U153 is not placed. (LGL-003)
Warning: Standard cell instance u_framer/u_payload_ram/b06/U154 is not placed. (LGL-003)
Warning: Standard cell instance u_framer/u_payload_ram/b06/U155 is not placed. (LGL-003)
Warning: Standard cell instance u_framer/u_payload_ram/b06/U156 is not placed. (LGL-003)
Warning: Standard cell instance u_framer/u_payload_ram/b06/U157 is not placed. (LGL-003)
Warning: Standard cell instance u_framer/u_payload_ram/b06/U158 is not placed. (LGL-003)
Warning: Standard cell instance u_framer/u_payload_ram/b06/U159 is not placed. (LGL-003)
Warning: Standard cell instance u_framer/u_payload_ram/b06/U162 is not placed. (LGL-003)
Warning: Standard cell instance u_framer/u_payload_ram/b06/U163 is not placed. (LGL-003)
Warning: Standard cell instance u_framer/u_payload_ram/b06/U164 is not placed. (LGL-003)
Warning: Standard cell instance u_framer/u_payload_ram/b06/U165 is not placed. (LGL-003)
Warning: Standard cell instance u_framer/u_payload_ram/b06/U166 is not placed. (LGL-003)
Warning: Standard cell instance u_framer/u_payload_ram/b06/U167 is not placed. (LGL-003)
Warning: Standard cell instance u_framer/u_payload_ram/b06/U168 is not placed. (LGL-003)
Warning: Standard cell instance u_framer/u_payload_ram/b06/U169 is not placed. (LGL-003)
Warning: Standard cell instance u_framer/u_payload_ram/b06/U171 is not placed. (LGL-003)
Warning: Standard cell instance u_framer/u_payload_ram/b06/U172 is not placed. (LGL-003)
Warning: Standard cell instance u_framer/u_payload_ram/b06/U173 is not placed. (LGL-003)
Warning: Standard cell instance u_framer/u_payload_ram/b06/U174 is not placed. (LGL-003)
Warning: Standard cell instance u_framer/u_payload_ram/b06/U175 is not placed. (LGL-003)
Warning: Standard cell instance u_framer/u_payload_ram/b06/U176 is not placed. (LGL-003)
Warning: Standard cell instance u_framer/u_payload_ram/b06/U177 is not placed. (LGL-003)
Warning: Standard cell instance u_framer/u_payload_ram/b06/U178 is not placed. (LGL-003)
Warning: Standard cell instance u_framer/u_payload_ram/b06/U180 is not placed. (LGL-003)
Warning: Standard cell instance u_framer/u_payload_ram/b06/U181 is not placed. (LGL-003)
Warning: Standard cell instance u_framer/u_payload_ram/b06/U182 is not placed. (LGL-003)
Warning: Standard cell instance u_framer/u_payload_ram/b06/U183 is not placed. (LGL-003)
Warning: Standard cell instance u_framer/u_payload_ram/b06/U184 is not placed. (LGL-003)
Warning: Standard cell instance u_framer/u_payload_ram/b06/U185 is not placed. (LGL-003)
Warning: Standard cell instance u_framer/u_payload_ram/b06/U186 is not placed. (LGL-003)
Warning: Standard cell instance u_framer/u_payload_ram/b06/U187 is not placed. (LGL-003)
Warning: Standard cell instance u_framer/u_payload_ram/b06/U189 is not placed. (LGL-003)
Warning: Standard cell instance u_framer/u_payload_ram/b06/U190 is not placed. (LGL-003)
Warning: Standard cell instance u_framer/u_payload_ram/b06/U191 is not placed. (LGL-003)
Warning: Standard cell instance u_framer/u_payload_ram/b06/U193 is not placed. (LGL-003)
Warning: Standard cell instance u_framer/u_payload_ram/b06/U194 is not placed. (LGL-003)
Warning: Standard cell instance u_framer/u_payload_ram/b06/U195 is not placed. (LGL-003)
Warning: Standard cell instance u_framer/u_payload_ram/b06/U196 is not placed. (LGL-003)
Warning: Standard cell instance u_framer/u_payload_ram/b06/mem_reg_0__7_ is not placed. (LGL-003)
Warning: Standard cell instance u_framer/u_payload_ram/b06/mem_reg_0__6_ is not placed. (LGL-003)
Warning: Standard cell instance u_framer/u_payload_ram/b06/mem_reg_0__5_ is not placed. (LGL-003)
Warning: Standard cell instance u_framer/u_payload_ram/b06/mem_reg_0__4_ is not placed. (LGL-003)
Warning: Standard cell instance u_framer/u_payload_ram/b06/mem_reg_0__3_ is not placed. (LGL-003)
Warning: Standard cell instance u_framer/u_payload_ram/b06/mem_reg_0__2_ is not placed. (LGL-003)
Warning: Standard cell instance u_framer/u_payload_ram/b06/mem_reg_0__1_ is not placed. (LGL-003)
Warning: Standard cell instance u_framer/u_payload_ram/b06/mem_reg_0__0_ is not placed. (LGL-003)
Warning: Standard cell instance u_framer/u_payload_ram/b06/mem_reg_1__7_ is not placed. (LGL-003)
Warning: Standard cell instance u_framer/u_payload_ram/b06/mem_reg_1__6_ is not placed. (LGL-003)
Warning: Standard cell instance u_framer/u_payload_ram/b06/mem_reg_1__5_ is not placed. (LGL-003)
Warning: Standard cell instance u_framer/u_payload_ram/b06/mem_reg_1__4_ is not placed. (LGL-003)
Warning: Standard cell instance u_framer/u_payload_ram/b06/mem_reg_1__3_ is not placed. (LGL-003)
Warning: Standard cell instance u_framer/u_payload_ram/b06/mem_reg_1__2_ is not placed. (LGL-003)
Warning: Standard cell instance u_framer/u_payload_ram/b06/mem_reg_1__1_ is not placed. (LGL-003)
Warning: Standard cell instance u_framer/u_payload_ram/b06/mem_reg_1__0_ is not placed. (LGL-003)
Warning: Standard cell instance u_framer/u_payload_ram/b06/mem_reg_2__7_ is not placed. (LGL-003)
Warning: Standard cell instance u_framer/u_payload_ram/b06/mem_reg_2__6_ is not placed. (LGL-003)
Warning: Standard cell instance u_framer/u_payload_ram/b06/mem_reg_2__5_ is not placed. (LGL-003)
Warning: Standard cell instance u_framer/u_payload_ram/b06/mem_reg_2__4_ is not placed. (LGL-003)
Warning: Standard cell instance u_framer/u_payload_ram/b06/mem_reg_2__3_ is not placed. (LGL-003)
Warning: Standard cell instance u_framer/u_payload_ram/b06/mem_reg_2__2_ is not placed. (LGL-003)
Warning: Standard cell instance u_framer/u_payload_ram/b06/mem_reg_2__1_ is not placed. (LGL-003)
Warning: Standard cell instance u_framer/u_payload_ram/b06/mem_reg_2__0_ is not placed. (LGL-003)
Warning: Standard cell instance u_framer/u_payload_ram/b06/mem_reg_3__7_ is not placed. (LGL-003)
Warning: Standard cell instance u_framer/u_payload_ram/b06/mem_reg_3__6_ is not placed. (LGL-003)
Warning: Standard cell instance u_framer/u_payload_ram/b06/mem_reg_3__5_ is not placed. (LGL-003)
Warning: Standard cell instance u_framer/u_payload_ram/b06/mem_reg_3__4_ is not placed. (LGL-003)
Warning: Standard cell instance u_framer/u_payload_ram/b06/mem_reg_3__3_ is not placed. (LGL-003)
Warning: Standard cell instance u_framer/u_payload_ram/b06/mem_reg_3__2_ is not placed. (LGL-003)
Warning: Standard cell instance u_framer/u_payload_ram/b06/mem_reg_3__1_ is not placed. (LGL-003)
Warning: Standard cell instance u_framer/u_payload_ram/b06/mem_reg_3__0_ is not placed. (LGL-003)
Warning: Standard cell instance u_framer/u_payload_ram/b06/mem_reg_4__7_ is not placed. (LGL-003)
Warning: Standard cell instance u_framer/u_payload_ram/b06/mem_reg_4__6_ is not placed. (LGL-003)
Warning: Standard cell instance u_framer/u_payload_ram/b06/mem_reg_4__5_ is not placed. (LGL-003)
Warning: Standard cell instance u_framer/u_payload_ram/b06/mem_reg_4__4_ is not placed. (LGL-003)
Warning: Standard cell instance u_framer/u_payload_ram/b06/mem_reg_4__3_ is not placed. (LGL-003)
Warning: Standard cell instance u_framer/u_payload_ram/b06/mem_reg_4__2_ is not placed. (LGL-003)
Warning: Standard cell instance u_framer/u_payload_ram/b06/mem_reg_4__1_ is not placed. (LGL-003)
Warning: Standard cell instance u_framer/u_payload_ram/b06/mem_reg_4__0_ is not placed. (LGL-003)
Warning: Standard cell instance u_framer/u_payload_ram/b06/mem_reg_5__7_ is not placed. (LGL-003)
Warning: Standard cell instance u_framer/u_payload_ram/b06/mem_reg_5__6_ is not placed. (LGL-003)
Warning: Standard cell instance u_framer/u_payload_ram/b06/mem_reg_5__5_ is not placed. (LGL-003)
Warning: Standard cell instance u_framer/u_payload_ram/b06/mem_reg_5__4_ is not placed. (LGL-003)
Warning: Standard cell instance u_framer/u_payload_ram/b06/mem_reg_5__3_ is not placed. (LGL-003)
Warning: Standard cell instance u_framer/u_payload_ram/b06/mem_reg_5__2_ is not placed. (LGL-003)
Warning: Standard cell instance u_framer/u_payload_ram/b06/mem_reg_5__1_ is not placed. (LGL-003)
Warning: Standard cell instance u_framer/u_payload_ram/b06/mem_reg_5__0_ is not placed. (LGL-003)
Warning: Standard cell instance u_framer/u_payload_ram/b06/mem_reg_6__7_ is not placed. (LGL-003)
Warning: Standard cell instance u_framer/u_payload_ram/b06/mem_reg_6__6_ is not placed. (LGL-003)
Warning: Standard cell instance u_framer/u_payload_ram/b06/mem_reg_6__5_ is not placed. (LGL-003)
Warning: Standard cell instance u_framer/u_payload_ram/b06/mem_reg_6__4_ is not placed. (LGL-003)
Warning: Standard cell instance u_framer/u_payload_ram/b06/mem_reg_6__3_ is not placed. (LGL-003)
Warning: Standard cell instance u_framer/u_payload_ram/b06/mem_reg_6__2_ is not placed. (LGL-003)
Warning: Standard cell instance u_framer/u_payload_ram/b06/mem_reg_6__1_ is not placed. (LGL-003)
Warning: Standard cell instance u_framer/u_payload_ram/b06/mem_reg_6__0_ is not placed. (LGL-003)
Warning: Standard cell instance u_framer/u_payload_ram/b06/mem_reg_7__7_ is not placed. (LGL-003)
Warning: Standard cell instance u_framer/u_payload_ram/b06/mem_reg_7__6_ is not placed. (LGL-003)
Warning: Standard cell instance u_framer/u_payload_ram/b06/mem_reg_7__5_ is not placed. (LGL-003)
Warning: Standard cell instance u_framer/u_payload_ram/b06/mem_reg_7__4_ is not placed. (LGL-003)
Warning: Standard cell instance u_framer/u_payload_ram/b06/mem_reg_7__3_ is not placed. (LGL-003)
Warning: Standard cell instance u_framer/u_payload_ram/b06/mem_reg_7__2_ is not placed. (LGL-003)
Warning: Standard cell instance u_framer/u_payload_ram/b06/mem_reg_7__1_ is not placed. (LGL-003)
Warning: Standard cell instance u_framer/u_payload_ram/b06/mem_reg_7__0_ is not placed. (LGL-003)
Warning: Standard cell instance u_framer/u_payload_ram/b06/U192 is not placed. (LGL-003)
Warning: Standard cell instance u_framer/u_payload_ram/b06/U2 is not placed. (LGL-003)
Warning: Standard cell instance u_framer/u_payload_ram/b06/U3 is not placed. (LGL-003)
Warning: Standard cell instance u_framer/u_payload_ram/b06/U4 is not placed. (LGL-003)
Warning: Standard cell instance u_framer/u_payload_ram/b06/U5 is not placed. (LGL-003)
Warning: Standard cell instance u_framer/u_payload_ram/b06/U6 is not placed. (LGL-003)
Warning: Standard cell instance u_framer/u_payload_ram/b06/U7 is not placed. (LGL-003)
Warning: Standard cell instance u_framer/u_payload_ram/b06/U8 is not placed. (LGL-003)
Warning: Standard cell instance u_framer/u_payload_ram/b06/U9 is not placed. (LGL-003)
Warning: Standard cell instance u_framer/u_payload_ram/b06/U10 is not placed. (LGL-003)
Warning: Standard cell instance u_framer/u_payload_ram/b06/U11 is not placed. (LGL-003)
Warning: Standard cell instance u_framer/u_payload_ram/b06/U12 is not placed. (LGL-003)
Warning: Standard cell instance u_framer/u_payload_ram/b06/U13 is not placed. (LGL-003)
Warning: Standard cell instance u_framer/u_payload_ram/b06/U14 is not placed. (LGL-003)
Warning: Standard cell instance u_framer/u_payload_ram/b06/U15 is not placed. (LGL-003)
Warning: Standard cell instance u_framer/u_payload_ram/b06/U16 is not placed. (LGL-003)
Warning: Standard cell instance u_framer/u_payload_ram/b06/U17 is not placed. (LGL-003)
Warning: Standard cell instance u_framer/u_payload_ram/b06/U18 is not placed. (LGL-003)
Warning: Standard cell instance u_framer/u_payload_ram/b06/U19 is not placed. (LGL-003)
Warning: Standard cell instance u_framer/u_payload_ram/b06/U20 is not placed. (LGL-003)
Warning: Standard cell instance u_framer/u_payload_ram/b06/U21 is not placed. (LGL-003)
Warning: Standard cell instance u_framer/u_payload_ram/b06/U22 is not placed. (LGL-003)
Warning: Standard cell instance u_framer/u_payload_ram/b06/U23 is not placed. (LGL-003)
Warning: Standard cell instance u_framer/u_payload_ram/b06/U24 is not placed. (LGL-003)
Warning: Standard cell instance u_framer/u_payload_ram/b06/U25 is not placed. (LGL-003)
Warning: Standard cell instance u_framer/u_payload_ram/b06/U26 is not placed. (LGL-003)
Warning: Standard cell instance u_framer/u_payload_ram/b06/U27 is not placed. (LGL-003)
Warning: Standard cell instance u_framer/u_payload_ram/b06/U28 is not placed. (LGL-003)
Warning: Standard cell instance u_framer/u_payload_ram/b06/U29 is not placed. (LGL-003)
Warning: Standard cell instance u_framer/u_payload_ram/b06/U30 is not placed. (LGL-003)
Warning: Standard cell instance u_framer/u_payload_ram/b06/U31 is not placed. (LGL-003)
Warning: Standard cell instance u_framer/u_payload_ram/b06/U32 is not placed. (LGL-003)
Warning: Standard cell instance u_framer/u_payload_ram/b06/U33 is not placed. (LGL-003)
Warning: Standard cell instance u_framer/u_payload_ram/b06/U34 is not placed. (LGL-003)
Warning: Standard cell instance u_framer/u_payload_ram/b06/U35 is not placed. (LGL-003)
Warning: Standard cell instance u_framer/u_payload_ram/b06/U36 is not placed. (LGL-003)
Warning: Standard cell instance u_framer/u_payload_ram/b06/U37 is not placed. (LGL-003)
Warning: Standard cell instance u_framer/u_payload_ram/b06/U38 is not placed. (LGL-003)
Warning: Standard cell instance u_framer/u_payload_ram/b06/U39 is not placed. (LGL-003)
Warning: Standard cell instance u_framer/u_payload_ram/b06/U40 is not placed. (LGL-003)
Warning: Standard cell instance u_framer/u_payload_ram/b06/U41 is not placed. (LGL-003)
Warning: Standard cell instance u_framer/u_payload_ram/b06/U42 is not placed. (LGL-003)
Warning: Standard cell instance u_framer/u_payload_ram/b06/U43 is not placed. (LGL-003)
Warning: Standard cell instance u_framer/u_payload_ram/b06/U44 is not placed. (LGL-003)
Warning: Standard cell instance u_framer/u_payload_ram/b06/U45 is not placed. (LGL-003)
Warning: Standard cell instance u_framer/u_payload_ram/b06/U46 is not placed. (LGL-003)
Warning: Standard cell instance u_framer/u_payload_ram/b06/U47 is not placed. (LGL-003)
Warning: Standard cell instance u_framer/u_payload_ram/b06/U48 is not placed. (LGL-003)
Warning: Standard cell instance u_framer/u_payload_ram/b06/U49 is not placed. (LGL-003)
Warning: Standard cell instance u_framer/u_payload_ram/b06/U50 is not placed. (LGL-003)
Warning: Standard cell instance u_framer/u_payload_ram/b06/U51 is not placed. (LGL-003)
Warning: Standard cell instance u_framer/u_payload_ram/b06/U52 is not placed. (LGL-003)
Warning: Standard cell instance u_framer/u_payload_ram/b06/U53 is not placed. (LGL-003)
Warning: Standard cell instance u_framer/u_payload_ram/b06/U54 is not placed. (LGL-003)
Warning: Standard cell instance u_framer/u_payload_ram/b06/U55 is not placed. (LGL-003)
Warning: Standard cell instance u_framer/u_payload_ram/b06/U56 is not placed. (LGL-003)
Warning: Standard cell instance u_framer/u_payload_ram/b06/U57 is not placed. (LGL-003)
Warning: Standard cell instance u_framer/u_payload_ram/b06/U58 is not placed. (LGL-003)
Warning: Standard cell instance u_framer/u_payload_ram/b06/U59 is not placed. (LGL-003)
Warning: Standard cell instance u_framer/u_payload_ram/b06/U60 is not placed. (LGL-003)
Warning: Standard cell instance u_framer/u_payload_ram/b06/U61 is not placed. (LGL-003)
Warning: Standard cell instance u_framer/u_payload_ram/b06/U62 is not placed. (LGL-003)
Warning: Standard cell instance u_framer/u_payload_ram/b06/U63 is not placed. (LGL-003)
Warning: Standard cell instance u_framer/u_payload_ram/b06/U64 is not placed. (LGL-003)
Warning: Standard cell instance u_framer/u_payload_ram/b06/U65 is not placed. (LGL-003)
Warning: Standard cell instance u_framer/u_payload_ram/b06/U66 is not placed. (LGL-003)
Warning: Standard cell instance u_framer/u_payload_ram/b06/U67 is not placed. (LGL-003)
Warning: Standard cell instance u_framer/u_payload_ram/b06/U68 is not placed. (LGL-003)
Warning: Standard cell instance u_framer/u_payload_ram/b06/U69 is not placed. (LGL-003)
Warning: Standard cell instance u_framer/u_payload_ram/b06/U70 is not placed. (LGL-003)
Warning: Standard cell instance u_framer/u_payload_ram/b06/U71 is not placed. (LGL-003)
Warning: Standard cell instance u_framer/u_payload_ram/b06/U72 is not placed. (LGL-003)
Warning: Standard cell instance u_framer/u_payload_ram/b06/U73 is not placed. (LGL-003)
Warning: Standard cell instance u_framer/u_payload_ram/b06/U74 is not placed. (LGL-003)
Warning: Standard cell instance u_framer/u_payload_ram/b06/U75 is not placed. (LGL-003)
Warning: Standard cell instance u_framer/u_payload_ram/b06/U76 is not placed. (LGL-003)
Warning: Standard cell instance u_framer/u_payload_ram/b06/U77 is not placed. (LGL-003)
Warning: Standard cell instance u_framer/u_payload_ram/b06/U78 is not placed. (LGL-003)
Warning: Standard cell instance u_framer/u_payload_ram/b06/U79 is not placed. (LGL-003)
Warning: Standard cell instance u_framer/u_payload_ram/b06/U80 is not placed. (LGL-003)
Warning: Standard cell instance u_framer/u_payload_ram/b06/U81 is not placed. (LGL-003)
Warning: Standard cell instance u_framer/u_payload_ram/b06/U82 is not placed. (LGL-003)
Warning: Standard cell instance u_framer/u_payload_ram/b06/U83 is not placed. (LGL-003)
Warning: Standard cell instance u_framer/u_payload_ram/b06/U84 is not placed. (LGL-003)
Warning: Standard cell instance u_framer/u_payload_ram/b06/U133 is not placed. (LGL-003)
Warning: Standard cell instance u_framer/u_payload_ram/b06/U134 is not placed. (LGL-003)
Warning: Standard cell instance u_framer/u_payload_ram/b06/U317 is not placed. (LGL-003)
Warning: Standard cell instance u_framer/u_payload_ram/b06/U318 is not placed. (LGL-003)
Warning: Standard cell instance u_framer/u_payload_ram/b06/U319 is not placed. (LGL-003)
Warning: Standard cell instance u_framer/u_payload_ram/b06/U320 is not placed. (LGL-003)
Warning: Standard cell instance u_framer/u_payload_ram/b06/U321 is not placed. (LGL-003)
Warning: Standard cell instance u_framer/u_payload_ram/b06/U322 is not placed. (LGL-003)
Warning: Standard cell instance u_framer/u_payload_ram/b07/U85 is not placed. (LGL-003)
Warning: Standard cell instance u_framer/u_payload_ram/b07/U86 is not placed. (LGL-003)
Warning: Standard cell instance u_framer/u_payload_ram/b07/U87 is not placed. (LGL-003)
Warning: Standard cell instance u_framer/u_payload_ram/b07/U88 is not placed. (LGL-003)
Warning: Standard cell instance u_framer/u_payload_ram/b07/U89 is not placed. (LGL-003)
Warning: Standard cell instance u_framer/u_payload_ram/b07/U90 is not placed. (LGL-003)
Warning: Standard cell instance u_framer/u_payload_ram/b07/U91 is not placed. (LGL-003)
Warning: Standard cell instance u_framer/u_payload_ram/b07/U92 is not placed. (LGL-003)
Warning: Standard cell instance u_framer/u_payload_ram/b07/U93 is not placed. (LGL-003)
Warning: Standard cell instance u_framer/u_payload_ram/b07/U94 is not placed. (LGL-003)
Warning: Standard cell instance u_framer/u_payload_ram/b07/U95 is not placed. (LGL-003)
Warning: Standard cell instance u_framer/u_payload_ram/b07/U96 is not placed. (LGL-003)
Warning: Standard cell instance u_framer/u_payload_ram/b07/U97 is not placed. (LGL-003)
Warning: Standard cell instance u_framer/u_payload_ram/b07/U98 is not placed. (LGL-003)
Warning: Standard cell instance u_framer/u_payload_ram/b07/U99 is not placed. (LGL-003)
Warning: Standard cell instance u_framer/u_payload_ram/b07/U100 is not placed. (LGL-003)
Warning: Standard cell instance u_framer/u_payload_ram/b07/U101 is not placed. (LGL-003)
Warning: Standard cell instance u_framer/u_payload_ram/b07/U102 is not placed. (LGL-003)
Warning: Standard cell instance u_framer/u_payload_ram/b07/U103 is not placed. (LGL-003)
Warning: Standard cell instance u_framer/u_payload_ram/b07/U104 is not placed. (LGL-003)
Warning: Standard cell instance u_framer/u_payload_ram/b07/U105 is not placed. (LGL-003)
Warning: Standard cell instance u_framer/u_payload_ram/b07/U106 is not placed. (LGL-003)
Warning: Standard cell instance u_framer/u_payload_ram/b07/U107 is not placed. (LGL-003)
Warning: Standard cell instance u_framer/u_payload_ram/b07/U108 is not placed. (LGL-003)
Warning: Standard cell instance u_framer/u_payload_ram/b07/U109 is not placed. (LGL-003)
Warning: Standard cell instance u_framer/u_payload_ram/b07/U110 is not placed. (LGL-003)
Warning: Standard cell instance u_framer/u_payload_ram/b07/U111 is not placed. (LGL-003)
Warning: Standard cell instance u_framer/u_payload_ram/b07/U112 is not placed. (LGL-003)
Warning: Standard cell instance u_framer/u_payload_ram/b07/U113 is not placed. (LGL-003)
Warning: Standard cell instance u_framer/u_payload_ram/b07/U114 is not placed. (LGL-003)
Warning: Standard cell instance u_framer/u_payload_ram/b07/U115 is not placed. (LGL-003)
Warning: Standard cell instance u_framer/u_payload_ram/b07/U116 is not placed. (LGL-003)
Warning: Standard cell instance u_framer/u_payload_ram/b07/U117 is not placed. (LGL-003)
Warning: Standard cell instance u_framer/u_payload_ram/b07/U118 is not placed. (LGL-003)
Warning: Standard cell instance u_framer/u_payload_ram/b07/U119 is not placed. (LGL-003)
Warning: Standard cell instance u_framer/u_payload_ram/b07/U120 is not placed. (LGL-003)
Warning: Standard cell instance u_framer/u_payload_ram/b07/U121 is not placed. (LGL-003)
Warning: Standard cell instance u_framer/u_payload_ram/b07/U122 is not placed. (LGL-003)
Warning: Standard cell instance u_framer/u_payload_ram/b07/U123 is not placed. (LGL-003)
Warning: Standard cell instance u_framer/u_payload_ram/b07/U124 is not placed. (LGL-003)
Warning: Standard cell instance u_framer/u_payload_ram/b07/U125 is not placed. (LGL-003)
Warning: Standard cell instance u_framer/u_payload_ram/b07/U126 is not placed. (LGL-003)
Warning: Standard cell instance u_framer/u_payload_ram/b07/U127 is not placed. (LGL-003)
Warning: Standard cell instance u_framer/u_payload_ram/b07/U128 is not placed. (LGL-003)
Warning: Standard cell instance u_framer/u_payload_ram/b07/U129 is not placed. (LGL-003)
Warning: Standard cell instance u_framer/u_payload_ram/b07/U130 is not placed. (LGL-003)
Warning: Standard cell instance u_framer/u_payload_ram/b07/U131 is not placed. (LGL-003)
Warning: Standard cell instance u_framer/u_payload_ram/b07/U132 is not placed. (LGL-003)
Warning: Standard cell instance u_framer/u_payload_ram/b07/U134 is not placed. (LGL-003)
Warning: Standard cell instance u_framer/u_payload_ram/b07/U135 is not placed. (LGL-003)
Warning: Standard cell instance u_framer/u_payload_ram/b07/U136 is not placed. (LGL-003)
Warning: Standard cell instance u_framer/u_payload_ram/b07/U137 is not placed. (LGL-003)
Warning: Standard cell instance u_framer/u_payload_ram/b07/U138 is not placed. (LGL-003)
Warning: Standard cell instance u_framer/u_payload_ram/b07/U139 is not placed. (LGL-003)
Warning: Standard cell instance u_framer/u_payload_ram/b07/U140 is not placed. (LGL-003)
Warning: Standard cell instance u_framer/u_payload_ram/b07/U141 is not placed. (LGL-003)
Warning: Standard cell instance u_framer/u_payload_ram/b07/U143 is not placed. (LGL-003)
Warning: Standard cell instance u_framer/u_payload_ram/b07/U144 is not placed. (LGL-003)
Warning: Standard cell instance u_framer/u_payload_ram/b07/U145 is not placed. (LGL-003)
Warning: Standard cell instance u_framer/u_payload_ram/b07/U146 is not placed. (LGL-003)
Warning: Standard cell instance u_framer/u_payload_ram/b07/U147 is not placed. (LGL-003)
Warning: Standard cell instance u_framer/u_payload_ram/b07/U148 is not placed. (LGL-003)
Warning: Standard cell instance u_framer/u_payload_ram/b07/U149 is not placed. (LGL-003)
Warning: Standard cell instance u_framer/u_payload_ram/b07/U150 is not placed. (LGL-003)
Warning: Standard cell instance u_framer/u_payload_ram/b07/U152 is not placed. (LGL-003)
Warning: Standard cell instance u_framer/u_payload_ram/b07/U153 is not placed. (LGL-003)
Warning: Standard cell instance u_framer/u_payload_ram/b07/U154 is not placed. (LGL-003)
Warning: Standard cell instance u_framer/u_payload_ram/b07/U155 is not placed. (LGL-003)
Warning: Standard cell instance u_framer/u_payload_ram/b07/U156 is not placed. (LGL-003)
Warning: Standard cell instance u_framer/u_payload_ram/b07/U157 is not placed. (LGL-003)
Warning: Standard cell instance u_framer/u_payload_ram/b07/U158 is not placed. (LGL-003)
Warning: Standard cell instance u_framer/u_payload_ram/b07/U159 is not placed. (LGL-003)
Warning: Standard cell instance u_framer/u_payload_ram/b07/U162 is not placed. (LGL-003)
Warning: Standard cell instance u_framer/u_payload_ram/b07/U163 is not placed. (LGL-003)
Warning: Standard cell instance u_framer/u_payload_ram/b07/U164 is not placed. (LGL-003)
Warning: Standard cell instance u_framer/u_payload_ram/b07/U165 is not placed. (LGL-003)
Warning: Standard cell instance u_framer/u_payload_ram/b07/U166 is not placed. (LGL-003)
Warning: Standard cell instance u_framer/u_payload_ram/b07/U167 is not placed. (LGL-003)
Warning: Standard cell instance u_framer/u_payload_ram/b07/U168 is not placed. (LGL-003)
Warning: Standard cell instance u_framer/u_payload_ram/b07/U169 is not placed. (LGL-003)
Warning: Standard cell instance u_framer/u_payload_ram/b07/U171 is not placed. (LGL-003)
Warning: Standard cell instance u_framer/u_payload_ram/b07/U172 is not placed. (LGL-003)
Warning: Standard cell instance u_framer/u_payload_ram/b07/U173 is not placed. (LGL-003)
Warning: Standard cell instance u_framer/u_payload_ram/b07/U174 is not placed. (LGL-003)
Warning: Standard cell instance u_framer/u_payload_ram/b07/U175 is not placed. (LGL-003)
Warning: Standard cell instance u_framer/u_payload_ram/b07/U176 is not placed. (LGL-003)
Warning: Standard cell instance u_framer/u_payload_ram/b07/U177 is not placed. (LGL-003)
Warning: Standard cell instance u_framer/u_payload_ram/b07/U178 is not placed. (LGL-003)
Warning: Standard cell instance u_framer/u_payload_ram/b07/U180 is not placed. (LGL-003)
Warning: Standard cell instance u_framer/u_payload_ram/b07/U181 is not placed. (LGL-003)
Warning: Standard cell instance u_framer/u_payload_ram/b07/U182 is not placed. (LGL-003)
Warning: Standard cell instance u_framer/u_payload_ram/b07/U183 is not placed. (LGL-003)
Warning: Standard cell instance u_framer/u_payload_ram/b07/U184 is not placed. (LGL-003)
Warning: Standard cell instance u_framer/u_payload_ram/b07/U185 is not placed. (LGL-003)
Warning: Standard cell instance u_framer/u_payload_ram/b07/U186 is not placed. (LGL-003)
Warning: Standard cell instance u_framer/u_payload_ram/b07/U187 is not placed. (LGL-003)
Warning: Standard cell instance u_framer/u_payload_ram/b07/U189 is not placed. (LGL-003)
Warning: Standard cell instance u_framer/u_payload_ram/b07/U190 is not placed. (LGL-003)
Warning: Standard cell instance u_framer/u_payload_ram/b07/U191 is not placed. (LGL-003)
Warning: Standard cell instance u_framer/u_payload_ram/b07/U192 is not placed. (LGL-003)
Warning: Standard cell instance u_framer/u_payload_ram/b07/U193 is not placed. (LGL-003)
Warning: Standard cell instance u_framer/u_payload_ram/b07/U194 is not placed. (LGL-003)
Warning: Standard cell instance u_framer/u_payload_ram/b07/U195 is not placed. (LGL-003)
Warning: Standard cell instance u_framer/u_payload_ram/b07/U196 is not placed. (LGL-003)
Warning: Standard cell instance u_framer/u_payload_ram/b07/mem_reg_0__7_ is not placed. (LGL-003)
Warning: Standard cell instance u_framer/u_payload_ram/b07/mem_reg_0__6_ is not placed. (LGL-003)
Warning: Standard cell instance u_framer/u_payload_ram/b07/mem_reg_0__5_ is not placed. (LGL-003)
Warning: Standard cell instance u_framer/u_payload_ram/b07/mem_reg_0__4_ is not placed. (LGL-003)
Warning: Standard cell instance u_framer/u_payload_ram/b07/mem_reg_0__3_ is not placed. (LGL-003)
Warning: Standard cell instance u_framer/u_payload_ram/b07/mem_reg_0__2_ is not placed. (LGL-003)
Warning: Standard cell instance u_framer/u_payload_ram/b07/mem_reg_0__1_ is not placed. (LGL-003)
Warning: Standard cell instance u_framer/u_payload_ram/b07/mem_reg_0__0_ is not placed. (LGL-003)
Warning: Standard cell instance u_framer/u_payload_ram/b07/mem_reg_1__7_ is not placed. (LGL-003)
Warning: Standard cell instance u_framer/u_payload_ram/b07/mem_reg_1__6_ is not placed. (LGL-003)
Warning: Standard cell instance u_framer/u_payload_ram/b07/mem_reg_1__5_ is not placed. (LGL-003)
Warning: Standard cell instance u_framer/u_payload_ram/b07/mem_reg_1__4_ is not placed. (LGL-003)
Warning: Standard cell instance u_framer/u_payload_ram/b07/mem_reg_1__3_ is not placed. (LGL-003)
Warning: Standard cell instance u_framer/u_payload_ram/b07/mem_reg_1__2_ is not placed. (LGL-003)
Warning: Standard cell instance u_framer/u_payload_ram/b07/mem_reg_1__1_ is not placed. (LGL-003)
Warning: Standard cell instance u_framer/u_payload_ram/b07/mem_reg_1__0_ is not placed. (LGL-003)
Warning: Standard cell instance u_framer/u_payload_ram/b07/mem_reg_2__7_ is not placed. (LGL-003)
Warning: Standard cell instance u_framer/u_payload_ram/b07/mem_reg_2__6_ is not placed. (LGL-003)
Warning: Standard cell instance u_framer/u_payload_ram/b07/mem_reg_2__5_ is not placed. (LGL-003)
Warning: Standard cell instance u_framer/u_payload_ram/b07/mem_reg_2__4_ is not placed. (LGL-003)
Warning: Standard cell instance u_framer/u_payload_ram/b07/mem_reg_2__3_ is not placed. (LGL-003)
Warning: Standard cell instance u_framer/u_payload_ram/b07/mem_reg_2__2_ is not placed. (LGL-003)
Warning: Standard cell instance u_framer/u_payload_ram/b07/mem_reg_2__1_ is not placed. (LGL-003)
Warning: Standard cell instance u_framer/u_payload_ram/b07/mem_reg_2__0_ is not placed. (LGL-003)
Warning: Standard cell instance u_framer/u_payload_ram/b07/mem_reg_3__7_ is not placed. (LGL-003)
Warning: Standard cell instance u_framer/u_payload_ram/b07/mem_reg_3__6_ is not placed. (LGL-003)
Warning: Standard cell instance u_framer/u_payload_ram/b07/mem_reg_3__5_ is not placed. (LGL-003)
Warning: Standard cell instance u_framer/u_payload_ram/b07/mem_reg_3__4_ is not placed. (LGL-003)
Warning: Standard cell instance u_framer/u_payload_ram/b07/mem_reg_3__3_ is not placed. (LGL-003)
Warning: Standard cell instance u_framer/u_payload_ram/b07/mem_reg_3__2_ is not placed. (LGL-003)
Warning: Standard cell instance u_framer/u_payload_ram/b07/mem_reg_3__1_ is not placed. (LGL-003)
Warning: Standard cell instance u_framer/u_payload_ram/b07/mem_reg_3__0_ is not placed. (LGL-003)
Warning: Standard cell instance u_framer/u_payload_ram/b07/mem_reg_4__7_ is not placed. (LGL-003)
Warning: Standard cell instance u_framer/u_payload_ram/b07/mem_reg_4__6_ is not placed. (LGL-003)
Warning: Standard cell instance u_framer/u_payload_ram/b07/mem_reg_4__5_ is not placed. (LGL-003)
Warning: Standard cell instance u_framer/u_payload_ram/b07/mem_reg_4__4_ is not placed. (LGL-003)
Warning: Standard cell instance u_framer/u_payload_ram/b07/mem_reg_4__3_ is not placed. (LGL-003)
Warning: Standard cell instance u_framer/u_payload_ram/b07/mem_reg_4__2_ is not placed. (LGL-003)
Warning: Standard cell instance u_framer/u_payload_ram/b07/mem_reg_4__1_ is not placed. (LGL-003)
Warning: Standard cell instance u_framer/u_payload_ram/b07/mem_reg_4__0_ is not placed. (LGL-003)
Warning: Standard cell instance u_framer/u_payload_ram/b07/mem_reg_5__7_ is not placed. (LGL-003)
Warning: Standard cell instance u_framer/u_payload_ram/b07/mem_reg_5__6_ is not placed. (LGL-003)
Warning: Standard cell instance u_framer/u_payload_ram/b07/mem_reg_5__5_ is not placed. (LGL-003)
Warning: Standard cell instance u_framer/u_payload_ram/b07/mem_reg_5__4_ is not placed. (LGL-003)
Warning: Standard cell instance u_framer/u_payload_ram/b07/mem_reg_5__3_ is not placed. (LGL-003)
Warning: Standard cell instance u_framer/u_payload_ram/b07/mem_reg_5__2_ is not placed. (LGL-003)
Warning: Standard cell instance u_framer/u_payload_ram/b07/mem_reg_5__1_ is not placed. (LGL-003)
Warning: Standard cell instance u_framer/u_payload_ram/b07/mem_reg_5__0_ is not placed. (LGL-003)
Warning: Standard cell instance u_framer/u_payload_ram/b07/mem_reg_6__7_ is not placed. (LGL-003)
Warning: Standard cell instance u_framer/u_payload_ram/b07/mem_reg_6__6_ is not placed. (LGL-003)
Warning: Standard cell instance u_framer/u_payload_ram/b07/mem_reg_6__5_ is not placed. (LGL-003)
Warning: Standard cell instance u_framer/u_payload_ram/b07/mem_reg_6__4_ is not placed. (LGL-003)
Warning: Standard cell instance u_framer/u_payload_ram/b07/mem_reg_6__3_ is not placed. (LGL-003)
Warning: Standard cell instance u_framer/u_payload_ram/b07/mem_reg_6__2_ is not placed. (LGL-003)
Warning: Standard cell instance u_framer/u_payload_ram/b07/mem_reg_6__1_ is not placed. (LGL-003)
Warning: Standard cell instance u_framer/u_payload_ram/b07/mem_reg_6__0_ is not placed. (LGL-003)
Warning: Standard cell instance u_framer/u_payload_ram/b07/mem_reg_7__7_ is not placed. (LGL-003)
Warning: Standard cell instance u_framer/u_payload_ram/b07/mem_reg_7__6_ is not placed. (LGL-003)
Warning: Standard cell instance u_framer/u_payload_ram/b07/mem_reg_7__5_ is not placed. (LGL-003)
Warning: Standard cell instance u_framer/u_payload_ram/b07/mem_reg_7__4_ is not placed. (LGL-003)
Warning: Standard cell instance u_framer/u_payload_ram/b07/mem_reg_7__3_ is not placed. (LGL-003)
Warning: Standard cell instance u_framer/u_payload_ram/b07/mem_reg_7__2_ is not placed. (LGL-003)
Warning: Standard cell instance u_framer/u_payload_ram/b07/mem_reg_7__1_ is not placed. (LGL-003)
Warning: Standard cell instance u_framer/u_payload_ram/b07/mem_reg_7__0_ is not placed. (LGL-003)
Warning: Standard cell instance u_framer/u_payload_ram/b07/U2 is not placed. (LGL-003)
Warning: Standard cell instance u_framer/u_payload_ram/b07/U3 is not placed. (LGL-003)
Warning: Standard cell instance u_framer/u_payload_ram/b07/U4 is not placed. (LGL-003)
Warning: Standard cell instance u_framer/u_payload_ram/b07/U5 is not placed. (LGL-003)
Warning: Standard cell instance u_framer/u_payload_ram/b07/U6 is not placed. (LGL-003)
Warning: Standard cell instance u_framer/u_payload_ram/b07/U7 is not placed. (LGL-003)
Warning: Standard cell instance u_framer/u_payload_ram/b07/U8 is not placed. (LGL-003)
Warning: Standard cell instance u_framer/u_payload_ram/b07/U9 is not placed. (LGL-003)
Warning: Standard cell instance u_framer/u_payload_ram/b07/U10 is not placed. (LGL-003)
Warning: Standard cell instance u_framer/u_payload_ram/b07/U11 is not placed. (LGL-003)
Warning: Standard cell instance u_framer/u_payload_ram/b07/U12 is not placed. (LGL-003)
Warning: Standard cell instance u_framer/u_payload_ram/b07/U13 is not placed. (LGL-003)
Warning: Standard cell instance u_framer/u_payload_ram/b07/U14 is not placed. (LGL-003)
Warning: Standard cell instance u_framer/u_payload_ram/b07/U15 is not placed. (LGL-003)
Warning: Standard cell instance u_framer/u_payload_ram/b07/U16 is not placed. (LGL-003)
Warning: Standard cell instance u_framer/u_payload_ram/b07/U17 is not placed. (LGL-003)
Warning: Standard cell instance u_framer/u_payload_ram/b07/U18 is not placed. (LGL-003)
Warning: Standard cell instance u_framer/u_payload_ram/b07/U19 is not placed. (LGL-003)
Warning: Standard cell instance u_framer/u_payload_ram/b07/U20 is not placed. (LGL-003)
Warning: Standard cell instance u_framer/u_payload_ram/b07/U21 is not placed. (LGL-003)
Warning: Standard cell instance u_framer/u_payload_ram/b07/U22 is not placed. (LGL-003)
Warning: Standard cell instance u_framer/u_payload_ram/b07/U23 is not placed. (LGL-003)
Warning: Standard cell instance u_framer/u_payload_ram/b07/U24 is not placed. (LGL-003)
Warning: Standard cell instance u_framer/u_payload_ram/b07/U25 is not placed. (LGL-003)
Warning: Standard cell instance u_framer/u_payload_ram/b07/U26 is not placed. (LGL-003)
Warning: Standard cell instance u_framer/u_payload_ram/b07/U27 is not placed. (LGL-003)
Warning: Standard cell instance u_framer/u_payload_ram/b07/U28 is not placed. (LGL-003)
Warning: Standard cell instance u_framer/u_payload_ram/b07/U29 is not placed. (LGL-003)
Warning: Standard cell instance u_framer/u_payload_ram/b07/U30 is not placed. (LGL-003)
Warning: Standard cell instance u_framer/u_payload_ram/b07/U31 is not placed. (LGL-003)
Warning: Standard cell instance u_framer/u_payload_ram/b07/U32 is not placed. (LGL-003)
Warning: Standard cell instance u_framer/u_payload_ram/b07/U33 is not placed. (LGL-003)
Warning: Standard cell instance u_framer/u_payload_ram/b07/U34 is not placed. (LGL-003)
Warning: Standard cell instance u_framer/u_payload_ram/b07/U35 is not placed. (LGL-003)
Warning: Standard cell instance u_framer/u_payload_ram/b07/U36 is not placed. (LGL-003)
Warning: Standard cell instance u_framer/u_payload_ram/b07/U37 is not placed. (LGL-003)
Warning: Standard cell instance u_framer/u_payload_ram/b07/U38 is not placed. (LGL-003)
Warning: Standard cell instance u_framer/u_payload_ram/b07/U39 is not placed. (LGL-003)
Warning: Standard cell instance u_framer/u_payload_ram/b07/U40 is not placed. (LGL-003)
Warning: Standard cell instance u_framer/u_payload_ram/b07/U41 is not placed. (LGL-003)
Warning: Standard cell instance u_framer/u_payload_ram/b07/U42 is not placed. (LGL-003)
Warning: Standard cell instance u_framer/u_payload_ram/b07/U43 is not placed. (LGL-003)
Warning: Standard cell instance u_framer/u_payload_ram/b07/U44 is not placed. (LGL-003)
Warning: Standard cell instance u_framer/u_payload_ram/b07/U45 is not placed. (LGL-003)
Warning: Standard cell instance u_framer/u_payload_ram/b07/U46 is not placed. (LGL-003)
Warning: Standard cell instance u_framer/u_payload_ram/b07/U47 is not placed. (LGL-003)
Warning: Standard cell instance u_framer/u_payload_ram/b07/U48 is not placed. (LGL-003)
Warning: Standard cell instance u_framer/u_payload_ram/b07/U49 is not placed. (LGL-003)
Warning: Standard cell instance u_framer/u_payload_ram/b07/U50 is not placed. (LGL-003)
Warning: Standard cell instance u_framer/u_payload_ram/b07/U51 is not placed. (LGL-003)
Warning: Standard cell instance u_framer/u_payload_ram/b07/U52 is not placed. (LGL-003)
Warning: Standard cell instance u_framer/u_payload_ram/b07/U53 is not placed. (LGL-003)
Warning: Standard cell instance u_framer/u_payload_ram/b07/U54 is not placed. (LGL-003)
Warning: Standard cell instance u_framer/u_payload_ram/b07/U55 is not placed. (LGL-003)
Warning: Standard cell instance u_framer/u_payload_ram/b07/U56 is not placed. (LGL-003)
Warning: Standard cell instance u_framer/u_payload_ram/b07/U57 is not placed. (LGL-003)
Warning: Standard cell instance u_framer/u_payload_ram/b07/U58 is not placed. (LGL-003)
Warning: Standard cell instance u_framer/u_payload_ram/b07/U59 is not placed. (LGL-003)
Warning: Standard cell instance u_framer/u_payload_ram/b07/U60 is not placed. (LGL-003)
Warning: Standard cell instance u_framer/u_payload_ram/b07/U61 is not placed. (LGL-003)
Warning: Standard cell instance u_framer/u_payload_ram/b07/U62 is not placed. (LGL-003)
Warning: Standard cell instance u_framer/u_payload_ram/b07/U63 is not placed. (LGL-003)
Warning: Standard cell instance u_framer/u_payload_ram/b07/U64 is not placed. (LGL-003)
Warning: Standard cell instance u_framer/u_payload_ram/b07/U65 is not placed. (LGL-003)
Warning: Standard cell instance u_framer/u_payload_ram/b07/U66 is not placed. (LGL-003)
Warning: Standard cell instance u_framer/u_payload_ram/b07/U67 is not placed. (LGL-003)
Warning: Standard cell instance u_framer/u_payload_ram/b07/U68 is not placed. (LGL-003)
Warning: Standard cell instance u_framer/u_payload_ram/b07/U69 is not placed. (LGL-003)
Warning: Standard cell instance u_framer/u_payload_ram/b07/U70 is not placed. (LGL-003)
Warning: Standard cell instance u_framer/u_payload_ram/b07/U71 is not placed. (LGL-003)
Warning: Standard cell instance u_framer/u_payload_ram/b07/U72 is not placed. (LGL-003)
Warning: Standard cell instance u_framer/u_payload_ram/b07/U73 is not placed. (LGL-003)
Warning: Standard cell instance u_framer/u_payload_ram/b07/U74 is not placed. (LGL-003)
Warning: Standard cell instance u_framer/u_payload_ram/b07/U75 is not placed. (LGL-003)
Warning: Standard cell instance u_framer/u_payload_ram/b07/U76 is not placed. (LGL-003)
Warning: Standard cell instance u_framer/u_payload_ram/b07/U77 is not placed. (LGL-003)
Warning: Standard cell instance u_framer/u_payload_ram/b07/U310 is not placed. (LGL-003)
Warning: Standard cell instance u_framer/u_payload_ram/b07/U311 is not placed. (LGL-003)
Warning: Standard cell instance u_framer/u_payload_ram/b07/U312 is not placed. (LGL-003)
Warning: Standard cell instance u_framer/u_payload_ram/b07/U313 is not placed. (LGL-003)
Warning: Standard cell instance u_framer/u_payload_ram/b07/U314 is not placed. (LGL-003)
Warning: Standard cell instance u_framer/u_payload_ram/b07/U315 is not placed. (LGL-003)
Warning: Standard cell instance u_framer/u_payload_ram/b07/U316 is not placed. (LGL-003)
Warning: Standard cell instance u_framer/u_payload_ram/b08/U86 is not placed. (LGL-003)
Warning: Standard cell instance u_framer/u_payload_ram/b08/U87 is not placed. (LGL-003)
Warning: Standard cell instance u_framer/u_payload_ram/b08/U88 is not placed. (LGL-003)
Warning: Standard cell instance u_framer/u_payload_ram/b08/U89 is not placed. (LGL-003)
Warning: Standard cell instance u_framer/u_payload_ram/b08/U91 is not placed. (LGL-003)
Warning: Standard cell instance u_framer/u_payload_ram/b08/U92 is not placed. (LGL-003)
Warning: Standard cell instance u_framer/u_payload_ram/b08/U93 is not placed. (LGL-003)
Warning: Standard cell instance u_framer/u_payload_ram/b08/U94 is not placed. (LGL-003)
Warning: Standard cell instance u_framer/u_payload_ram/b08/U96 is not placed. (LGL-003)
Warning: Standard cell instance u_framer/u_payload_ram/b08/U97 is not placed. (LGL-003)
Warning: Standard cell instance u_framer/u_payload_ram/b08/U98 is not placed. (LGL-003)
Warning: Standard cell instance u_framer/u_payload_ram/b08/U99 is not placed. (LGL-003)
Warning: Standard cell instance u_framer/u_payload_ram/b08/U100 is not placed. (LGL-003)
Warning: Standard cell instance u_framer/u_payload_ram/b08/U101 is not placed. (LGL-003)
Warning: Standard cell instance u_framer/u_payload_ram/b08/U102 is not placed. (LGL-003)
Warning: Standard cell instance u_framer/u_payload_ram/b08/U103 is not placed. (LGL-003)
Warning: Standard cell instance u_framer/u_payload_ram/b08/U104 is not placed. (LGL-003)
Warning: Standard cell instance u_framer/u_payload_ram/b08/U105 is not placed. (LGL-003)
Warning: Standard cell instance u_framer/u_payload_ram/b08/U106 is not placed. (LGL-003)
Warning: Standard cell instance u_framer/u_payload_ram/b08/U107 is not placed. (LGL-003)
Warning: Standard cell instance u_framer/u_payload_ram/b08/U108 is not placed. (LGL-003)
Warning: Standard cell instance u_framer/u_payload_ram/b08/U109 is not placed. (LGL-003)
Warning: Standard cell instance u_framer/u_payload_ram/b08/U112 is not placed. (LGL-003)
Warning: Standard cell instance u_framer/u_payload_ram/b08/U115 is not placed. (LGL-003)
Warning: Standard cell instance u_framer/u_payload_ram/b08/U116 is not placed. (LGL-003)
Warning: Standard cell instance u_framer/u_payload_ram/b08/U117 is not placed. (LGL-003)
Warning: Standard cell instance u_framer/u_payload_ram/b08/U118 is not placed. (LGL-003)
Warning: Standard cell instance u_framer/u_payload_ram/b08/U119 is not placed. (LGL-003)
Warning: Standard cell instance u_framer/u_payload_ram/b08/U120 is not placed. (LGL-003)
Warning: Standard cell instance u_framer/u_payload_ram/b08/U121 is not placed. (LGL-003)
Warning: Standard cell instance u_framer/u_payload_ram/b08/U122 is not placed. (LGL-003)
Warning: Standard cell instance u_framer/u_payload_ram/b08/U123 is not placed. (LGL-003)
Warning: Standard cell instance u_framer/u_payload_ram/b08/U124 is not placed. (LGL-003)
Warning: Standard cell instance u_framer/u_payload_ram/b08/U125 is not placed. (LGL-003)
Warning: Standard cell instance u_framer/u_payload_ram/b08/U126 is not placed. (LGL-003)
Warning: Standard cell instance u_framer/u_payload_ram/b08/U127 is not placed. (LGL-003)
Warning: Standard cell instance u_framer/u_payload_ram/b08/U128 is not placed. (LGL-003)
Warning: Standard cell instance u_framer/u_payload_ram/b08/U129 is not placed. (LGL-003)
Warning: Standard cell instance u_framer/u_payload_ram/b08/U130 is not placed. (LGL-003)
Warning: Standard cell instance u_framer/u_payload_ram/b08/U131 is not placed. (LGL-003)
Warning: Standard cell instance u_framer/u_payload_ram/b08/U132 is not placed. (LGL-003)
Warning: Standard cell instance u_framer/u_payload_ram/b08/U134 is not placed. (LGL-003)
Warning: Standard cell instance u_framer/u_payload_ram/b08/U135 is not placed. (LGL-003)
Warning: Standard cell instance u_framer/u_payload_ram/b08/U136 is not placed. (LGL-003)
Warning: Standard cell instance u_framer/u_payload_ram/b08/U137 is not placed. (LGL-003)
Warning: Standard cell instance u_framer/u_payload_ram/b08/U138 is not placed. (LGL-003)
Warning: Standard cell instance u_framer/u_payload_ram/b08/U139 is not placed. (LGL-003)
Warning: Standard cell instance u_framer/u_payload_ram/b08/U140 is not placed. (LGL-003)
Warning: Standard cell instance u_framer/u_payload_ram/b08/U141 is not placed. (LGL-003)
Warning: Standard cell instance u_framer/u_payload_ram/b08/U143 is not placed. (LGL-003)
Warning: Standard cell instance u_framer/u_payload_ram/b08/U144 is not placed. (LGL-003)
Warning: Standard cell instance u_framer/u_payload_ram/b08/U145 is not placed. (LGL-003)
Warning: Standard cell instance u_framer/u_payload_ram/b08/U146 is not placed. (LGL-003)
Warning: Standard cell instance u_framer/u_payload_ram/b08/U147 is not placed. (LGL-003)
Warning: Standard cell instance u_framer/u_payload_ram/b08/U148 is not placed. (LGL-003)
Warning: Standard cell instance u_framer/u_payload_ram/b08/U149 is not placed. (LGL-003)
Warning: Standard cell instance u_framer/u_payload_ram/b08/U150 is not placed. (LGL-003)
Warning: Standard cell instance u_framer/u_payload_ram/b08/U152 is not placed. (LGL-003)
Warning: Standard cell instance u_framer/u_payload_ram/b08/U153 is not placed. (LGL-003)
Warning: Standard cell instance u_framer/u_payload_ram/b08/U154 is not placed. (LGL-003)
Warning: Standard cell instance u_framer/u_payload_ram/b08/U155 is not placed. (LGL-003)
Warning: Standard cell instance u_framer/u_payload_ram/b08/U156 is not placed. (LGL-003)
Warning: Standard cell instance u_framer/u_payload_ram/b08/U157 is not placed. (LGL-003)
Warning: Standard cell instance u_framer/u_payload_ram/b08/U158 is not placed. (LGL-003)
Warning: Standard cell instance u_framer/u_payload_ram/b08/U159 is not placed. (LGL-003)
Warning: Standard cell instance u_framer/u_payload_ram/b08/U161 is not placed. (LGL-003)
Warning: Standard cell instance u_framer/u_payload_ram/b08/U162 is not placed. (LGL-003)
Warning: Standard cell instance u_framer/u_payload_ram/b08/U163 is not placed. (LGL-003)
Warning: Standard cell instance u_framer/u_payload_ram/b08/U164 is not placed. (LGL-003)
Warning: Standard cell instance u_framer/u_payload_ram/b08/U165 is not placed. (LGL-003)
Warning: Standard cell instance u_framer/u_payload_ram/b08/U166 is not placed. (LGL-003)
Warning: Standard cell instance u_framer/u_payload_ram/b08/U167 is not placed. (LGL-003)
Warning: Standard cell instance u_framer/u_payload_ram/b08/U168 is not placed. (LGL-003)
Warning: Standard cell instance u_framer/u_payload_ram/b08/U169 is not placed. (LGL-003)
Warning: Standard cell instance u_framer/u_payload_ram/b08/U171 is not placed. (LGL-003)
Warning: Standard cell instance u_framer/u_payload_ram/b08/U172 is not placed. (LGL-003)
Warning: Standard cell instance u_framer/u_payload_ram/b08/U173 is not placed. (LGL-003)
Warning: Standard cell instance u_framer/u_payload_ram/b08/U174 is not placed. (LGL-003)
Warning: Standard cell instance u_framer/u_payload_ram/b08/U175 is not placed. (LGL-003)
Warning: Standard cell instance u_framer/u_payload_ram/b08/U176 is not placed. (LGL-003)
Warning: Standard cell instance u_framer/u_payload_ram/b08/U177 is not placed. (LGL-003)
Warning: Standard cell instance u_framer/u_payload_ram/b08/U178 is not placed. (LGL-003)
Warning: Standard cell instance u_framer/u_payload_ram/b08/U180 is not placed. (LGL-003)
Warning: Standard cell instance u_framer/u_payload_ram/b08/U181 is not placed. (LGL-003)
Warning: Standard cell instance u_framer/u_payload_ram/b08/U182 is not placed. (LGL-003)
Warning: Standard cell instance u_framer/u_payload_ram/b08/U183 is not placed. (LGL-003)
Warning: Standard cell instance u_framer/u_payload_ram/b08/U184 is not placed. (LGL-003)
Warning: Standard cell instance u_framer/u_payload_ram/b08/U185 is not placed. (LGL-003)
Warning: Standard cell instance u_framer/u_payload_ram/b08/U186 is not placed. (LGL-003)
Warning: Standard cell instance u_framer/u_payload_ram/b08/U187 is not placed. (LGL-003)
Warning: Standard cell instance u_framer/u_payload_ram/b08/U189 is not placed. (LGL-003)
Warning: Standard cell instance u_framer/u_payload_ram/b08/U190 is not placed. (LGL-003)
Warning: Standard cell instance u_framer/u_payload_ram/b08/U191 is not placed. (LGL-003)
Warning: Standard cell instance u_framer/u_payload_ram/b08/U192 is not placed. (LGL-003)
Warning: Standard cell instance u_framer/u_payload_ram/b08/U193 is not placed. (LGL-003)
Warning: Standard cell instance u_framer/u_payload_ram/b08/U194 is not placed. (LGL-003)
Warning: Standard cell instance u_framer/u_payload_ram/b08/U195 is not placed. (LGL-003)
Warning: Standard cell instance u_framer/u_payload_ram/b08/U196 is not placed. (LGL-003)
Warning: Standard cell instance u_framer/u_payload_ram/b08/mem_reg_0__7_ is not placed. (LGL-003)
Warning: Standard cell instance u_framer/u_payload_ram/b08/mem_reg_0__6_ is not placed. (LGL-003)
Warning: Standard cell instance u_framer/u_payload_ram/b08/mem_reg_0__5_ is not placed. (LGL-003)
Warning: Standard cell instance u_framer/u_payload_ram/b08/mem_reg_0__4_ is not placed. (LGL-003)
Warning: Standard cell instance u_framer/u_payload_ram/b08/mem_reg_0__3_ is not placed. (LGL-003)
Warning: Standard cell instance u_framer/u_payload_ram/b08/mem_reg_0__2_ is not placed. (LGL-003)
Warning: Standard cell instance u_framer/u_payload_ram/b08/mem_reg_0__1_ is not placed. (LGL-003)
Warning: Standard cell instance u_framer/u_payload_ram/b08/mem_reg_0__0_ is not placed. (LGL-003)
Warning: Standard cell instance u_framer/u_payload_ram/b08/mem_reg_1__7_ is not placed. (LGL-003)
Warning: Standard cell instance u_framer/u_payload_ram/b08/mem_reg_1__6_ is not placed. (LGL-003)
Warning: Standard cell instance u_framer/u_payload_ram/b08/mem_reg_1__5_ is not placed. (LGL-003)
Warning: Standard cell instance u_framer/u_payload_ram/b08/mem_reg_1__4_ is not placed. (LGL-003)
Warning: Standard cell instance u_framer/u_payload_ram/b08/mem_reg_1__3_ is not placed. (LGL-003)
Warning: Standard cell instance u_framer/u_payload_ram/b08/mem_reg_1__1_ is not placed. (LGL-003)
Warning: Standard cell instance u_framer/u_payload_ram/b08/mem_reg_1__0_ is not placed. (LGL-003)
Warning: Standard cell instance u_framer/u_payload_ram/b08/mem_reg_2__7_ is not placed. (LGL-003)
Warning: Standard cell instance u_framer/u_payload_ram/b08/mem_reg_2__6_ is not placed. (LGL-003)
Warning: Standard cell instance u_framer/u_payload_ram/b08/mem_reg_2__5_ is not placed. (LGL-003)
Warning: Standard cell instance u_framer/u_payload_ram/b08/mem_reg_2__4_ is not placed. (LGL-003)
Warning: Standard cell instance u_framer/u_payload_ram/b08/mem_reg_2__3_ is not placed. (LGL-003)
Warning: Standard cell instance u_framer/u_payload_ram/b08/mem_reg_2__2_ is not placed. (LGL-003)
Warning: Standard cell instance u_framer/u_payload_ram/b08/mem_reg_2__1_ is not placed. (LGL-003)
Warning: Standard cell instance u_framer/u_payload_ram/b08/mem_reg_2__0_ is not placed. (LGL-003)
Warning: Standard cell instance u_framer/u_payload_ram/b08/mem_reg_3__7_ is not placed. (LGL-003)
Warning: Standard cell instance u_framer/u_payload_ram/b08/mem_reg_3__6_ is not placed. (LGL-003)
Warning: Standard cell instance u_framer/u_payload_ram/b08/mem_reg_3__5_ is not placed. (LGL-003)
Warning: Standard cell instance u_framer/u_payload_ram/b08/mem_reg_3__4_ is not placed. (LGL-003)
Warning: Standard cell instance u_framer/u_payload_ram/b08/mem_reg_3__3_ is not placed. (LGL-003)
Warning: Standard cell instance u_framer/u_payload_ram/b08/mem_reg_3__1_ is not placed. (LGL-003)
Warning: Standard cell instance u_framer/u_payload_ram/b08/mem_reg_3__0_ is not placed. (LGL-003)
Warning: Standard cell instance u_framer/u_payload_ram/b08/mem_reg_4__7_ is not placed. (LGL-003)
Warning: Standard cell instance u_framer/u_payload_ram/b08/mem_reg_4__6_ is not placed. (LGL-003)
Warning: Standard cell instance u_framer/u_payload_ram/b08/mem_reg_4__5_ is not placed. (LGL-003)
Warning: Standard cell instance u_framer/u_payload_ram/b08/mem_reg_4__4_ is not placed. (LGL-003)
Warning: Standard cell instance u_framer/u_payload_ram/b08/mem_reg_4__3_ is not placed. (LGL-003)
Warning: Standard cell instance u_framer/u_payload_ram/b08/mem_reg_4__2_ is not placed. (LGL-003)
Warning: Standard cell instance u_framer/u_payload_ram/b08/mem_reg_4__1_ is not placed. (LGL-003)
Warning: Standard cell instance u_framer/u_payload_ram/b08/mem_reg_4__0_ is not placed. (LGL-003)
Warning: Standard cell instance u_framer/u_payload_ram/b08/mem_reg_5__7_ is not placed. (LGL-003)
Warning: Standard cell instance u_framer/u_payload_ram/b08/mem_reg_5__6_ is not placed. (LGL-003)
Warning: Standard cell instance u_framer/u_payload_ram/b08/mem_reg_5__5_ is not placed. (LGL-003)
Warning: Standard cell instance u_framer/u_payload_ram/b08/mem_reg_5__4_ is not placed. (LGL-003)
Warning: Standard cell instance u_framer/u_payload_ram/b08/mem_reg_5__3_ is not placed. (LGL-003)
Warning: Standard cell instance u_framer/u_payload_ram/b08/mem_reg_5__2_ is not placed. (LGL-003)
Warning: Standard cell instance u_framer/u_payload_ram/b08/mem_reg_5__1_ is not placed. (LGL-003)
Warning: Standard cell instance u_framer/u_payload_ram/b08/mem_reg_5__0_ is not placed. (LGL-003)
Warning: Standard cell instance u_framer/u_payload_ram/b08/mem_reg_6__7_ is not placed. (LGL-003)
Warning: Standard cell instance u_framer/u_payload_ram/b08/mem_reg_6__6_ is not placed. (LGL-003)
Warning: Standard cell instance u_framer/u_payload_ram/b08/mem_reg_6__5_ is not placed. (LGL-003)
Warning: Standard cell instance u_framer/u_payload_ram/b08/mem_reg_6__4_ is not placed. (LGL-003)
Warning: Standard cell instance u_framer/u_payload_ram/b08/mem_reg_6__3_ is not placed. (LGL-003)
Warning: Standard cell instance u_framer/u_payload_ram/b08/mem_reg_6__2_ is not placed. (LGL-003)
Warning: Standard cell instance u_framer/u_payload_ram/b08/mem_reg_6__1_ is not placed. (LGL-003)
Warning: Standard cell instance u_framer/u_payload_ram/b08/mem_reg_6__0_ is not placed. (LGL-003)
Warning: Standard cell instance u_framer/u_payload_ram/b08/mem_reg_7__7_ is not placed. (LGL-003)
Warning: Standard cell instance u_framer/u_payload_ram/b08/mem_reg_7__6_ is not placed. (LGL-003)
Warning: Standard cell instance u_framer/u_payload_ram/b08/mem_reg_7__5_ is not placed. (LGL-003)
Warning: Standard cell instance u_framer/u_payload_ram/b08/mem_reg_7__4_ is not placed. (LGL-003)
Warning: Standard cell instance u_framer/u_payload_ram/b08/mem_reg_7__3_ is not placed. (LGL-003)
Warning: Standard cell instance u_framer/u_payload_ram/b08/mem_reg_7__2_ is not placed. (LGL-003)
Warning: Standard cell instance u_framer/u_payload_ram/b08/mem_reg_7__1_ is not placed. (LGL-003)
Warning: Standard cell instance u_framer/u_payload_ram/b08/mem_reg_7__0_ is not placed. (LGL-003)
Warning: Standard cell instance u_framer/u_payload_ram/b08/mem_reg_3__2_ is not placed. (LGL-003)
Warning: Standard cell instance u_framer/u_payload_ram/b08/mem_reg_1__2_ is not placed. (LGL-003)
Warning: Standard cell instance u_framer/u_payload_ram/b08/U2 is not placed. (LGL-003)
Warning: Standard cell instance u_framer/u_payload_ram/b08/U3 is not placed. (LGL-003)
Warning: Standard cell instance u_framer/u_payload_ram/b08/U4 is not placed. (LGL-003)
Warning: Standard cell instance u_framer/u_payload_ram/b08/U5 is not placed. (LGL-003)
Warning: Standard cell instance u_framer/u_payload_ram/b08/U6 is not placed. (LGL-003)
Warning: Standard cell instance u_framer/u_payload_ram/b08/U7 is not placed. (LGL-003)
Warning: Standard cell instance u_framer/u_payload_ram/b08/U8 is not placed. (LGL-003)
Warning: Standard cell instance u_framer/u_payload_ram/b08/U9 is not placed. (LGL-003)
Warning: Standard cell instance u_framer/u_payload_ram/b08/U10 is not placed. (LGL-003)
Warning: Standard cell instance u_framer/u_payload_ram/b08/U11 is not placed. (LGL-003)
Warning: Standard cell instance u_framer/u_payload_ram/b08/U12 is not placed. (LGL-003)
Warning: Standard cell instance u_framer/u_payload_ram/b08/U13 is not placed. (LGL-003)
Warning: Standard cell instance u_framer/u_payload_ram/b08/U14 is not placed. (LGL-003)
Warning: Standard cell instance u_framer/u_payload_ram/b08/U15 is not placed. (LGL-003)
Warning: Standard cell instance u_framer/u_payload_ram/b08/U16 is not placed. (LGL-003)
Warning: Standard cell instance u_framer/u_payload_ram/b08/U17 is not placed. (LGL-003)
Warning: Standard cell instance u_framer/u_payload_ram/b08/U18 is not placed. (LGL-003)
Warning: Standard cell instance u_framer/u_payload_ram/b08/U19 is not placed. (LGL-003)
Warning: Standard cell instance u_framer/u_payload_ram/b08/U20 is not placed. (LGL-003)
Warning: Standard cell instance u_framer/u_payload_ram/b08/U21 is not placed. (LGL-003)
Warning: Standard cell instance u_framer/u_payload_ram/b08/U22 is not placed. (LGL-003)
Warning: Standard cell instance u_framer/u_payload_ram/b08/U23 is not placed. (LGL-003)
Warning: Standard cell instance u_framer/u_payload_ram/b08/U24 is not placed. (LGL-003)
Warning: Standard cell instance u_framer/u_payload_ram/b08/U25 is not placed. (LGL-003)
Warning: Standard cell instance u_framer/u_payload_ram/b08/U26 is not placed. (LGL-003)
Warning: Standard cell instance u_framer/u_payload_ram/b08/U27 is not placed. (LGL-003)
Warning: Standard cell instance u_framer/u_payload_ram/b08/U28 is not placed. (LGL-003)
Warning: Standard cell instance u_framer/u_payload_ram/b08/U29 is not placed. (LGL-003)
Warning: Standard cell instance u_framer/u_payload_ram/b08/U30 is not placed. (LGL-003)
Warning: Standard cell instance u_framer/u_payload_ram/b08/U31 is not placed. (LGL-003)
Warning: Standard cell instance u_framer/u_payload_ram/b08/U32 is not placed. (LGL-003)
Warning: Standard cell instance u_framer/u_payload_ram/b08/U33 is not placed. (LGL-003)
Warning: Standard cell instance u_framer/u_payload_ram/b08/U34 is not placed. (LGL-003)
Warning: Standard cell instance u_framer/u_payload_ram/b08/U35 is not placed. (LGL-003)
Warning: Standard cell instance u_framer/u_payload_ram/b08/U36 is not placed. (LGL-003)
Warning: Standard cell instance u_framer/u_payload_ram/b08/U37 is not placed. (LGL-003)
Warning: Standard cell instance u_framer/u_payload_ram/b08/U38 is not placed. (LGL-003)
Warning: Standard cell instance u_framer/u_payload_ram/b08/U39 is not placed. (LGL-003)
Warning: Standard cell instance u_framer/u_payload_ram/b08/U40 is not placed. (LGL-003)
Warning: Standard cell instance u_framer/u_payload_ram/b08/U41 is not placed. (LGL-003)
Warning: Standard cell instance u_framer/u_payload_ram/b08/U42 is not placed. (LGL-003)
Warning: Standard cell instance u_framer/u_payload_ram/b08/U43 is not placed. (LGL-003)
Warning: Standard cell instance u_framer/u_payload_ram/b08/U44 is not placed. (LGL-003)
Warning: Standard cell instance u_framer/u_payload_ram/b08/U45 is not placed. (LGL-003)
Warning: Standard cell instance u_framer/u_payload_ram/b08/U46 is not placed. (LGL-003)
Warning: Standard cell instance u_framer/u_payload_ram/b08/U47 is not placed. (LGL-003)
Warning: Standard cell instance u_framer/u_payload_ram/b08/U48 is not placed. (LGL-003)
Warning: Standard cell instance u_framer/u_payload_ram/b08/U49 is not placed. (LGL-003)
Warning: Standard cell instance u_framer/u_payload_ram/b08/U50 is not placed. (LGL-003)
Warning: Standard cell instance u_framer/u_payload_ram/b08/U51 is not placed. (LGL-003)
Warning: Standard cell instance u_framer/u_payload_ram/b08/U52 is not placed. (LGL-003)
Warning: Standard cell instance u_framer/u_payload_ram/b08/U53 is not placed. (LGL-003)
Warning: Standard cell instance u_framer/u_payload_ram/b08/U54 is not placed. (LGL-003)
Warning: Standard cell instance u_framer/u_payload_ram/b08/U55 is not placed. (LGL-003)
Warning: Standard cell instance u_framer/u_payload_ram/b08/U56 is not placed. (LGL-003)
Warning: Standard cell instance u_framer/u_payload_ram/b08/U57 is not placed. (LGL-003)
Warning: Standard cell instance u_framer/u_payload_ram/b08/U58 is not placed. (LGL-003)
Warning: Standard cell instance u_framer/u_payload_ram/b08/U59 is not placed. (LGL-003)
Warning: Standard cell instance u_framer/u_payload_ram/b08/U60 is not placed. (LGL-003)
Warning: Standard cell instance u_framer/u_payload_ram/b08/U61 is not placed. (LGL-003)
Warning: Standard cell instance u_framer/u_payload_ram/b08/U62 is not placed. (LGL-003)
Warning: Standard cell instance u_framer/u_payload_ram/b08/U63 is not placed. (LGL-003)
Warning: Standard cell instance u_framer/u_payload_ram/b08/U64 is not placed. (LGL-003)
Warning: Standard cell instance u_framer/u_payload_ram/b08/U65 is not placed. (LGL-003)
Warning: Standard cell instance u_framer/u_payload_ram/b08/U66 is not placed. (LGL-003)
Warning: Standard cell instance u_framer/u_payload_ram/b08/U67 is not placed. (LGL-003)
Warning: Standard cell instance u_framer/u_payload_ram/b08/U68 is not placed. (LGL-003)
Warning: Standard cell instance u_framer/u_payload_ram/b08/U69 is not placed. (LGL-003)
Warning: Standard cell instance u_framer/u_payload_ram/b08/U70 is not placed. (LGL-003)
Warning: Standard cell instance u_framer/u_payload_ram/b08/U71 is not placed. (LGL-003)
Warning: Standard cell instance u_framer/u_payload_ram/b08/U72 is not placed. (LGL-003)
Warning: Standard cell instance u_framer/u_payload_ram/b08/U73 is not placed. (LGL-003)
Warning: Standard cell instance u_framer/u_payload_ram/b08/U74 is not placed. (LGL-003)
Warning: Standard cell instance u_framer/u_payload_ram/b08/U75 is not placed. (LGL-003)
Warning: Standard cell instance u_framer/u_payload_ram/b08/U76 is not placed. (LGL-003)
Warning: Standard cell instance u_framer/u_payload_ram/b08/U77 is not placed. (LGL-003)
Warning: Standard cell instance u_framer/u_payload_ram/b08/U78 is not placed. (LGL-003)
Warning: Standard cell instance u_framer/u_payload_ram/b08/U79 is not placed. (LGL-003)
Warning: Standard cell instance u_framer/u_payload_ram/b08/U306 is not placed. (LGL-003)
Warning: Standard cell instance u_framer/u_payload_ram/b08/U307 is not placed. (LGL-003)
Warning: Standard cell instance u_framer/u_payload_ram/b08/U308 is not placed. (LGL-003)
Warning: Standard cell instance u_framer/u_payload_ram/b08/U309 is not placed. (LGL-003)
Warning: Standard cell instance u_framer/u_payload_ram/b08/U310 is not placed. (LGL-003)
Warning: Standard cell instance u_framer/u_payload_ram/b08/U311 is not placed. (LGL-003)
Warning: Standard cell instance u_framer/u_payload_ram/b09/U85 is not placed. (LGL-003)
Warning: Standard cell instance u_framer/u_payload_ram/b09/U86 is not placed. (LGL-003)
Warning: Standard cell instance u_framer/u_payload_ram/b09/U87 is not placed. (LGL-003)
Warning: Standard cell instance u_framer/u_payload_ram/b09/U88 is not placed. (LGL-003)
Warning: Standard cell instance u_framer/u_payload_ram/b09/U89 is not placed. (LGL-003)
Warning: Standard cell instance u_framer/u_payload_ram/b09/U90 is not placed. (LGL-003)
Warning: Standard cell instance u_framer/u_payload_ram/b09/U91 is not placed. (LGL-003)
Warning: Standard cell instance u_framer/u_payload_ram/b09/U92 is not placed. (LGL-003)
Warning: Standard cell instance u_framer/u_payload_ram/b09/U93 is not placed. (LGL-003)
Warning: Standard cell instance u_framer/u_payload_ram/b09/U94 is not placed. (LGL-003)
Warning: Standard cell instance u_framer/u_payload_ram/b09/U95 is not placed. (LGL-003)
Warning: Standard cell instance u_framer/u_payload_ram/b09/U96 is not placed. (LGL-003)
Warning: Standard cell instance u_framer/u_payload_ram/b09/U97 is not placed. (LGL-003)
Warning: Standard cell instance u_framer/u_payload_ram/b09/U98 is not placed. (LGL-003)
Warning: Standard cell instance u_framer/u_payload_ram/b09/U99 is not placed. (LGL-003)
Warning: Standard cell instance u_framer/u_payload_ram/b09/U100 is not placed. (LGL-003)
Warning: Standard cell instance u_framer/u_payload_ram/b09/U101 is not placed. (LGL-003)
Warning: Standard cell instance u_framer/u_payload_ram/b09/U102 is not placed. (LGL-003)
Warning: Standard cell instance u_framer/u_payload_ram/b09/U103 is not placed. (LGL-003)
Warning: Standard cell instance u_framer/u_payload_ram/b09/U104 is not placed. (LGL-003)
Warning: Standard cell instance u_framer/u_payload_ram/b09/U105 is not placed. (LGL-003)
Warning: Standard cell instance u_framer/u_payload_ram/b09/U106 is not placed. (LGL-003)
Warning: Standard cell instance u_framer/u_payload_ram/b09/U107 is not placed. (LGL-003)
Warning: Standard cell instance u_framer/u_payload_ram/b09/U108 is not placed. (LGL-003)
Warning: Standard cell instance u_framer/u_payload_ram/b09/U109 is not placed. (LGL-003)
Warning: Standard cell instance u_framer/u_payload_ram/b09/U110 is not placed. (LGL-003)
Warning: Standard cell instance u_framer/u_payload_ram/b09/U111 is not placed. (LGL-003)
Warning: Standard cell instance u_framer/u_payload_ram/b09/U112 is not placed. (LGL-003)
Warning: Standard cell instance u_framer/u_payload_ram/b09/U113 is not placed. (LGL-003)
Warning: Standard cell instance u_framer/u_payload_ram/b09/U114 is not placed. (LGL-003)
Warning: Standard cell instance u_framer/u_payload_ram/b09/U115 is not placed. (LGL-003)
Warning: Standard cell instance u_framer/u_payload_ram/b09/U116 is not placed. (LGL-003)
Warning: Standard cell instance u_framer/u_payload_ram/b09/U117 is not placed. (LGL-003)
Warning: Standard cell instance u_framer/u_payload_ram/b09/U118 is not placed. (LGL-003)
Warning: Standard cell instance u_framer/u_payload_ram/b09/U119 is not placed. (LGL-003)
Warning: Standard cell instance u_framer/u_payload_ram/b09/U120 is not placed. (LGL-003)
Warning: Standard cell instance u_framer/u_payload_ram/b09/U121 is not placed. (LGL-003)
Warning: Standard cell instance u_framer/u_payload_ram/b09/U122 is not placed. (LGL-003)
Warning: Standard cell instance u_framer/u_payload_ram/b09/U123 is not placed. (LGL-003)
Warning: Standard cell instance u_framer/u_payload_ram/b09/U124 is not placed. (LGL-003)
Warning: Standard cell instance u_framer/u_payload_ram/b09/U129 is not placed. (LGL-003)
Warning: Standard cell instance u_framer/u_payload_ram/b09/U130 is not placed. (LGL-003)
Warning: Standard cell instance u_framer/u_payload_ram/b09/U131 is not placed. (LGL-003)
Warning: Standard cell instance u_framer/u_payload_ram/b09/U132 is not placed. (LGL-003)
Warning: Standard cell instance u_framer/u_payload_ram/b09/U161 is not placed. (LGL-003)
Warning: Standard cell instance u_framer/u_payload_ram/b09/U194 is not placed. (LGL-003)
Warning: Standard cell instance u_framer/u_payload_ram/b09/U195 is not placed. (LGL-003)
Warning: Standard cell instance u_framer/u_payload_ram/b09/U196 is not placed. (LGL-003)
Warning: Standard cell instance u_framer/u_payload_ram/b09/mem_reg_0__7_ is not placed. (LGL-003)
Warning: Standard cell instance u_framer/u_payload_ram/b09/mem_reg_0__6_ is not placed. (LGL-003)
Warning: Standard cell instance u_framer/u_payload_ram/b09/mem_reg_0__5_ is not placed. (LGL-003)
Warning: Standard cell instance u_framer/u_payload_ram/b09/mem_reg_0__4_ is not placed. (LGL-003)
Warning: Standard cell instance u_framer/u_payload_ram/b09/mem_reg_0__3_ is not placed. (LGL-003)
Warning: Standard cell instance u_framer/u_payload_ram/b09/mem_reg_0__2_ is not placed. (LGL-003)
Warning: Standard cell instance u_framer/u_payload_ram/b09/mem_reg_0__1_ is not placed. (LGL-003)
Warning: Standard cell instance u_framer/u_payload_ram/b09/mem_reg_0__0_ is not placed. (LGL-003)
Warning: Standard cell instance u_framer/u_payload_ram/b09/mem_reg_1__7_ is not placed. (LGL-003)
Warning: Standard cell instance u_framer/u_payload_ram/b09/mem_reg_1__6_ is not placed. (LGL-003)
Warning: Standard cell instance u_framer/u_payload_ram/b09/mem_reg_1__5_ is not placed. (LGL-003)
Warning: Standard cell instance u_framer/u_payload_ram/b09/mem_reg_1__4_ is not placed. (LGL-003)
Warning: Standard cell instance u_framer/u_payload_ram/b09/mem_reg_1__3_ is not placed. (LGL-003)
Warning: Standard cell instance u_framer/u_payload_ram/b09/mem_reg_1__2_ is not placed. (LGL-003)
Warning: Standard cell instance u_framer/u_payload_ram/b09/mem_reg_1__1_ is not placed. (LGL-003)
Warning: Standard cell instance u_framer/u_payload_ram/b09/mem_reg_1__0_ is not placed. (LGL-003)
Warning: Standard cell instance u_framer/u_payload_ram/b09/mem_reg_2__7_ is not placed. (LGL-003)
Warning: Standard cell instance u_framer/u_payload_ram/b09/mem_reg_2__6_ is not placed. (LGL-003)
Warning: Standard cell instance u_framer/u_payload_ram/b09/mem_reg_2__5_ is not placed. (LGL-003)
Warning: Standard cell instance u_framer/u_payload_ram/b09/mem_reg_2__4_ is not placed. (LGL-003)
Warning: Standard cell instance u_framer/u_payload_ram/b09/mem_reg_2__3_ is not placed. (LGL-003)
Warning: Standard cell instance u_framer/u_payload_ram/b09/mem_reg_2__2_ is not placed. (LGL-003)
Warning: Standard cell instance u_framer/u_payload_ram/b09/mem_reg_2__1_ is not placed. (LGL-003)
Warning: Standard cell instance u_framer/u_payload_ram/b09/mem_reg_2__0_ is not placed. (LGL-003)
Warning: Standard cell instance u_framer/u_payload_ram/b09/mem_reg_3__7_ is not placed. (LGL-003)
Warning: Standard cell instance u_framer/u_payload_ram/b09/mem_reg_3__6_ is not placed. (LGL-003)
Warning: Standard cell instance u_framer/u_payload_ram/b09/mem_reg_3__5_ is not placed. (LGL-003)
Warning: Standard cell instance u_framer/u_payload_ram/b09/mem_reg_3__4_ is not placed. (LGL-003)
Warning: Standard cell instance u_framer/u_payload_ram/b09/mem_reg_3__3_ is not placed. (LGL-003)
Warning: Standard cell instance u_framer/u_payload_ram/b09/mem_reg_3__2_ is not placed. (LGL-003)
Warning: Standard cell instance u_framer/u_payload_ram/b09/mem_reg_3__1_ is not placed. (LGL-003)
Warning: Standard cell instance u_framer/u_payload_ram/b09/mem_reg_3__0_ is not placed. (LGL-003)
Warning: Standard cell instance u_framer/u_payload_ram/b09/mem_reg_4__7_ is not placed. (LGL-003)
Warning: Standard cell instance u_framer/u_payload_ram/b09/mem_reg_4__6_ is not placed. (LGL-003)
Warning: Standard cell instance u_framer/u_payload_ram/b09/mem_reg_4__5_ is not placed. (LGL-003)
Warning: Standard cell instance u_framer/u_payload_ram/b09/mem_reg_4__4_ is not placed. (LGL-003)
Warning: Standard cell instance u_framer/u_payload_ram/b09/mem_reg_4__3_ is not placed. (LGL-003)
Warning: Standard cell instance u_framer/u_payload_ram/b09/mem_reg_4__2_ is not placed. (LGL-003)
Warning: Standard cell instance u_framer/u_payload_ram/b09/mem_reg_4__1_ is not placed. (LGL-003)
Warning: Standard cell instance u_framer/u_payload_ram/b09/mem_reg_4__0_ is not placed. (LGL-003)
Warning: Standard cell instance u_framer/u_payload_ram/b09/mem_reg_5__7_ is not placed. (LGL-003)
Warning: Standard cell instance u_framer/u_payload_ram/b09/mem_reg_5__6_ is not placed. (LGL-003)
Warning: Standard cell instance u_framer/u_payload_ram/b09/mem_reg_5__5_ is not placed. (LGL-003)
Warning: Standard cell instance u_framer/u_payload_ram/b09/mem_reg_5__4_ is not placed. (LGL-003)
Warning: Standard cell instance u_framer/u_payload_ram/b09/mem_reg_5__3_ is not placed. (LGL-003)
Warning: Standard cell instance u_framer/u_payload_ram/b09/mem_reg_5__2_ is not placed. (LGL-003)
Warning: Standard cell instance u_framer/u_payload_ram/b09/mem_reg_5__1_ is not placed. (LGL-003)
Warning: Standard cell instance u_framer/u_payload_ram/b09/mem_reg_5__0_ is not placed. (LGL-003)
Warning: Standard cell instance u_framer/u_payload_ram/b09/mem_reg_6__7_ is not placed. (LGL-003)
Warning: Standard cell instance u_framer/u_payload_ram/b09/mem_reg_6__6_ is not placed. (LGL-003)
Warning: Standard cell instance u_framer/u_payload_ram/b09/mem_reg_6__5_ is not placed. (LGL-003)
Warning: Standard cell instance u_framer/u_payload_ram/b09/mem_reg_6__4_ is not placed. (LGL-003)
Warning: Standard cell instance u_framer/u_payload_ram/b09/mem_reg_6__3_ is not placed. (LGL-003)
Warning: Standard cell instance u_framer/u_payload_ram/b09/mem_reg_6__2_ is not placed. (LGL-003)
Warning: Standard cell instance u_framer/u_payload_ram/b09/mem_reg_6__1_ is not placed. (LGL-003)
Warning: Standard cell instance u_framer/u_payload_ram/b09/mem_reg_6__0_ is not placed. (LGL-003)
Warning: Standard cell instance u_framer/u_payload_ram/b09/mem_reg_7__7_ is not placed. (LGL-003)
Warning: Standard cell instance u_framer/u_payload_ram/b09/mem_reg_7__6_ is not placed. (LGL-003)
Warning: Standard cell instance u_framer/u_payload_ram/b09/mem_reg_7__5_ is not placed. (LGL-003)
Warning: Standard cell instance u_framer/u_payload_ram/b09/mem_reg_7__4_ is not placed. (LGL-003)
Warning: Standard cell instance u_framer/u_payload_ram/b09/mem_reg_7__3_ is not placed. (LGL-003)
Warning: Standard cell instance u_framer/u_payload_ram/b09/mem_reg_7__2_ is not placed. (LGL-003)
Warning: Standard cell instance u_framer/u_payload_ram/b09/mem_reg_7__1_ is not placed. (LGL-003)
Warning: Standard cell instance u_framer/u_payload_ram/b09/mem_reg_7__0_ is not placed. (LGL-003)
Warning: Standard cell instance u_framer/u_payload_ram/b09/U2 is not placed. (LGL-003)
Warning: Standard cell instance u_framer/u_payload_ram/b09/U3 is not placed. (LGL-003)
Warning: Standard cell instance u_framer/u_payload_ram/b09/U4 is not placed. (LGL-003)
Warning: Standard cell instance u_framer/u_payload_ram/b09/U5 is not placed. (LGL-003)
Warning: Standard cell instance u_framer/u_payload_ram/b09/U6 is not placed. (LGL-003)
Warning: Standard cell instance u_framer/u_payload_ram/b09/U7 is not placed. (LGL-003)
Warning: Standard cell instance u_framer/u_payload_ram/b09/U8 is not placed. (LGL-003)
Warning: Standard cell instance u_framer/u_payload_ram/b09/U9 is not placed. (LGL-003)
Warning: Standard cell instance u_framer/u_payload_ram/b09/U10 is not placed. (LGL-003)
Warning: Standard cell instance u_framer/u_payload_ram/b09/U11 is not placed. (LGL-003)
Warning: Standard cell instance u_framer/u_payload_ram/b09/U12 is not placed. (LGL-003)
Warning: Standard cell instance u_framer/u_payload_ram/b09/U13 is not placed. (LGL-003)
Warning: Standard cell instance u_framer/u_payload_ram/b09/U14 is not placed. (LGL-003)
Warning: Standard cell instance u_framer/u_payload_ram/b09/U15 is not placed. (LGL-003)
Warning: Standard cell instance u_framer/u_payload_ram/b09/U16 is not placed. (LGL-003)
Warning: Standard cell instance u_framer/u_payload_ram/b09/U17 is not placed. (LGL-003)
Warning: Standard cell instance u_framer/u_payload_ram/b09/U18 is not placed. (LGL-003)
Warning: Standard cell instance u_framer/u_payload_ram/b09/U19 is not placed. (LGL-003)
Warning: Standard cell instance u_framer/u_payload_ram/b09/U20 is not placed. (LGL-003)
Warning: Standard cell instance u_framer/u_payload_ram/b09/U21 is not placed. (LGL-003)
Warning: Standard cell instance u_framer/u_payload_ram/b09/U22 is not placed. (LGL-003)
Warning: Standard cell instance u_framer/u_payload_ram/b09/U23 is not placed. (LGL-003)
Warning: Standard cell instance u_framer/u_payload_ram/b09/U24 is not placed. (LGL-003)
Warning: Standard cell instance u_framer/u_payload_ram/b09/U25 is not placed. (LGL-003)
Warning: Standard cell instance u_framer/u_payload_ram/b09/U26 is not placed. (LGL-003)
Warning: Standard cell instance u_framer/u_payload_ram/b09/U27 is not placed. (LGL-003)
Warning: Standard cell instance u_framer/u_payload_ram/b09/U28 is not placed. (LGL-003)
Warning: Standard cell instance u_framer/u_payload_ram/b09/U29 is not placed. (LGL-003)
Warning: Standard cell instance u_framer/u_payload_ram/b09/U30 is not placed. (LGL-003)
Warning: Standard cell instance u_framer/u_payload_ram/b09/U31 is not placed. (LGL-003)
Warning: Standard cell instance u_framer/u_payload_ram/b09/U32 is not placed. (LGL-003)
Warning: Standard cell instance u_framer/u_payload_ram/b09/U33 is not placed. (LGL-003)
Warning: Standard cell instance u_framer/u_payload_ram/b09/U34 is not placed. (LGL-003)
Warning: Standard cell instance u_framer/u_payload_ram/b09/U35 is not placed. (LGL-003)
Warning: Standard cell instance u_framer/u_payload_ram/b09/U36 is not placed. (LGL-003)
Warning: Standard cell instance u_framer/u_payload_ram/b09/U37 is not placed. (LGL-003)
Warning: Standard cell instance u_framer/u_payload_ram/b09/U38 is not placed. (LGL-003)
Warning: Standard cell instance u_framer/u_payload_ram/b09/U39 is not placed. (LGL-003)
Warning: Standard cell instance u_framer/u_payload_ram/b09/U40 is not placed. (LGL-003)
Warning: Standard cell instance u_framer/u_payload_ram/b09/U41 is not placed. (LGL-003)
Warning: Standard cell instance u_framer/u_payload_ram/b09/U42 is not placed. (LGL-003)
Warning: Standard cell instance u_framer/u_payload_ram/b09/U43 is not placed. (LGL-003)
Warning: Standard cell instance u_framer/u_payload_ram/b09/U44 is not placed. (LGL-003)
Warning: Standard cell instance u_framer/u_payload_ram/b09/U45 is not placed. (LGL-003)
Warning: Standard cell instance u_framer/u_payload_ram/b09/U46 is not placed. (LGL-003)
Warning: Standard cell instance u_framer/u_payload_ram/b09/U47 is not placed. (LGL-003)
Warning: Standard cell instance u_framer/u_payload_ram/b09/U48 is not placed. (LGL-003)
Warning: Standard cell instance u_framer/u_payload_ram/b09/U49 is not placed. (LGL-003)
Warning: Standard cell instance u_framer/u_payload_ram/b09/U50 is not placed. (LGL-003)
Warning: Standard cell instance u_framer/u_payload_ram/b09/U51 is not placed. (LGL-003)
Warning: Standard cell instance u_framer/u_payload_ram/b09/U52 is not placed. (LGL-003)
Warning: Standard cell instance u_framer/u_payload_ram/b09/U53 is not placed. (LGL-003)
Warning: Standard cell instance u_framer/u_payload_ram/b09/U54 is not placed. (LGL-003)
Warning: Standard cell instance u_framer/u_payload_ram/b09/U55 is not placed. (LGL-003)
Warning: Standard cell instance u_framer/u_payload_ram/b09/U56 is not placed. (LGL-003)
Warning: Standard cell instance u_framer/u_payload_ram/b09/U57 is not placed. (LGL-003)
Warning: Standard cell instance u_framer/u_payload_ram/b09/U58 is not placed. (LGL-003)
Warning: Standard cell instance u_framer/u_payload_ram/b09/U59 is not placed. (LGL-003)
Warning: Standard cell instance u_framer/u_payload_ram/b09/U60 is not placed. (LGL-003)
Warning: Standard cell instance u_framer/u_payload_ram/b09/U61 is not placed. (LGL-003)
Warning: Standard cell instance u_framer/u_payload_ram/b09/U62 is not placed. (LGL-003)
Warning: Standard cell instance u_framer/u_payload_ram/b09/U63 is not placed. (LGL-003)
Warning: Standard cell instance u_framer/u_payload_ram/b09/U64 is not placed. (LGL-003)
Warning: Standard cell instance u_framer/u_payload_ram/b09/U65 is not placed. (LGL-003)
Warning: Standard cell instance u_framer/u_payload_ram/b09/U66 is not placed. (LGL-003)
Warning: Standard cell instance u_framer/u_payload_ram/b09/U67 is not placed. (LGL-003)
Warning: Standard cell instance u_framer/u_payload_ram/b09/U68 is not placed. (LGL-003)
Warning: Standard cell instance u_framer/u_payload_ram/b09/U69 is not placed. (LGL-003)
Warning: Standard cell instance u_framer/u_payload_ram/b09/U70 is not placed. (LGL-003)
Warning: Standard cell instance u_framer/u_payload_ram/b09/U71 is not placed. (LGL-003)
Warning: Standard cell instance u_framer/u_payload_ram/b09/U72 is not placed. (LGL-003)
Warning: Standard cell instance u_framer/u_payload_ram/b09/U73 is not placed. (LGL-003)
Warning: Standard cell instance u_framer/u_payload_ram/b09/U74 is not placed. (LGL-003)
Warning: Standard cell instance u_framer/u_payload_ram/b09/U75 is not placed. (LGL-003)
Warning: Standard cell instance u_framer/u_payload_ram/b09/U76 is not placed. (LGL-003)
Warning: Standard cell instance u_framer/u_payload_ram/b09/U77 is not placed. (LGL-003)
Warning: Standard cell instance u_framer/u_payload_ram/b09/U78 is not placed. (LGL-003)
Warning: Standard cell instance u_framer/u_payload_ram/b09/U79 is not placed. (LGL-003)
Warning: Standard cell instance u_framer/u_payload_ram/b09/U80 is not placed. (LGL-003)
Warning: Standard cell instance u_framer/u_payload_ram/b09/U81 is not placed. (LGL-003)
Warning: Standard cell instance u_framer/u_payload_ram/b09/U82 is not placed. (LGL-003)
Warning: Standard cell instance u_framer/u_payload_ram/b09/U83 is not placed. (LGL-003)
Warning: Standard cell instance u_framer/u_payload_ram/b09/U84 is not placed. (LGL-003)
Warning: Standard cell instance u_framer/u_payload_ram/b09/U125 is not placed. (LGL-003)
Warning: Standard cell instance u_framer/u_payload_ram/b09/U126 is not placed. (LGL-003)
Warning: Standard cell instance u_framer/u_payload_ram/b09/U127 is not placed. (LGL-003)
Warning: Standard cell instance u_framer/u_payload_ram/b09/U128 is not placed. (LGL-003)
Warning: Standard cell instance u_framer/u_payload_ram/b09/U133 is not placed. (LGL-003)
Warning: Standard cell instance u_framer/u_payload_ram/b09/U134 is not placed. (LGL-003)
Warning: Standard cell instance u_framer/u_payload_ram/b09/U135 is not placed. (LGL-003)
Warning: Standard cell instance u_framer/u_payload_ram/b09/U136 is not placed. (LGL-003)
Warning: Standard cell instance u_framer/u_payload_ram/b09/U137 is not placed. (LGL-003)
Warning: Standard cell instance u_framer/u_payload_ram/b09/U138 is not placed. (LGL-003)
Warning: Standard cell instance u_framer/u_payload_ram/b09/U139 is not placed. (LGL-003)
Warning: Standard cell instance u_framer/u_payload_ram/b09/U140 is not placed. (LGL-003)
Warning: Standard cell instance u_framer/u_payload_ram/b09/U141 is not placed. (LGL-003)
Warning: Standard cell instance u_framer/u_payload_ram/b09/U142 is not placed. (LGL-003)
Warning: Standard cell instance u_framer/u_payload_ram/b09/U143 is not placed. (LGL-003)
Warning: Standard cell instance u_framer/u_payload_ram/b09/U144 is not placed. (LGL-003)
Warning: Standard cell instance u_framer/u_payload_ram/b09/U145 is not placed. (LGL-003)
Warning: Standard cell instance u_framer/u_payload_ram/b09/U146 is not placed. (LGL-003)
Warning: Standard cell instance u_framer/u_payload_ram/b09/U147 is not placed. (LGL-003)
Warning: Standard cell instance u_framer/u_payload_ram/b09/U148 is not placed. (LGL-003)
Warning: Standard cell instance u_framer/u_payload_ram/b09/U149 is not placed. (LGL-003)
Warning: Standard cell instance u_framer/u_payload_ram/b09/U150 is not placed. (LGL-003)
Warning: Standard cell instance u_framer/u_payload_ram/b09/U151 is not placed. (LGL-003)
Warning: Standard cell instance u_framer/u_payload_ram/b09/U152 is not placed. (LGL-003)
Warning: Standard cell instance u_framer/u_payload_ram/b09/U153 is not placed. (LGL-003)
Warning: Standard cell instance u_framer/u_payload_ram/b09/U154 is not placed. (LGL-003)
Warning: Standard cell instance u_framer/u_payload_ram/b09/U155 is not placed. (LGL-003)
Warning: Standard cell instance u_framer/u_payload_ram/b09/U156 is not placed. (LGL-003)
Warning: Standard cell instance u_framer/u_payload_ram/b09/U157 is not placed. (LGL-003)
Warning: Standard cell instance u_framer/u_payload_ram/b09/U158 is not placed. (LGL-003)
Warning: Standard cell instance u_framer/u_payload_ram/b09/U159 is not placed. (LGL-003)
Warning: Standard cell instance u_framer/u_payload_ram/b09/U160 is not placed. (LGL-003)
Warning: Standard cell instance u_framer/u_payload_ram/b09/U162 is not placed. (LGL-003)
Warning: Standard cell instance u_framer/u_payload_ram/b09/U163 is not placed. (LGL-003)
Warning: Standard cell instance u_framer/u_payload_ram/b09/U164 is not placed. (LGL-003)
Warning: Standard cell instance u_framer/u_payload_ram/b09/U165 is not placed. (LGL-003)
Warning: Standard cell instance u_framer/u_payload_ram/b09/U166 is not placed. (LGL-003)
Warning: Standard cell instance u_framer/u_payload_ram/b09/U167 is not placed. (LGL-003)
Warning: Standard cell instance u_framer/u_payload_ram/b09/U168 is not placed. (LGL-003)
Warning: Standard cell instance u_framer/u_payload_ram/b09/U300 is not placed. (LGL-003)
Warning: Standard cell instance u_framer/u_payload_ram/b09/U301 is not placed. (LGL-003)
Warning: Standard cell instance u_framer/u_payload_ram/b09/U302 is not placed. (LGL-003)
Warning: Standard cell instance u_framer/u_payload_ram/b09/U303 is not placed. (LGL-003)
Warning: Standard cell instance u_framer/u_payload_ram/b09/U304 is not placed. (LGL-003)
Warning: Standard cell instance u_framer/u_payload_ram/b09/U305 is not placed. (LGL-003)
Warning: Standard cell instance u_framer/u_payload_ram/b09/U306 is not placed. (LGL-003)
Warning: Standard cell instance u_framer/u_payload_ram/b09/U307 is not placed. (LGL-003)
Warning: Standard cell instance u_framer/u_payload_ram/b09/U308 is not placed. (LGL-003)
Warning: Standard cell instance u_framer/u_payload_ram/b09/U309 is not placed. (LGL-003)
Warning: Standard cell instance u_framer/u_payload_ram/b09/U310 is not placed. (LGL-003)
Warning: Standard cell instance u_framer/u_payload_ram/b10/U85 is not placed. (LGL-003)
Warning: Standard cell instance u_framer/u_payload_ram/b10/U86 is not placed. (LGL-003)
Warning: Standard cell instance u_framer/u_payload_ram/b10/U87 is not placed. (LGL-003)
Warning: Standard cell instance u_framer/u_payload_ram/b10/U88 is not placed. (LGL-003)
Warning: Standard cell instance u_framer/u_payload_ram/b10/U89 is not placed. (LGL-003)
Warning: Standard cell instance u_framer/u_payload_ram/b10/U90 is not placed. (LGL-003)
Warning: Standard cell instance u_framer/u_payload_ram/b10/U91 is not placed. (LGL-003)
Warning: Standard cell instance u_framer/u_payload_ram/b10/U92 is not placed. (LGL-003)
Warning: Standard cell instance u_framer/u_payload_ram/b10/U93 is not placed. (LGL-003)
Warning: Standard cell instance u_framer/u_payload_ram/b10/U94 is not placed. (LGL-003)
Warning: Standard cell instance u_framer/u_payload_ram/b10/U95 is not placed. (LGL-003)
Warning: Standard cell instance u_framer/u_payload_ram/b10/U96 is not placed. (LGL-003)
Warning: Standard cell instance u_framer/u_payload_ram/b10/U97 is not placed. (LGL-003)
Warning: Standard cell instance u_framer/u_payload_ram/b10/U98 is not placed. (LGL-003)
Warning: Standard cell instance u_framer/u_payload_ram/b10/U99 is not placed. (LGL-003)
Warning: Standard cell instance u_framer/u_payload_ram/b10/U100 is not placed. (LGL-003)
Warning: Standard cell instance u_framer/u_payload_ram/b10/U101 is not placed. (LGL-003)
Warning: Standard cell instance u_framer/u_payload_ram/b10/U102 is not placed. (LGL-003)
Warning: Standard cell instance u_framer/u_payload_ram/b10/U103 is not placed. (LGL-003)
Warning: Standard cell instance u_framer/u_payload_ram/b10/U104 is not placed. (LGL-003)
Warning: Standard cell instance u_framer/u_payload_ram/b10/U105 is not placed. (LGL-003)
Warning: Standard cell instance u_framer/u_payload_ram/b10/U106 is not placed. (LGL-003)
Warning: Standard cell instance u_framer/u_payload_ram/b10/U107 is not placed. (LGL-003)
Warning: Standard cell instance u_framer/u_payload_ram/b10/U108 is not placed. (LGL-003)
Warning: Standard cell instance u_framer/u_payload_ram/b10/U109 is not placed. (LGL-003)
Warning: Standard cell instance u_framer/u_payload_ram/b10/U110 is not placed. (LGL-003)
Warning: Standard cell instance u_framer/u_payload_ram/b10/U111 is not placed. (LGL-003)
Warning: Standard cell instance u_framer/u_payload_ram/b10/U112 is not placed. (LGL-003)
Warning: Standard cell instance u_framer/u_payload_ram/b10/U113 is not placed. (LGL-003)
Warning: Standard cell instance u_framer/u_payload_ram/b10/U114 is not placed. (LGL-003)
Warning: Standard cell instance u_framer/u_payload_ram/b10/U115 is not placed. (LGL-003)
Warning: Standard cell instance u_framer/u_payload_ram/b10/U116 is not placed. (LGL-003)
Warning: Standard cell instance u_framer/u_payload_ram/b10/U117 is not placed. (LGL-003)
Warning: Standard cell instance u_framer/u_payload_ram/b10/U118 is not placed. (LGL-003)
Warning: Standard cell instance u_framer/u_payload_ram/b10/U119 is not placed. (LGL-003)
Warning: Standard cell instance u_framer/u_payload_ram/b10/U120 is not placed. (LGL-003)
Warning: Standard cell instance u_framer/u_payload_ram/b10/U121 is not placed. (LGL-003)
Warning: Standard cell instance u_framer/u_payload_ram/b10/U122 is not placed. (LGL-003)
Warning: Standard cell instance u_framer/u_payload_ram/b10/U123 is not placed. (LGL-003)
Warning: Standard cell instance u_framer/u_payload_ram/b10/U124 is not placed. (LGL-003)
Warning: Standard cell instance u_framer/u_payload_ram/b10/U125 is not placed. (LGL-003)
Warning: Standard cell instance u_framer/u_payload_ram/b10/U126 is not placed. (LGL-003)
Warning: Standard cell instance u_framer/u_payload_ram/b10/U127 is not placed. (LGL-003)
Warning: Standard cell instance u_framer/u_payload_ram/b10/U128 is not placed. (LGL-003)
Warning: Standard cell instance u_framer/u_payload_ram/b10/U129 is not placed. (LGL-003)
Warning: Standard cell instance u_framer/u_payload_ram/b10/U130 is not placed. (LGL-003)
Warning: Standard cell instance u_framer/u_payload_ram/b10/U131 is not placed. (LGL-003)
Warning: Standard cell instance u_framer/u_payload_ram/b10/U132 is not placed. (LGL-003)
Warning: Standard cell instance u_framer/u_payload_ram/b10/U134 is not placed. (LGL-003)
Warning: Standard cell instance u_framer/u_payload_ram/b10/U135 is not placed. (LGL-003)
Warning: Standard cell instance u_framer/u_payload_ram/b10/U136 is not placed. (LGL-003)
Warning: Standard cell instance u_framer/u_payload_ram/b10/U138 is not placed. (LGL-003)
Warning: Standard cell instance u_framer/u_payload_ram/b10/U139 is not placed. (LGL-003)
Warning: Standard cell instance u_framer/u_payload_ram/b10/U140 is not placed. (LGL-003)
Warning: Standard cell instance u_framer/u_payload_ram/b10/U141 is not placed. (LGL-003)
Warning: Standard cell instance u_framer/u_payload_ram/b10/U143 is not placed. (LGL-003)
Warning: Standard cell instance u_framer/u_payload_ram/b10/U144 is not placed. (LGL-003)
Warning: Standard cell instance u_framer/u_payload_ram/b10/U145 is not placed. (LGL-003)
Warning: Standard cell instance u_framer/u_payload_ram/b10/U147 is not placed. (LGL-003)
Warning: Standard cell instance u_framer/u_payload_ram/b10/U148 is not placed. (LGL-003)
Warning: Standard cell instance u_framer/u_payload_ram/b10/U149 is not placed. (LGL-003)
Warning: Standard cell instance u_framer/u_payload_ram/b10/U150 is not placed. (LGL-003)
Warning: Standard cell instance u_framer/u_payload_ram/b10/U152 is not placed. (LGL-003)
Warning: Standard cell instance u_framer/u_payload_ram/b10/U153 is not placed. (LGL-003)
Warning: Standard cell instance u_framer/u_payload_ram/b10/U154 is not placed. (LGL-003)
Warning: Standard cell instance u_framer/u_payload_ram/b10/U155 is not placed. (LGL-003)
Warning: Standard cell instance u_framer/u_payload_ram/b10/U156 is not placed. (LGL-003)
Warning: Standard cell instance u_framer/u_payload_ram/b10/U157 is not placed. (LGL-003)
Warning: Standard cell instance u_framer/u_payload_ram/b10/U158 is not placed. (LGL-003)
Warning: Standard cell instance u_framer/u_payload_ram/b10/U159 is not placed. (LGL-003)
Warning: Standard cell instance u_framer/u_payload_ram/b10/U162 is not placed. (LGL-003)
Warning: Standard cell instance u_framer/u_payload_ram/b10/U163 is not placed. (LGL-003)
Warning: Standard cell instance u_framer/u_payload_ram/b10/U164 is not placed. (LGL-003)
Warning: Standard cell instance u_framer/u_payload_ram/b10/U165 is not placed. (LGL-003)
Warning: Standard cell instance u_framer/u_payload_ram/b10/U166 is not placed. (LGL-003)
Warning: Standard cell instance u_framer/u_payload_ram/b10/U167 is not placed. (LGL-003)
Warning: Standard cell instance u_framer/u_payload_ram/b10/U168 is not placed. (LGL-003)
Warning: Standard cell instance u_framer/u_payload_ram/b10/U169 is not placed. (LGL-003)
Warning: Standard cell instance u_framer/u_payload_ram/b10/U171 is not placed. (LGL-003)
Warning: Standard cell instance u_framer/u_payload_ram/b10/U172 is not placed. (LGL-003)
Warning: Standard cell instance u_framer/u_payload_ram/b10/U173 is not placed. (LGL-003)
Warning: Standard cell instance u_framer/u_payload_ram/b10/U174 is not placed. (LGL-003)
Warning: Standard cell instance u_framer/u_payload_ram/b10/U175 is not placed. (LGL-003)
Warning: Standard cell instance u_framer/u_payload_ram/b10/U176 is not placed. (LGL-003)
Warning: Standard cell instance u_framer/u_payload_ram/b10/U177 is not placed. (LGL-003)
Warning: Standard cell instance u_framer/u_payload_ram/b10/U178 is not placed. (LGL-003)
Warning: Standard cell instance u_framer/u_payload_ram/b10/U180 is not placed. (LGL-003)
Warning: Standard cell instance u_framer/u_payload_ram/b10/U181 is not placed. (LGL-003)
Warning: Standard cell instance u_framer/u_payload_ram/b10/U182 is not placed. (LGL-003)
Warning: Standard cell instance u_framer/u_payload_ram/b10/U183 is not placed. (LGL-003)
Warning: Standard cell instance u_framer/u_payload_ram/b10/U184 is not placed. (LGL-003)
Warning: Standard cell instance u_framer/u_payload_ram/b10/U185 is not placed. (LGL-003)
Warning: Standard cell instance u_framer/u_payload_ram/b10/U186 is not placed. (LGL-003)
Warning: Standard cell instance u_framer/u_payload_ram/b10/U187 is not placed. (LGL-003)
Warning: Standard cell instance u_framer/u_payload_ram/b10/U189 is not placed. (LGL-003)
Warning: Standard cell instance u_framer/u_payload_ram/b10/U190 is not placed. (LGL-003)
Warning: Standard cell instance u_framer/u_payload_ram/b10/U191 is not placed. (LGL-003)
Warning: Standard cell instance u_framer/u_payload_ram/b10/U192 is not placed. (LGL-003)
Warning: Standard cell instance u_framer/u_payload_ram/b10/U193 is not placed. (LGL-003)
Warning: Standard cell instance u_framer/u_payload_ram/b10/U194 is not placed. (LGL-003)
Warning: Standard cell instance u_framer/u_payload_ram/b10/U195 is not placed. (LGL-003)
Warning: Standard cell instance u_framer/u_payload_ram/b10/U196 is not placed. (LGL-003)
Warning: Standard cell instance u_framer/u_payload_ram/b10/mem_reg_0__7_ is not placed. (LGL-003)
Warning: Standard cell instance u_framer/u_payload_ram/b10/mem_reg_0__6_ is not placed. (LGL-003)
Warning: Standard cell instance u_framer/u_payload_ram/b10/mem_reg_0__5_ is not placed. (LGL-003)
Warning: Standard cell instance u_framer/u_payload_ram/b10/mem_reg_0__4_ is not placed. (LGL-003)
Warning: Standard cell instance u_framer/u_payload_ram/b10/mem_reg_0__3_ is not placed. (LGL-003)
Warning: Standard cell instance u_framer/u_payload_ram/b10/mem_reg_0__2_ is not placed. (LGL-003)
Warning: Standard cell instance u_framer/u_payload_ram/b10/mem_reg_0__1_ is not placed. (LGL-003)
Warning: Standard cell instance u_framer/u_payload_ram/b10/mem_reg_0__0_ is not placed. (LGL-003)
Warning: Standard cell instance u_framer/u_payload_ram/b10/mem_reg_1__7_ is not placed. (LGL-003)
Warning: Standard cell instance u_framer/u_payload_ram/b10/mem_reg_1__6_ is not placed. (LGL-003)
Warning: Standard cell instance u_framer/u_payload_ram/b10/mem_reg_1__5_ is not placed. (LGL-003)
Warning: Standard cell instance u_framer/u_payload_ram/b10/mem_reg_1__4_ is not placed. (LGL-003)
Warning: Standard cell instance u_framer/u_payload_ram/b10/mem_reg_1__3_ is not placed. (LGL-003)
Warning: Standard cell instance u_framer/u_payload_ram/b10/mem_reg_1__2_ is not placed. (LGL-003)
Warning: Standard cell instance u_framer/u_payload_ram/b10/mem_reg_1__1_ is not placed. (LGL-003)
Warning: Standard cell instance u_framer/u_payload_ram/b10/mem_reg_1__0_ is not placed. (LGL-003)
Warning: Standard cell instance u_framer/u_payload_ram/b10/mem_reg_2__7_ is not placed. (LGL-003)
Warning: Standard cell instance u_framer/u_payload_ram/b10/mem_reg_2__6_ is not placed. (LGL-003)
Warning: Standard cell instance u_framer/u_payload_ram/b10/mem_reg_2__5_ is not placed. (LGL-003)
Warning: Standard cell instance u_framer/u_payload_ram/b10/mem_reg_2__4_ is not placed. (LGL-003)
Warning: Standard cell instance u_framer/u_payload_ram/b10/mem_reg_2__3_ is not placed. (LGL-003)
Warning: Standard cell instance u_framer/u_payload_ram/b10/mem_reg_2__2_ is not placed. (LGL-003)
Warning: Standard cell instance u_framer/u_payload_ram/b10/mem_reg_2__1_ is not placed. (LGL-003)
Warning: Standard cell instance u_framer/u_payload_ram/b10/mem_reg_2__0_ is not placed. (LGL-003)
Warning: Standard cell instance u_framer/u_payload_ram/b10/mem_reg_3__7_ is not placed. (LGL-003)
Warning: Standard cell instance u_framer/u_payload_ram/b10/mem_reg_3__6_ is not placed. (LGL-003)
Warning: Standard cell instance u_framer/u_payload_ram/b10/mem_reg_3__5_ is not placed. (LGL-003)
Warning: Standard cell instance u_framer/u_payload_ram/b10/mem_reg_3__4_ is not placed. (LGL-003)
Warning: Standard cell instance u_framer/u_payload_ram/b10/mem_reg_3__3_ is not placed. (LGL-003)
Warning: Standard cell instance u_framer/u_payload_ram/b10/mem_reg_3__2_ is not placed. (LGL-003)
Warning: Standard cell instance u_framer/u_payload_ram/b10/mem_reg_3__1_ is not placed. (LGL-003)
Warning: Standard cell instance u_framer/u_payload_ram/b10/mem_reg_3__0_ is not placed. (LGL-003)
Warning: Standard cell instance u_framer/u_payload_ram/b10/mem_reg_4__7_ is not placed. (LGL-003)
Warning: Standard cell instance u_framer/u_payload_ram/b10/mem_reg_4__6_ is not placed. (LGL-003)
Warning: Standard cell instance u_framer/u_payload_ram/b10/mem_reg_4__5_ is not placed. (LGL-003)
Warning: Standard cell instance u_framer/u_payload_ram/b10/mem_reg_4__4_ is not placed. (LGL-003)
Warning: Standard cell instance u_framer/u_payload_ram/b10/mem_reg_4__3_ is not placed. (LGL-003)
Warning: Standard cell instance u_framer/u_payload_ram/b10/mem_reg_4__2_ is not placed. (LGL-003)
Warning: Standard cell instance u_framer/u_payload_ram/b10/mem_reg_4__1_ is not placed. (LGL-003)
Warning: Standard cell instance u_framer/u_payload_ram/b10/mem_reg_4__0_ is not placed. (LGL-003)
Warning: Standard cell instance u_framer/u_payload_ram/b10/mem_reg_5__7_ is not placed. (LGL-003)
Warning: Standard cell instance u_framer/u_payload_ram/b10/mem_reg_5__6_ is not placed. (LGL-003)
Warning: Standard cell instance u_framer/u_payload_ram/b10/mem_reg_5__5_ is not placed. (LGL-003)
Warning: Standard cell instance u_framer/u_payload_ram/b10/mem_reg_5__4_ is not placed. (LGL-003)
Warning: Standard cell instance u_framer/u_payload_ram/b10/mem_reg_5__3_ is not placed. (LGL-003)
Warning: Standard cell instance u_framer/u_payload_ram/b10/mem_reg_5__2_ is not placed. (LGL-003)
Warning: Standard cell instance u_framer/u_payload_ram/b10/mem_reg_5__1_ is not placed. (LGL-003)
Warning: Standard cell instance u_framer/u_payload_ram/b10/mem_reg_5__0_ is not placed. (LGL-003)
Warning: Standard cell instance u_framer/u_payload_ram/b10/mem_reg_6__7_ is not placed. (LGL-003)
Warning: Standard cell instance u_framer/u_payload_ram/b10/mem_reg_6__6_ is not placed. (LGL-003)
Warning: Standard cell instance u_framer/u_payload_ram/b10/mem_reg_6__5_ is not placed. (LGL-003)
Warning: Standard cell instance u_framer/u_payload_ram/b10/mem_reg_6__4_ is not placed. (LGL-003)
Warning: Standard cell instance u_framer/u_payload_ram/b10/mem_reg_6__3_ is not placed. (LGL-003)
Warning: Standard cell instance u_framer/u_payload_ram/b10/mem_reg_6__2_ is not placed. (LGL-003)
Warning: Standard cell instance u_framer/u_payload_ram/b10/mem_reg_6__1_ is not placed. (LGL-003)
Warning: Standard cell instance u_framer/u_payload_ram/b10/mem_reg_6__0_ is not placed. (LGL-003)
Warning: Standard cell instance u_framer/u_payload_ram/b10/mem_reg_7__7_ is not placed. (LGL-003)
Warning: Standard cell instance u_framer/u_payload_ram/b10/mem_reg_7__6_ is not placed. (LGL-003)
Warning: Standard cell instance u_framer/u_payload_ram/b10/mem_reg_7__5_ is not placed. (LGL-003)
Warning: Standard cell instance u_framer/u_payload_ram/b10/mem_reg_7__4_ is not placed. (LGL-003)
Warning: Standard cell instance u_framer/u_payload_ram/b10/mem_reg_7__3_ is not placed. (LGL-003)
Warning: Standard cell instance u_framer/u_payload_ram/b10/mem_reg_7__2_ is not placed. (LGL-003)
Warning: Standard cell instance u_framer/u_payload_ram/b10/mem_reg_7__1_ is not placed. (LGL-003)
Warning: Standard cell instance u_framer/u_payload_ram/b10/mem_reg_7__0_ is not placed. (LGL-003)
Warning: Standard cell instance u_framer/u_payload_ram/b10/U2 is not placed. (LGL-003)
Warning: Standard cell instance u_framer/u_payload_ram/b10/U3 is not placed. (LGL-003)
Warning: Standard cell instance u_framer/u_payload_ram/b10/U4 is not placed. (LGL-003)
Warning: Standard cell instance u_framer/u_payload_ram/b10/U5 is not placed. (LGL-003)
Warning: Standard cell instance u_framer/u_payload_ram/b10/U6 is not placed. (LGL-003)
Warning: Standard cell instance u_framer/u_payload_ram/b10/U7 is not placed. (LGL-003)
Warning: Standard cell instance u_framer/u_payload_ram/b10/U8 is not placed. (LGL-003)
Warning: Standard cell instance u_framer/u_payload_ram/b10/U9 is not placed. (LGL-003)
Warning: Standard cell instance u_framer/u_payload_ram/b10/U10 is not placed. (LGL-003)
Warning: Standard cell instance u_framer/u_payload_ram/b10/U11 is not placed. (LGL-003)
Warning: Standard cell instance u_framer/u_payload_ram/b10/U12 is not placed. (LGL-003)
Warning: Standard cell instance u_framer/u_payload_ram/b10/U13 is not placed. (LGL-003)
Warning: Standard cell instance u_framer/u_payload_ram/b10/U14 is not placed. (LGL-003)
Warning: Standard cell instance u_framer/u_payload_ram/b10/U15 is not placed. (LGL-003)
Warning: Standard cell instance u_framer/u_payload_ram/b10/U16 is not placed. (LGL-003)
Warning: Standard cell instance u_framer/u_payload_ram/b10/U17 is not placed. (LGL-003)
Warning: Standard cell instance u_framer/u_payload_ram/b10/U18 is not placed. (LGL-003)
Warning: Standard cell instance u_framer/u_payload_ram/b10/U19 is not placed. (LGL-003)
Warning: Standard cell instance u_framer/u_payload_ram/b10/U20 is not placed. (LGL-003)
Warning: Standard cell instance u_framer/u_payload_ram/b10/U21 is not placed. (LGL-003)
Warning: Standard cell instance u_framer/u_payload_ram/b10/U22 is not placed. (LGL-003)
Warning: Standard cell instance u_framer/u_payload_ram/b10/U23 is not placed. (LGL-003)
Warning: Standard cell instance u_framer/u_payload_ram/b10/U24 is not placed. (LGL-003)
Warning: Standard cell instance u_framer/u_payload_ram/b10/U25 is not placed. (LGL-003)
Warning: Standard cell instance u_framer/u_payload_ram/b10/U26 is not placed. (LGL-003)
Warning: Standard cell instance u_framer/u_payload_ram/b10/U27 is not placed. (LGL-003)
Warning: Standard cell instance u_framer/u_payload_ram/b10/U28 is not placed. (LGL-003)
Warning: Standard cell instance u_framer/u_payload_ram/b10/U29 is not placed. (LGL-003)
Warning: Standard cell instance u_framer/u_payload_ram/b10/U30 is not placed. (LGL-003)
Warning: Standard cell instance u_framer/u_payload_ram/b10/U31 is not placed. (LGL-003)
Warning: Standard cell instance u_framer/u_payload_ram/b10/U32 is not placed. (LGL-003)
Warning: Standard cell instance u_framer/u_payload_ram/b10/U33 is not placed. (LGL-003)
Warning: Standard cell instance u_framer/u_payload_ram/b10/U34 is not placed. (LGL-003)
Warning: Standard cell instance u_framer/u_payload_ram/b10/U35 is not placed. (LGL-003)
Warning: Standard cell instance u_framer/u_payload_ram/b10/U36 is not placed. (LGL-003)
Warning: Standard cell instance u_framer/u_payload_ram/b10/U37 is not placed. (LGL-003)
Warning: Standard cell instance u_framer/u_payload_ram/b10/U38 is not placed. (LGL-003)
Warning: Standard cell instance u_framer/u_payload_ram/b10/U39 is not placed. (LGL-003)
Warning: Standard cell instance u_framer/u_payload_ram/b10/U40 is not placed. (LGL-003)
Warning: Standard cell instance u_framer/u_payload_ram/b10/U41 is not placed. (LGL-003)
Warning: Standard cell instance u_framer/u_payload_ram/b10/U42 is not placed. (LGL-003)
Warning: Standard cell instance u_framer/u_payload_ram/b10/U43 is not placed. (LGL-003)
Warning: Standard cell instance u_framer/u_payload_ram/b10/U44 is not placed. (LGL-003)
Warning: Standard cell instance u_framer/u_payload_ram/b10/U45 is not placed. (LGL-003)
Warning: Standard cell instance u_framer/u_payload_ram/b10/U46 is not placed. (LGL-003)
Warning: Standard cell instance u_framer/u_payload_ram/b10/U47 is not placed. (LGL-003)
Warning: Standard cell instance u_framer/u_payload_ram/b10/U48 is not placed. (LGL-003)
Warning: Standard cell instance u_framer/u_payload_ram/b10/U49 is not placed. (LGL-003)
Warning: Standard cell instance u_framer/u_payload_ram/b10/U50 is not placed. (LGL-003)
Warning: Standard cell instance u_framer/u_payload_ram/b10/U51 is not placed. (LGL-003)
Warning: Standard cell instance u_framer/u_payload_ram/b10/U52 is not placed. (LGL-003)
Warning: Standard cell instance u_framer/u_payload_ram/b10/U53 is not placed. (LGL-003)
Warning: Standard cell instance u_framer/u_payload_ram/b10/U54 is not placed. (LGL-003)
Warning: Standard cell instance u_framer/u_payload_ram/b10/U55 is not placed. (LGL-003)
Warning: Standard cell instance u_framer/u_payload_ram/b10/U56 is not placed. (LGL-003)
Warning: Standard cell instance u_framer/u_payload_ram/b10/U57 is not placed. (LGL-003)
Warning: Standard cell instance u_framer/u_payload_ram/b10/U58 is not placed. (LGL-003)
Warning: Standard cell instance u_framer/u_payload_ram/b10/U59 is not placed. (LGL-003)
Warning: Standard cell instance u_framer/u_payload_ram/b10/U60 is not placed. (LGL-003)
Warning: Standard cell instance u_framer/u_payload_ram/b10/U61 is not placed. (LGL-003)
Warning: Standard cell instance u_framer/u_payload_ram/b10/U62 is not placed. (LGL-003)
Warning: Standard cell instance u_framer/u_payload_ram/b10/U63 is not placed. (LGL-003)
Warning: Standard cell instance u_framer/u_payload_ram/b10/U64 is not placed. (LGL-003)
Warning: Standard cell instance u_framer/u_payload_ram/b10/U65 is not placed. (LGL-003)
Warning: Standard cell instance u_framer/u_payload_ram/b10/U66 is not placed. (LGL-003)
Warning: Standard cell instance u_framer/u_payload_ram/b10/U67 is not placed. (LGL-003)
Warning: Standard cell instance u_framer/u_payload_ram/b10/U68 is not placed. (LGL-003)
Warning: Standard cell instance u_framer/u_payload_ram/b10/U69 is not placed. (LGL-003)
Warning: Standard cell instance u_framer/u_payload_ram/b10/U70 is not placed. (LGL-003)
Warning: Standard cell instance u_framer/u_payload_ram/b10/U71 is not placed. (LGL-003)
Warning: Standard cell instance u_framer/u_payload_ram/b10/U72 is not placed. (LGL-003)
Warning: Standard cell instance u_framer/u_payload_ram/b10/U73 is not placed. (LGL-003)
Warning: Standard cell instance u_framer/u_payload_ram/b10/U74 is not placed. (LGL-003)
Warning: Standard cell instance u_framer/u_payload_ram/b10/U75 is not placed. (LGL-003)
Warning: Standard cell instance u_framer/u_payload_ram/b10/U76 is not placed. (LGL-003)
Warning: Standard cell instance u_framer/u_payload_ram/b10/U77 is not placed. (LGL-003)
Warning: Standard cell instance u_framer/u_payload_ram/b10/U78 is not placed. (LGL-003)
Warning: Standard cell instance u_framer/u_payload_ram/b10/U79 is not placed. (LGL-003)
Warning: Standard cell instance u_framer/u_payload_ram/b10/U80 is not placed. (LGL-003)
Warning: Standard cell instance u_framer/u_payload_ram/b10/U81 is not placed. (LGL-003)
Warning: Standard cell instance u_framer/u_payload_ram/b10/U82 is not placed. (LGL-003)
Warning: Standard cell instance u_framer/u_payload_ram/b10/U83 is not placed. (LGL-003)
Warning: Standard cell instance u_framer/u_payload_ram/b10/U84 is not placed. (LGL-003)
Warning: Standard cell instance u_framer/u_payload_ram/b10/U133 is not placed. (LGL-003)
Warning: Standard cell instance u_framer/u_payload_ram/b10/U137 is not placed. (LGL-003)
Warning: Standard cell instance u_framer/u_payload_ram/b10/U142 is not placed. (LGL-003)
Warning: Standard cell instance u_framer/u_payload_ram/b10/U146 is not placed. (LGL-003)
Warning: Standard cell instance u_framer/u_payload_ram/b10/U151 is not placed. (LGL-003)
Warning: Standard cell instance u_framer/u_payload_ram/b10/U160 is not placed. (LGL-003)
Warning: Standard cell instance u_framer/u_payload_ram/b10/U161 is not placed. (LGL-003)
Warning: Standard cell instance u_framer/u_payload_ram/b10/U170 is not placed. (LGL-003)
Warning: Standard cell instance u_framer/u_payload_ram/b10/U179 is not placed. (LGL-003)
Warning: Standard cell instance u_framer/u_payload_ram/b10/U188 is not placed. (LGL-003)
Warning: Standard cell instance u_framer/u_payload_ram/b10/U197 is not placed. (LGL-003)
Warning: Standard cell instance u_framer/u_payload_ram/b10/U326 is not placed. (LGL-003)
Warning: Standard cell instance u_framer/u_payload_ram/b10/U327 is not placed. (LGL-003)
Warning: Standard cell instance u_framer/u_payload_ram/b10/U328 is not placed. (LGL-003)
Warning: Standard cell instance u_framer/u_payload_ram/b10/U329 is not placed. (LGL-003)
Warning: Standard cell instance u_framer/u_payload_ram/b10/U330 is not placed. (LGL-003)
Warning: Standard cell instance u_framer/u_payload_ram/b10/U331 is not placed. (LGL-003)
Warning: Standard cell instance u_framer/u_payload_ram/b10/U332 is not placed. (LGL-003)
Warning: Standard cell instance u_framer/u_payload_ram/b10/U333 is not placed. (LGL-003)
Warning: Standard cell instance u_framer/u_payload_ram/b10/U334 is not placed. (LGL-003)
Warning: Standard cell instance u_framer/u_payload_ram/b10/U335 is not placed. (LGL-003)
Warning: Standard cell instance u_framer/u_payload_ram/b10/U336 is not placed. (LGL-003)
Warning: Standard cell instance u_framer/u_payload_ram/b10/U337 is not placed. (LGL-003)
Warning: Standard cell instance u_framer/u_payload_ram/b10/U338 is not placed. (LGL-003)
Warning: Standard cell instance u_framer/u_payload_ram/b10/U339 is not placed. (LGL-003)
Warning: Standard cell instance u_framer/u_payload_ram/b11/U85 is not placed. (LGL-003)
Warning: Standard cell instance u_framer/u_payload_ram/b11/U86 is not placed. (LGL-003)
Warning: Standard cell instance u_framer/u_payload_ram/b11/U87 is not placed. (LGL-003)
Warning: Standard cell instance u_framer/u_payload_ram/b11/U88 is not placed. (LGL-003)
Warning: Standard cell instance u_framer/u_payload_ram/b11/U89 is not placed. (LGL-003)
Warning: Standard cell instance u_framer/u_payload_ram/b11/U90 is not placed. (LGL-003)
Warning: Standard cell instance u_framer/u_payload_ram/b11/U91 is not placed. (LGL-003)
Warning: Standard cell instance u_framer/u_payload_ram/b11/U92 is not placed. (LGL-003)
Warning: Standard cell instance u_framer/u_payload_ram/b11/U93 is not placed. (LGL-003)
Warning: Standard cell instance u_framer/u_payload_ram/b11/U94 is not placed. (LGL-003)
Warning: Standard cell instance u_framer/u_payload_ram/b11/U95 is not placed. (LGL-003)
Warning: Standard cell instance u_framer/u_payload_ram/b11/U96 is not placed. (LGL-003)
Warning: Standard cell instance u_framer/u_payload_ram/b11/U97 is not placed. (LGL-003)
Warning: Standard cell instance u_framer/u_payload_ram/b11/U98 is not placed. (LGL-003)
Warning: Standard cell instance u_framer/u_payload_ram/b11/U99 is not placed. (LGL-003)
Warning: Standard cell instance u_framer/u_payload_ram/b11/U100 is not placed. (LGL-003)
Warning: Standard cell instance u_framer/u_payload_ram/b11/U101 is not placed. (LGL-003)
Warning: Standard cell instance u_framer/u_payload_ram/b11/U102 is not placed. (LGL-003)
Warning: Standard cell instance u_framer/u_payload_ram/b11/U103 is not placed. (LGL-003)
Warning: Standard cell instance u_framer/u_payload_ram/b11/U104 is not placed. (LGL-003)
Warning: Standard cell instance u_framer/u_payload_ram/b11/U105 is not placed. (LGL-003)
Warning: Standard cell instance u_framer/u_payload_ram/b11/U106 is not placed. (LGL-003)
Warning: Standard cell instance u_framer/u_payload_ram/b11/U107 is not placed. (LGL-003)
Warning: Standard cell instance u_framer/u_payload_ram/b11/U108 is not placed. (LGL-003)
Warning: Standard cell instance u_framer/u_payload_ram/b11/U109 is not placed. (LGL-003)
Warning: Standard cell instance u_framer/u_payload_ram/b11/U110 is not placed. (LGL-003)
Warning: Standard cell instance u_framer/u_payload_ram/b11/U111 is not placed. (LGL-003)
Warning: Standard cell instance u_framer/u_payload_ram/b11/U112 is not placed. (LGL-003)
Warning: Standard cell instance u_framer/u_payload_ram/b11/U113 is not placed. (LGL-003)
Warning: Standard cell instance u_framer/u_payload_ram/b11/U114 is not placed. (LGL-003)
Warning: Standard cell instance u_framer/u_payload_ram/b11/U115 is not placed. (LGL-003)
Warning: Standard cell instance u_framer/u_payload_ram/b11/U116 is not placed. (LGL-003)
Warning: Standard cell instance u_framer/u_payload_ram/b11/U117 is not placed. (LGL-003)
Warning: Standard cell instance u_framer/u_payload_ram/b11/U118 is not placed. (LGL-003)
Warning: Standard cell instance u_framer/u_payload_ram/b11/U119 is not placed. (LGL-003)
Warning: Standard cell instance u_framer/u_payload_ram/b11/U120 is not placed. (LGL-003)
Warning: Standard cell instance u_framer/u_payload_ram/b11/U121 is not placed. (LGL-003)
Warning: Standard cell instance u_framer/u_payload_ram/b11/U122 is not placed. (LGL-003)
Warning: Standard cell instance u_framer/u_payload_ram/b11/U123 is not placed. (LGL-003)
Warning: Standard cell instance u_framer/u_payload_ram/b11/U124 is not placed. (LGL-003)
Warning: Standard cell instance u_framer/u_payload_ram/b11/U125 is not placed. (LGL-003)
Warning: Standard cell instance u_framer/u_payload_ram/b11/U126 is not placed. (LGL-003)
Warning: Standard cell instance u_framer/u_payload_ram/b11/U127 is not placed. (LGL-003)
Warning: Standard cell instance u_framer/u_payload_ram/b11/U128 is not placed. (LGL-003)
Warning: Standard cell instance u_framer/u_payload_ram/b11/U129 is not placed. (LGL-003)
Warning: Standard cell instance u_framer/u_payload_ram/b11/U130 is not placed. (LGL-003)
Warning: Standard cell instance u_framer/u_payload_ram/b11/U131 is not placed. (LGL-003)
Warning: Standard cell instance u_framer/u_payload_ram/b11/U132 is not placed. (LGL-003)
Warning: Standard cell instance u_framer/u_payload_ram/b11/U134 is not placed. (LGL-003)
Warning: Standard cell instance u_framer/u_payload_ram/b11/U135 is not placed. (LGL-003)
Warning: Standard cell instance u_framer/u_payload_ram/b11/U136 is not placed. (LGL-003)
Warning: Standard cell instance u_framer/u_payload_ram/b11/U137 is not placed. (LGL-003)
Warning: Standard cell instance u_framer/u_payload_ram/b11/U138 is not placed. (LGL-003)
Warning: Standard cell instance u_framer/u_payload_ram/b11/U139 is not placed. (LGL-003)
Warning: Standard cell instance u_framer/u_payload_ram/b11/U140 is not placed. (LGL-003)
Warning: Standard cell instance u_framer/u_payload_ram/b11/U141 is not placed. (LGL-003)
Warning: Standard cell instance u_framer/u_payload_ram/b11/U143 is not placed. (LGL-003)
Warning: Standard cell instance u_framer/u_payload_ram/b11/U144 is not placed. (LGL-003)
Warning: Standard cell instance u_framer/u_payload_ram/b11/U145 is not placed. (LGL-003)
Warning: Standard cell instance u_framer/u_payload_ram/b11/U146 is not placed. (LGL-003)
Warning: Standard cell instance u_framer/u_payload_ram/b11/U147 is not placed. (LGL-003)
Warning: Standard cell instance u_framer/u_payload_ram/b11/U148 is not placed. (LGL-003)
Warning: Standard cell instance u_framer/u_payload_ram/b11/U149 is not placed. (LGL-003)
Warning: Standard cell instance u_framer/u_payload_ram/b11/U150 is not placed. (LGL-003)
Warning: Standard cell instance u_framer/u_payload_ram/b11/U152 is not placed. (LGL-003)
Warning: Standard cell instance u_framer/u_payload_ram/b11/U153 is not placed. (LGL-003)
Warning: Standard cell instance u_framer/u_payload_ram/b11/U154 is not placed. (LGL-003)
Warning: Standard cell instance u_framer/u_payload_ram/b11/U155 is not placed. (LGL-003)
Warning: Standard cell instance u_framer/u_payload_ram/b11/U156 is not placed. (LGL-003)
Warning: Standard cell instance u_framer/u_payload_ram/b11/U157 is not placed. (LGL-003)
Warning: Standard cell instance u_framer/u_payload_ram/b11/U158 is not placed. (LGL-003)
Warning: Standard cell instance u_framer/u_payload_ram/b11/U159 is not placed. (LGL-003)
Warning: Standard cell instance u_framer/u_payload_ram/b11/U161 is not placed. (LGL-003)
Warning: Standard cell instance u_framer/u_payload_ram/b11/U162 is not placed. (LGL-003)
Warning: Standard cell instance u_framer/u_payload_ram/b11/U163 is not placed. (LGL-003)
Warning: Standard cell instance u_framer/u_payload_ram/b11/U164 is not placed. (LGL-003)
Warning: Standard cell instance u_framer/u_payload_ram/b11/U165 is not placed. (LGL-003)
Warning: Standard cell instance u_framer/u_payload_ram/b11/U166 is not placed. (LGL-003)
Warning: Standard cell instance u_framer/u_payload_ram/b11/U167 is not placed. (LGL-003)
Warning: Standard cell instance u_framer/u_payload_ram/b11/U168 is not placed. (LGL-003)
Warning: Standard cell instance u_framer/u_payload_ram/b11/U169 is not placed. (LGL-003)
Warning: Standard cell instance u_framer/u_payload_ram/b11/U171 is not placed. (LGL-003)
Warning: Standard cell instance u_framer/u_payload_ram/b11/U172 is not placed. (LGL-003)
Warning: Standard cell instance u_framer/u_payload_ram/b11/U173 is not placed. (LGL-003)
Warning: Standard cell instance u_framer/u_payload_ram/b11/U174 is not placed. (LGL-003)
Warning: Standard cell instance u_framer/u_payload_ram/b11/U175 is not placed. (LGL-003)
Warning: Standard cell instance u_framer/u_payload_ram/b11/U176 is not placed. (LGL-003)
Warning: Standard cell instance u_framer/u_payload_ram/b11/U177 is not placed. (LGL-003)
Warning: Standard cell instance u_framer/u_payload_ram/b11/U178 is not placed. (LGL-003)
Warning: Standard cell instance u_framer/u_payload_ram/b11/U180 is not placed. (LGL-003)
Warning: Standard cell instance u_framer/u_payload_ram/b11/U181 is not placed. (LGL-003)
Warning: Standard cell instance u_framer/u_payload_ram/b11/U182 is not placed. (LGL-003)
Warning: Standard cell instance u_framer/u_payload_ram/b11/U183 is not placed. (LGL-003)
Warning: Standard cell instance u_framer/u_payload_ram/b11/U184 is not placed. (LGL-003)
Warning: Standard cell instance u_framer/u_payload_ram/b11/U185 is not placed. (LGL-003)
Warning: Standard cell instance u_framer/u_payload_ram/b11/U186 is not placed. (LGL-003)
Warning: Standard cell instance u_framer/u_payload_ram/b11/U187 is not placed. (LGL-003)
Warning: Standard cell instance u_framer/u_payload_ram/b11/U189 is not placed. (LGL-003)
Warning: Standard cell instance u_framer/u_payload_ram/b11/U190 is not placed. (LGL-003)
Warning: Standard cell instance u_framer/u_payload_ram/b11/U191 is not placed. (LGL-003)
Warning: Standard cell instance u_framer/u_payload_ram/b11/U192 is not placed. (LGL-003)
Warning: Standard cell instance u_framer/u_payload_ram/b11/U193 is not placed. (LGL-003)
Warning: Standard cell instance u_framer/u_payload_ram/b11/U194 is not placed. (LGL-003)
Warning: Standard cell instance u_framer/u_payload_ram/b11/U195 is not placed. (LGL-003)
Warning: Standard cell instance u_framer/u_payload_ram/b11/U196 is not placed. (LGL-003)
Warning: Standard cell instance u_framer/u_payload_ram/b11/mem_reg_0__7_ is not placed. (LGL-003)
Warning: Standard cell instance u_framer/u_payload_ram/b11/mem_reg_0__6_ is not placed. (LGL-003)
Warning: Standard cell instance u_framer/u_payload_ram/b11/mem_reg_0__5_ is not placed. (LGL-003)
Warning: Standard cell instance u_framer/u_payload_ram/b11/mem_reg_0__4_ is not placed. (LGL-003)
Warning: Standard cell instance u_framer/u_payload_ram/b11/mem_reg_0__3_ is not placed. (LGL-003)
Warning: Standard cell instance u_framer/u_payload_ram/b11/mem_reg_0__2_ is not placed. (LGL-003)
Warning: Standard cell instance u_framer/u_payload_ram/b11/mem_reg_0__1_ is not placed. (LGL-003)
Warning: Standard cell instance u_framer/u_payload_ram/b11/mem_reg_0__0_ is not placed. (LGL-003)
Warning: Standard cell instance u_framer/u_payload_ram/b11/mem_reg_1__7_ is not placed. (LGL-003)
Warning: Standard cell instance u_framer/u_payload_ram/b11/mem_reg_1__6_ is not placed. (LGL-003)
Warning: Standard cell instance u_framer/u_payload_ram/b11/mem_reg_1__5_ is not placed. (LGL-003)
Warning: Standard cell instance u_framer/u_payload_ram/b11/mem_reg_1__4_ is not placed. (LGL-003)
Warning: Standard cell instance u_framer/u_payload_ram/b11/mem_reg_1__3_ is not placed. (LGL-003)
Warning: Standard cell instance u_framer/u_payload_ram/b11/mem_reg_1__2_ is not placed. (LGL-003)
Warning: Standard cell instance u_framer/u_payload_ram/b11/mem_reg_1__1_ is not placed. (LGL-003)
Warning: Standard cell instance u_framer/u_payload_ram/b11/mem_reg_1__0_ is not placed. (LGL-003)
Warning: Standard cell instance u_framer/u_payload_ram/b11/mem_reg_2__7_ is not placed. (LGL-003)
Warning: Standard cell instance u_framer/u_payload_ram/b11/mem_reg_2__6_ is not placed. (LGL-003)
Warning: Standard cell instance u_framer/u_payload_ram/b11/mem_reg_2__5_ is not placed. (LGL-003)
Warning: Standard cell instance u_framer/u_payload_ram/b11/mem_reg_2__4_ is not placed. (LGL-003)
Warning: Standard cell instance u_framer/u_payload_ram/b11/mem_reg_2__3_ is not placed. (LGL-003)
Warning: Standard cell instance u_framer/u_payload_ram/b11/mem_reg_2__2_ is not placed. (LGL-003)
Warning: Standard cell instance u_framer/u_payload_ram/b11/mem_reg_2__1_ is not placed. (LGL-003)
Warning: Standard cell instance u_framer/u_payload_ram/b11/mem_reg_2__0_ is not placed. (LGL-003)
Warning: Standard cell instance u_framer/u_payload_ram/b11/mem_reg_3__7_ is not placed. (LGL-003)
Warning: Standard cell instance u_framer/u_payload_ram/b11/mem_reg_3__6_ is not placed. (LGL-003)
Warning: Standard cell instance u_framer/u_payload_ram/b11/mem_reg_3__5_ is not placed. (LGL-003)
Warning: Standard cell instance u_framer/u_payload_ram/b11/mem_reg_3__4_ is not placed. (LGL-003)
Warning: Standard cell instance u_framer/u_payload_ram/b11/mem_reg_3__3_ is not placed. (LGL-003)
Warning: Standard cell instance u_framer/u_payload_ram/b11/mem_reg_3__2_ is not placed. (LGL-003)
Warning: Standard cell instance u_framer/u_payload_ram/b11/mem_reg_3__1_ is not placed. (LGL-003)
Warning: Standard cell instance u_framer/u_payload_ram/b11/mem_reg_3__0_ is not placed. (LGL-003)
Warning: Standard cell instance u_framer/u_payload_ram/b11/mem_reg_4__7_ is not placed. (LGL-003)
Warning: Standard cell instance u_framer/u_payload_ram/b11/mem_reg_4__6_ is not placed. (LGL-003)
Warning: Standard cell instance u_framer/u_payload_ram/b11/mem_reg_4__5_ is not placed. (LGL-003)
Warning: Standard cell instance u_framer/u_payload_ram/b11/mem_reg_4__4_ is not placed. (LGL-003)
Warning: Standard cell instance u_framer/u_payload_ram/b11/mem_reg_4__3_ is not placed. (LGL-003)
Warning: Standard cell instance u_framer/u_payload_ram/b11/mem_reg_4__2_ is not placed. (LGL-003)
Warning: Standard cell instance u_framer/u_payload_ram/b11/mem_reg_4__1_ is not placed. (LGL-003)
Warning: Standard cell instance u_framer/u_payload_ram/b11/mem_reg_4__0_ is not placed. (LGL-003)
Warning: Standard cell instance u_framer/u_payload_ram/b11/mem_reg_5__7_ is not placed. (LGL-003)
Warning: Standard cell instance u_framer/u_payload_ram/b11/mem_reg_5__6_ is not placed. (LGL-003)
Warning: Standard cell instance u_framer/u_payload_ram/b11/mem_reg_5__5_ is not placed. (LGL-003)
Warning: Standard cell instance u_framer/u_payload_ram/b11/mem_reg_5__4_ is not placed. (LGL-003)
Warning: Standard cell instance u_framer/u_payload_ram/b11/mem_reg_5__3_ is not placed. (LGL-003)
Warning: Standard cell instance u_framer/u_payload_ram/b11/mem_reg_5__2_ is not placed. (LGL-003)
Warning: Standard cell instance u_framer/u_payload_ram/b11/mem_reg_5__1_ is not placed. (LGL-003)
Warning: Standard cell instance u_framer/u_payload_ram/b11/mem_reg_5__0_ is not placed. (LGL-003)
Warning: Standard cell instance u_framer/u_payload_ram/b11/mem_reg_6__7_ is not placed. (LGL-003)
Warning: Standard cell instance u_framer/u_payload_ram/b11/mem_reg_6__6_ is not placed. (LGL-003)
Warning: Standard cell instance u_framer/u_payload_ram/b11/mem_reg_6__5_ is not placed. (LGL-003)
Warning: Standard cell instance u_framer/u_payload_ram/b11/mem_reg_6__4_ is not placed. (LGL-003)
Warning: Standard cell instance u_framer/u_payload_ram/b11/mem_reg_6__3_ is not placed. (LGL-003)
Warning: Standard cell instance u_framer/u_payload_ram/b11/mem_reg_6__2_ is not placed. (LGL-003)
Warning: Standard cell instance u_framer/u_payload_ram/b11/mem_reg_6__1_ is not placed. (LGL-003)
Warning: Standard cell instance u_framer/u_payload_ram/b11/mem_reg_6__0_ is not placed. (LGL-003)
Warning: Standard cell instance u_framer/u_payload_ram/b11/mem_reg_7__7_ is not placed. (LGL-003)
Warning: Standard cell instance u_framer/u_payload_ram/b11/mem_reg_7__6_ is not placed. (LGL-003)
Warning: Standard cell instance u_framer/u_payload_ram/b11/mem_reg_7__5_ is not placed. (LGL-003)
Warning: Standard cell instance u_framer/u_payload_ram/b11/mem_reg_7__4_ is not placed. (LGL-003)
Warning: Standard cell instance u_framer/u_payload_ram/b11/mem_reg_7__3_ is not placed. (LGL-003)
Warning: Standard cell instance u_framer/u_payload_ram/b11/mem_reg_7__2_ is not placed. (LGL-003)
Warning: Standard cell instance u_framer/u_payload_ram/b11/mem_reg_7__1_ is not placed. (LGL-003)
Warning: Standard cell instance u_framer/u_payload_ram/b11/mem_reg_7__0_ is not placed. (LGL-003)
Warning: Standard cell instance u_framer/u_payload_ram/b11/U2 is not placed. (LGL-003)
Warning: Standard cell instance u_framer/u_payload_ram/b11/U3 is not placed. (LGL-003)
Warning: Standard cell instance u_framer/u_payload_ram/b11/U4 is not placed. (LGL-003)
Warning: Standard cell instance u_framer/u_payload_ram/b11/U5 is not placed. (LGL-003)
Warning: Standard cell instance u_framer/u_payload_ram/b11/U6 is not placed. (LGL-003)
Warning: Standard cell instance u_framer/u_payload_ram/b11/U7 is not placed. (LGL-003)
Warning: Standard cell instance u_framer/u_payload_ram/b11/U8 is not placed. (LGL-003)
Warning: Standard cell instance u_framer/u_payload_ram/b11/U9 is not placed. (LGL-003)
Warning: Standard cell instance u_framer/u_payload_ram/b11/U10 is not placed. (LGL-003)
Warning: Standard cell instance u_framer/u_payload_ram/b11/U11 is not placed. (LGL-003)
Warning: Standard cell instance u_framer/u_payload_ram/b11/U12 is not placed. (LGL-003)
Warning: Standard cell instance u_framer/u_payload_ram/b11/U13 is not placed. (LGL-003)
Warning: Standard cell instance u_framer/u_payload_ram/b11/U14 is not placed. (LGL-003)
Warning: Standard cell instance u_framer/u_payload_ram/b11/U15 is not placed. (LGL-003)
Warning: Standard cell instance u_framer/u_payload_ram/b11/U16 is not placed. (LGL-003)
Warning: Standard cell instance u_framer/u_payload_ram/b11/U17 is not placed. (LGL-003)
Warning: Standard cell instance u_framer/u_payload_ram/b11/U18 is not placed. (LGL-003)
Warning: Standard cell instance u_framer/u_payload_ram/b11/U19 is not placed. (LGL-003)
Warning: Standard cell instance u_framer/u_payload_ram/b11/U20 is not placed. (LGL-003)
Warning: Standard cell instance u_framer/u_payload_ram/b11/U21 is not placed. (LGL-003)
Warning: Standard cell instance u_framer/u_payload_ram/b11/U22 is not placed. (LGL-003)
Warning: Standard cell instance u_framer/u_payload_ram/b11/U23 is not placed. (LGL-003)
Warning: Standard cell instance u_framer/u_payload_ram/b11/U24 is not placed. (LGL-003)
Warning: Standard cell instance u_framer/u_payload_ram/b11/U25 is not placed. (LGL-003)
Warning: Standard cell instance u_framer/u_payload_ram/b11/U26 is not placed. (LGL-003)
Warning: Standard cell instance u_framer/u_payload_ram/b11/U27 is not placed. (LGL-003)
Warning: Standard cell instance u_framer/u_payload_ram/b11/U28 is not placed. (LGL-003)
Warning: Standard cell instance u_framer/u_payload_ram/b11/U29 is not placed. (LGL-003)
Warning: Standard cell instance u_framer/u_payload_ram/b11/U30 is not placed. (LGL-003)
Warning: Standard cell instance u_framer/u_payload_ram/b11/U31 is not placed. (LGL-003)
Warning: Standard cell instance u_framer/u_payload_ram/b11/U32 is not placed. (LGL-003)
Warning: Standard cell instance u_framer/u_payload_ram/b11/U33 is not placed. (LGL-003)
Warning: Standard cell instance u_framer/u_payload_ram/b11/U34 is not placed. (LGL-003)
Warning: Standard cell instance u_framer/u_payload_ram/b11/U35 is not placed. (LGL-003)
Warning: Standard cell instance u_framer/u_payload_ram/b11/U36 is not placed. (LGL-003)
Warning: Standard cell instance u_framer/u_payload_ram/b11/U37 is not placed. (LGL-003)
Warning: Standard cell instance u_framer/u_payload_ram/b11/U38 is not placed. (LGL-003)
Warning: Standard cell instance u_framer/u_payload_ram/b11/U39 is not placed. (LGL-003)
Warning: Standard cell instance u_framer/u_payload_ram/b11/U40 is not placed. (LGL-003)
Warning: Standard cell instance u_framer/u_payload_ram/b11/U41 is not placed. (LGL-003)
Warning: Standard cell instance u_framer/u_payload_ram/b11/U42 is not placed. (LGL-003)
Warning: Standard cell instance u_framer/u_payload_ram/b11/U43 is not placed. (LGL-003)
Warning: Standard cell instance u_framer/u_payload_ram/b11/U44 is not placed. (LGL-003)
Warning: Standard cell instance u_framer/u_payload_ram/b11/U45 is not placed. (LGL-003)
Warning: Standard cell instance u_framer/u_payload_ram/b11/U46 is not placed. (LGL-003)
Warning: Standard cell instance u_framer/u_payload_ram/b11/U47 is not placed. (LGL-003)
Warning: Standard cell instance u_framer/u_payload_ram/b11/U48 is not placed. (LGL-003)
Warning: Standard cell instance u_framer/u_payload_ram/b11/U49 is not placed. (LGL-003)
Warning: Standard cell instance u_framer/u_payload_ram/b11/U50 is not placed. (LGL-003)
Warning: Standard cell instance u_framer/u_payload_ram/b11/U51 is not placed. (LGL-003)
Warning: Standard cell instance u_framer/u_payload_ram/b11/U52 is not placed. (LGL-003)
Warning: Standard cell instance u_framer/u_payload_ram/b11/U53 is not placed. (LGL-003)
Warning: Standard cell instance u_framer/u_payload_ram/b11/U54 is not placed. (LGL-003)
Warning: Standard cell instance u_framer/u_payload_ram/b11/U55 is not placed. (LGL-003)
Warning: Standard cell instance u_framer/u_payload_ram/b11/U56 is not placed. (LGL-003)
Warning: Standard cell instance u_framer/u_payload_ram/b11/U57 is not placed. (LGL-003)
Warning: Standard cell instance u_framer/u_payload_ram/b11/U58 is not placed. (LGL-003)
Warning: Standard cell instance u_framer/u_payload_ram/b11/U59 is not placed. (LGL-003)
Warning: Standard cell instance u_framer/u_payload_ram/b11/U60 is not placed. (LGL-003)
Warning: Standard cell instance u_framer/u_payload_ram/b11/U61 is not placed. (LGL-003)
Warning: Standard cell instance u_framer/u_payload_ram/b11/U62 is not placed. (LGL-003)
Warning: Standard cell instance u_framer/u_payload_ram/b11/U63 is not placed. (LGL-003)
Warning: Standard cell instance u_framer/u_payload_ram/b11/U64 is not placed. (LGL-003)
Warning: Standard cell instance u_framer/u_payload_ram/b11/U298 is not placed. (LGL-003)
Warning: Standard cell instance u_framer/u_payload_ram/b11/U299 is not placed. (LGL-003)
Warning: Standard cell instance u_framer/u_payload_ram/b11/U300 is not placed. (LGL-003)
Warning: Standard cell instance u_framer/u_payload_ram/b11/U301 is not placed. (LGL-003)
Warning: Standard cell instance u_framer/u_payload_ram/b11/U302 is not placed. (LGL-003)
Warning: Standard cell instance u_framer/u_payload_ram/b11/U303 is not placed. (LGL-003)
Warning: Standard cell instance u_framer/u_payload_ram/b12/U85 is not placed. (LGL-003)
Warning: Standard cell instance u_framer/u_payload_ram/b12/U86 is not placed. (LGL-003)
Warning: Standard cell instance u_framer/u_payload_ram/b12/U87 is not placed. (LGL-003)
Warning: Standard cell instance u_framer/u_payload_ram/b12/U88 is not placed. (LGL-003)
Warning: Standard cell instance u_framer/u_payload_ram/b12/U89 is not placed. (LGL-003)
Warning: Standard cell instance u_framer/u_payload_ram/b12/U90 is not placed. (LGL-003)
Warning: Standard cell instance u_framer/u_payload_ram/b12/U91 is not placed. (LGL-003)
Warning: Standard cell instance u_framer/u_payload_ram/b12/U92 is not placed. (LGL-003)
Warning: Standard cell instance u_framer/u_payload_ram/b12/U93 is not placed. (LGL-003)
Warning: Standard cell instance u_framer/u_payload_ram/b12/U94 is not placed. (LGL-003)
Warning: Standard cell instance u_framer/u_payload_ram/b12/U95 is not placed. (LGL-003)
Warning: Standard cell instance u_framer/u_payload_ram/b12/U96 is not placed. (LGL-003)
Warning: Standard cell instance u_framer/u_payload_ram/b12/U97 is not placed. (LGL-003)
Warning: Standard cell instance u_framer/u_payload_ram/b12/U98 is not placed. (LGL-003)
Warning: Standard cell instance u_framer/u_payload_ram/b12/U99 is not placed. (LGL-003)
Warning: Standard cell instance u_framer/u_payload_ram/b12/U100 is not placed. (LGL-003)
Warning: Standard cell instance u_framer/u_payload_ram/b12/U101 is not placed. (LGL-003)
Warning: Standard cell instance u_framer/u_payload_ram/b12/U102 is not placed. (LGL-003)
Warning: Standard cell instance u_framer/u_payload_ram/b12/U103 is not placed. (LGL-003)
Warning: Standard cell instance u_framer/u_payload_ram/b12/U104 is not placed. (LGL-003)
Warning: Standard cell instance u_framer/u_payload_ram/b12/U105 is not placed. (LGL-003)
Warning: Standard cell instance u_framer/u_payload_ram/b12/U106 is not placed. (LGL-003)
Warning: Standard cell instance u_framer/u_payload_ram/b12/U107 is not placed. (LGL-003)
Warning: Standard cell instance u_framer/u_payload_ram/b12/U108 is not placed. (LGL-003)
Warning: Standard cell instance u_framer/u_payload_ram/b12/U109 is not placed. (LGL-003)
Warning: Standard cell instance u_framer/u_payload_ram/b12/U110 is not placed. (LGL-003)
Warning: Standard cell instance u_framer/u_payload_ram/b12/U111 is not placed. (LGL-003)
Warning: Standard cell instance u_framer/u_payload_ram/b12/U112 is not placed. (LGL-003)
Warning: Standard cell instance u_framer/u_payload_ram/b12/U113 is not placed. (LGL-003)
Warning: Standard cell instance u_framer/u_payload_ram/b12/U114 is not placed. (LGL-003)
Warning: Standard cell instance u_framer/u_payload_ram/b12/U115 is not placed. (LGL-003)
Warning: Standard cell instance u_framer/u_payload_ram/b12/U116 is not placed. (LGL-003)
Warning: Standard cell instance u_framer/u_payload_ram/b12/U117 is not placed. (LGL-003)
Warning: Standard cell instance u_framer/u_payload_ram/b12/U118 is not placed. (LGL-003)
Warning: Standard cell instance u_framer/u_payload_ram/b12/U119 is not placed. (LGL-003)
Warning: Standard cell instance u_framer/u_payload_ram/b12/U120 is not placed. (LGL-003)
Warning: Standard cell instance u_framer/u_payload_ram/b12/U121 is not placed. (LGL-003)
Warning: Standard cell instance u_framer/u_payload_ram/b12/U122 is not placed. (LGL-003)
Warning: Standard cell instance u_framer/u_payload_ram/b12/U123 is not placed. (LGL-003)
Warning: Standard cell instance u_framer/u_payload_ram/b12/U124 is not placed. (LGL-003)
Warning: Standard cell instance u_framer/u_payload_ram/b12/U137 is not placed. (LGL-003)
Warning: Standard cell instance u_framer/u_payload_ram/b12/U138 is not placed. (LGL-003)
Warning: Standard cell instance u_framer/u_payload_ram/b12/U139 is not placed. (LGL-003)
Warning: Standard cell instance u_framer/u_payload_ram/b12/U140 is not placed. (LGL-003)
Warning: Standard cell instance u_framer/u_payload_ram/b12/U141 is not placed. (LGL-003)
Warning: Standard cell instance u_framer/u_payload_ram/b12/U146 is not placed. (LGL-003)
Warning: Standard cell instance u_framer/u_payload_ram/b12/U147 is not placed. (LGL-003)
Warning: Standard cell instance u_framer/u_payload_ram/b12/U148 is not placed. (LGL-003)
Warning: Standard cell instance u_framer/u_payload_ram/b12/U149 is not placed. (LGL-003)
Warning: Standard cell instance u_framer/u_payload_ram/b12/U150 is not placed. (LGL-003)
Warning: Standard cell instance u_framer/u_payload_ram/b12/U172 is not placed. (LGL-003)
Warning: Standard cell instance u_framer/u_payload_ram/b12/U174 is not placed. (LGL-003)
Warning: Standard cell instance u_framer/u_payload_ram/b12/U175 is not placed. (LGL-003)
Warning: Standard cell instance u_framer/u_payload_ram/b12/U176 is not placed. (LGL-003)
Warning: Standard cell instance u_framer/u_payload_ram/b12/U177 is not placed. (LGL-003)
Warning: Standard cell instance u_framer/u_payload_ram/b12/U178 is not placed. (LGL-003)
Warning: Standard cell instance u_framer/u_payload_ram/b12/U183 is not placed. (LGL-003)
Warning: Standard cell instance u_framer/u_payload_ram/b12/U184 is not placed. (LGL-003)
Warning: Standard cell instance u_framer/u_payload_ram/b12/U185 is not placed. (LGL-003)
Warning: Standard cell instance u_framer/u_payload_ram/b12/U186 is not placed. (LGL-003)
Warning: Standard cell instance u_framer/u_payload_ram/b12/U187 is not placed. (LGL-003)
Warning: Standard cell instance u_framer/u_payload_ram/b12/U194 is not placed. (LGL-003)
Warning: Standard cell instance u_framer/u_payload_ram/b12/U195 is not placed. (LGL-003)
Warning: Standard cell instance u_framer/u_payload_ram/b12/U196 is not placed. (LGL-003)
Warning: Standard cell instance u_framer/u_payload_ram/b12/mem_reg_0__7_ is not placed. (LGL-003)
Warning: Standard cell instance u_framer/u_payload_ram/b12/mem_reg_0__6_ is not placed. (LGL-003)
Warning: Standard cell instance u_framer/u_payload_ram/b12/mem_reg_0__5_ is not placed. (LGL-003)
Warning: Standard cell instance u_framer/u_payload_ram/b12/mem_reg_0__4_ is not placed. (LGL-003)
Warning: Standard cell instance u_framer/u_payload_ram/b12/mem_reg_0__3_ is not placed. (LGL-003)
Warning: Standard cell instance u_framer/u_payload_ram/b12/mem_reg_0__2_ is not placed. (LGL-003)
Warning: Standard cell instance u_framer/u_payload_ram/b12/mem_reg_0__1_ is not placed. (LGL-003)
Warning: Standard cell instance u_framer/u_payload_ram/b12/mem_reg_0__0_ is not placed. (LGL-003)
Warning: Standard cell instance u_framer/u_payload_ram/b12/mem_reg_1__7_ is not placed. (LGL-003)
Warning: Standard cell instance u_framer/u_payload_ram/b12/mem_reg_1__6_ is not placed. (LGL-003)
Warning: Standard cell instance u_framer/u_payload_ram/b12/mem_reg_1__5_ is not placed. (LGL-003)
Warning: Standard cell instance u_framer/u_payload_ram/b12/mem_reg_1__4_ is not placed. (LGL-003)
Warning: Standard cell instance u_framer/u_payload_ram/b12/mem_reg_1__3_ is not placed. (LGL-003)
Warning: Standard cell instance u_framer/u_payload_ram/b12/mem_reg_1__2_ is not placed. (LGL-003)
Warning: Standard cell instance u_framer/u_payload_ram/b12/mem_reg_1__1_ is not placed. (LGL-003)
Warning: Standard cell instance u_framer/u_payload_ram/b12/mem_reg_1__0_ is not placed. (LGL-003)
Warning: Standard cell instance u_framer/u_payload_ram/b12/mem_reg_2__7_ is not placed. (LGL-003)
Warning: Standard cell instance u_framer/u_payload_ram/b12/mem_reg_2__6_ is not placed. (LGL-003)
Warning: Standard cell instance u_framer/u_payload_ram/b12/mem_reg_2__5_ is not placed. (LGL-003)
Warning: Standard cell instance u_framer/u_payload_ram/b12/mem_reg_2__4_ is not placed. (LGL-003)
Warning: Standard cell instance u_framer/u_payload_ram/b12/mem_reg_2__3_ is not placed. (LGL-003)
Warning: Standard cell instance u_framer/u_payload_ram/b12/mem_reg_2__2_ is not placed. (LGL-003)
Warning: Standard cell instance u_framer/u_payload_ram/b12/mem_reg_2__1_ is not placed. (LGL-003)
Warning: Standard cell instance u_framer/u_payload_ram/b12/mem_reg_2__0_ is not placed. (LGL-003)
Warning: Standard cell instance u_framer/u_payload_ram/b12/mem_reg_3__7_ is not placed. (LGL-003)
Warning: Standard cell instance u_framer/u_payload_ram/b12/mem_reg_3__6_ is not placed. (LGL-003)
Warning: Standard cell instance u_framer/u_payload_ram/b12/mem_reg_3__5_ is not placed. (LGL-003)
Warning: Standard cell instance u_framer/u_payload_ram/b12/mem_reg_3__4_ is not placed. (LGL-003)
Warning: Standard cell instance u_framer/u_payload_ram/b12/mem_reg_3__3_ is not placed. (LGL-003)
Warning: Standard cell instance u_framer/u_payload_ram/b12/mem_reg_3__2_ is not placed. (LGL-003)
Warning: Standard cell instance u_framer/u_payload_ram/b12/mem_reg_3__1_ is not placed. (LGL-003)
Warning: Standard cell instance u_framer/u_payload_ram/b12/mem_reg_3__0_ is not placed. (LGL-003)
Warning: Standard cell instance u_framer/u_payload_ram/b12/mem_reg_4__7_ is not placed. (LGL-003)
Warning: Standard cell instance u_framer/u_payload_ram/b12/mem_reg_4__6_ is not placed. (LGL-003)
Warning: Standard cell instance u_framer/u_payload_ram/b12/mem_reg_4__5_ is not placed. (LGL-003)
Warning: Standard cell instance u_framer/u_payload_ram/b12/mem_reg_4__4_ is not placed. (LGL-003)
Warning: Standard cell instance u_framer/u_payload_ram/b12/mem_reg_4__3_ is not placed. (LGL-003)
Warning: Standard cell instance u_framer/u_payload_ram/b12/mem_reg_4__2_ is not placed. (LGL-003)
Warning: Standard cell instance u_framer/u_payload_ram/b12/mem_reg_4__1_ is not placed. (LGL-003)
Warning: Standard cell instance u_framer/u_payload_ram/b12/mem_reg_4__0_ is not placed. (LGL-003)
Warning: Standard cell instance u_framer/u_payload_ram/b12/mem_reg_5__7_ is not placed. (LGL-003)
Warning: Standard cell instance u_framer/u_payload_ram/b12/mem_reg_5__6_ is not placed. (LGL-003)
Warning: Standard cell instance u_framer/u_payload_ram/b12/mem_reg_5__5_ is not placed. (LGL-003)
Warning: Standard cell instance u_framer/u_payload_ram/b12/mem_reg_5__4_ is not placed. (LGL-003)
Warning: Standard cell instance u_framer/u_payload_ram/b12/mem_reg_5__3_ is not placed. (LGL-003)
Warning: Standard cell instance u_framer/u_payload_ram/b12/mem_reg_5__2_ is not placed. (LGL-003)
Warning: Standard cell instance u_framer/u_payload_ram/b12/mem_reg_5__1_ is not placed. (LGL-003)
Warning: Standard cell instance u_framer/u_payload_ram/b12/mem_reg_5__0_ is not placed. (LGL-003)
Warning: Standard cell instance u_framer/u_payload_ram/b12/mem_reg_6__7_ is not placed. (LGL-003)
Warning: Standard cell instance u_framer/u_payload_ram/b12/mem_reg_6__6_ is not placed. (LGL-003)
Warning: Standard cell instance u_framer/u_payload_ram/b12/mem_reg_6__5_ is not placed. (LGL-003)
Warning: Standard cell instance u_framer/u_payload_ram/b12/mem_reg_6__4_ is not placed. (LGL-003)
Warning: Standard cell instance u_framer/u_payload_ram/b12/mem_reg_6__3_ is not placed. (LGL-003)
Warning: Standard cell instance u_framer/u_payload_ram/b12/mem_reg_6__2_ is not placed. (LGL-003)
Warning: Standard cell instance u_framer/u_payload_ram/b12/mem_reg_6__1_ is not placed. (LGL-003)
Warning: Standard cell instance u_framer/u_payload_ram/b12/mem_reg_6__0_ is not placed. (LGL-003)
Warning: Standard cell instance u_framer/u_payload_ram/b12/mem_reg_7__7_ is not placed. (LGL-003)
Warning: Standard cell instance u_framer/u_payload_ram/b12/mem_reg_7__6_ is not placed. (LGL-003)
Warning: Standard cell instance u_framer/u_payload_ram/b12/mem_reg_7__5_ is not placed. (LGL-003)
Warning: Standard cell instance u_framer/u_payload_ram/b12/mem_reg_7__4_ is not placed. (LGL-003)
Warning: Standard cell instance u_framer/u_payload_ram/b12/mem_reg_7__3_ is not placed. (LGL-003)
Warning: Standard cell instance u_framer/u_payload_ram/b12/mem_reg_7__2_ is not placed. (LGL-003)
Warning: Standard cell instance u_framer/u_payload_ram/b12/mem_reg_7__1_ is not placed. (LGL-003)
Warning: Standard cell instance u_framer/u_payload_ram/b12/mem_reg_7__0_ is not placed. (LGL-003)
Warning: Standard cell instance u_framer/u_payload_ram/b12/U2 is not placed. (LGL-003)
Warning: Standard cell instance u_framer/u_payload_ram/b12/U3 is not placed. (LGL-003)
Warning: Standard cell instance u_framer/u_payload_ram/b12/U4 is not placed. (LGL-003)
Warning: Standard cell instance u_framer/u_payload_ram/b12/U5 is not placed. (LGL-003)
Warning: Standard cell instance u_framer/u_payload_ram/b12/U6 is not placed. (LGL-003)
Warning: Standard cell instance u_framer/u_payload_ram/b12/U7 is not placed. (LGL-003)
Warning: Standard cell instance u_framer/u_payload_ram/b12/U8 is not placed. (LGL-003)
Warning: Standard cell instance u_framer/u_payload_ram/b12/U9 is not placed. (LGL-003)
Warning: Standard cell instance u_framer/u_payload_ram/b12/U10 is not placed. (LGL-003)
Warning: Standard cell instance u_framer/u_payload_ram/b12/U11 is not placed. (LGL-003)
Warning: Standard cell instance u_framer/u_payload_ram/b12/U12 is not placed. (LGL-003)
Warning: Standard cell instance u_framer/u_payload_ram/b12/U13 is not placed. (LGL-003)
Warning: Standard cell instance u_framer/u_payload_ram/b12/U14 is not placed. (LGL-003)
Warning: Standard cell instance u_framer/u_payload_ram/b12/U15 is not placed. (LGL-003)
Warning: Standard cell instance u_framer/u_payload_ram/b12/U16 is not placed. (LGL-003)
Warning: Standard cell instance u_framer/u_payload_ram/b12/U17 is not placed. (LGL-003)
Warning: Standard cell instance u_framer/u_payload_ram/b12/U18 is not placed. (LGL-003)
Warning: Standard cell instance u_framer/u_payload_ram/b12/U19 is not placed. (LGL-003)
Warning: Standard cell instance u_framer/u_payload_ram/b12/U20 is not placed. (LGL-003)
Warning: Standard cell instance u_framer/u_payload_ram/b12/U21 is not placed. (LGL-003)
Warning: Standard cell instance u_framer/u_payload_ram/b12/U22 is not placed. (LGL-003)
Warning: Standard cell instance u_framer/u_payload_ram/b12/U23 is not placed. (LGL-003)
Warning: Standard cell instance u_framer/u_payload_ram/b12/U24 is not placed. (LGL-003)
Warning: Standard cell instance u_framer/u_payload_ram/b12/U25 is not placed. (LGL-003)
Warning: Standard cell instance u_framer/u_payload_ram/b12/U26 is not placed. (LGL-003)
Warning: Standard cell instance u_framer/u_payload_ram/b12/U27 is not placed. (LGL-003)
Warning: Standard cell instance u_framer/u_payload_ram/b12/U28 is not placed. (LGL-003)
Warning: Standard cell instance u_framer/u_payload_ram/b12/U29 is not placed. (LGL-003)
Warning: Standard cell instance u_framer/u_payload_ram/b12/U30 is not placed. (LGL-003)
Warning: Standard cell instance u_framer/u_payload_ram/b12/U31 is not placed. (LGL-003)
Warning: Standard cell instance u_framer/u_payload_ram/b12/U32 is not placed. (LGL-003)
Warning: Standard cell instance u_framer/u_payload_ram/b12/U33 is not placed. (LGL-003)
Warning: Standard cell instance u_framer/u_payload_ram/b12/U34 is not placed. (LGL-003)
Warning: Standard cell instance u_framer/u_payload_ram/b12/U35 is not placed. (LGL-003)
Warning: Standard cell instance u_framer/u_payload_ram/b12/U36 is not placed. (LGL-003)
Warning: Standard cell instance u_framer/u_payload_ram/b12/U37 is not placed. (LGL-003)
Warning: Standard cell instance u_framer/u_payload_ram/b12/U38 is not placed. (LGL-003)
Warning: Standard cell instance u_framer/u_payload_ram/b12/U39 is not placed. (LGL-003)
Warning: Standard cell instance u_framer/u_payload_ram/b12/U40 is not placed. (LGL-003)
Warning: Standard cell instance u_framer/u_payload_ram/b12/U41 is not placed. (LGL-003)
Warning: Standard cell instance u_framer/u_payload_ram/b12/U42 is not placed. (LGL-003)
Warning: Standard cell instance u_framer/u_payload_ram/b12/U43 is not placed. (LGL-003)
Warning: Standard cell instance u_framer/u_payload_ram/b12/U44 is not placed. (LGL-003)
Warning: Standard cell instance u_framer/u_payload_ram/b12/U45 is not placed. (LGL-003)
Warning: Standard cell instance u_framer/u_payload_ram/b12/U46 is not placed. (LGL-003)
Warning: Standard cell instance u_framer/u_payload_ram/b12/U47 is not placed. (LGL-003)
Warning: Standard cell instance u_framer/u_payload_ram/b12/U48 is not placed. (LGL-003)
Warning: Standard cell instance u_framer/u_payload_ram/b12/U49 is not placed. (LGL-003)
Warning: Standard cell instance u_framer/u_payload_ram/b12/U50 is not placed. (LGL-003)
Warning: Standard cell instance u_framer/u_payload_ram/b12/U51 is not placed. (LGL-003)
Warning: Standard cell instance u_framer/u_payload_ram/b12/U52 is not placed. (LGL-003)
Warning: Standard cell instance u_framer/u_payload_ram/b12/U53 is not placed. (LGL-003)
Warning: Standard cell instance u_framer/u_payload_ram/b12/U54 is not placed. (LGL-003)
Warning: Standard cell instance u_framer/u_payload_ram/b12/U55 is not placed. (LGL-003)
Warning: Standard cell instance u_framer/u_payload_ram/b12/U56 is not placed. (LGL-003)
Warning: Standard cell instance u_framer/u_payload_ram/b12/U57 is not placed. (LGL-003)
Warning: Standard cell instance u_framer/u_payload_ram/b12/U58 is not placed. (LGL-003)
Warning: Standard cell instance u_framer/u_payload_ram/b12/U59 is not placed. (LGL-003)
Warning: Standard cell instance u_framer/u_payload_ram/b12/U60 is not placed. (LGL-003)
Warning: Standard cell instance u_framer/u_payload_ram/b12/U61 is not placed. (LGL-003)
Warning: Standard cell instance u_framer/u_payload_ram/b12/U62 is not placed. (LGL-003)
Warning: Standard cell instance u_framer/u_payload_ram/b12/U63 is not placed. (LGL-003)
Warning: Standard cell instance u_framer/u_payload_ram/b12/U64 is not placed. (LGL-003)
Warning: Standard cell instance u_framer/u_payload_ram/b12/U65 is not placed. (LGL-003)
Warning: Standard cell instance u_framer/u_payload_ram/b12/U66 is not placed. (LGL-003)
Warning: Standard cell instance u_framer/u_payload_ram/b12/U67 is not placed. (LGL-003)
Warning: Standard cell instance u_framer/u_payload_ram/b12/U68 is not placed. (LGL-003)
Warning: Standard cell instance u_framer/u_payload_ram/b12/U69 is not placed. (LGL-003)
Warning: Standard cell instance u_framer/u_payload_ram/b12/U70 is not placed. (LGL-003)
Warning: Standard cell instance u_framer/u_payload_ram/b12/U71 is not placed. (LGL-003)
Warning: Standard cell instance u_framer/u_payload_ram/b12/U72 is not placed. (LGL-003)
Warning: Standard cell instance u_framer/u_payload_ram/b12/U73 is not placed. (LGL-003)
Warning: Standard cell instance u_framer/u_payload_ram/b12/U74 is not placed. (LGL-003)
Warning: Standard cell instance u_framer/u_payload_ram/b12/U75 is not placed. (LGL-003)
Warning: Standard cell instance u_framer/u_payload_ram/b12/U76 is not placed. (LGL-003)
Warning: Standard cell instance u_framer/u_payload_ram/b12/U77 is not placed. (LGL-003)
Warning: Standard cell instance u_framer/u_payload_ram/b12/U78 is not placed. (LGL-003)
Warning: Standard cell instance u_framer/u_payload_ram/b12/U79 is not placed. (LGL-003)
Warning: Standard cell instance u_framer/u_payload_ram/b12/U80 is not placed. (LGL-003)
Warning: Standard cell instance u_framer/u_payload_ram/b12/U81 is not placed. (LGL-003)
Warning: Standard cell instance u_framer/u_payload_ram/b12/U82 is not placed. (LGL-003)
Warning: Standard cell instance u_framer/u_payload_ram/b12/U83 is not placed. (LGL-003)
Warning: Standard cell instance u_framer/u_payload_ram/b12/U84 is not placed. (LGL-003)
Warning: Standard cell instance u_framer/u_payload_ram/b12/U125 is not placed. (LGL-003)
Warning: Standard cell instance u_framer/u_payload_ram/b12/U126 is not placed. (LGL-003)
Warning: Standard cell instance u_framer/u_payload_ram/b12/U127 is not placed. (LGL-003)
Warning: Standard cell instance u_framer/u_payload_ram/b12/U128 is not placed. (LGL-003)
Warning: Standard cell instance u_framer/u_payload_ram/b12/U129 is not placed. (LGL-003)
Warning: Standard cell instance u_framer/u_payload_ram/b12/U130 is not placed. (LGL-003)
Warning: Standard cell instance u_framer/u_payload_ram/b12/U131 is not placed. (LGL-003)
Warning: Standard cell instance u_framer/u_payload_ram/b12/U132 is not placed. (LGL-003)
Warning: Standard cell instance u_framer/u_payload_ram/b12/U133 is not placed. (LGL-003)
Warning: Standard cell instance u_framer/u_payload_ram/b12/U134 is not placed. (LGL-003)
Warning: Standard cell instance u_framer/u_payload_ram/b12/U135 is not placed. (LGL-003)
Warning: Standard cell instance u_framer/u_payload_ram/b12/U136 is not placed. (LGL-003)
Warning: Standard cell instance u_framer/u_payload_ram/b12/U142 is not placed. (LGL-003)
Warning: Standard cell instance u_framer/u_payload_ram/b12/U143 is not placed. (LGL-003)
Warning: Standard cell instance u_framer/u_payload_ram/b12/U144 is not placed. (LGL-003)
Warning: Standard cell instance u_framer/u_payload_ram/b12/U145 is not placed. (LGL-003)
Warning: Standard cell instance u_framer/u_payload_ram/b12/U151 is not placed. (LGL-003)
Warning: Standard cell instance u_framer/u_payload_ram/b12/U152 is not placed. (LGL-003)
Warning: Standard cell instance u_framer/u_payload_ram/b12/U153 is not placed. (LGL-003)
Warning: Standard cell instance u_framer/u_payload_ram/b12/U154 is not placed. (LGL-003)
Warning: Standard cell instance u_framer/u_payload_ram/b12/U155 is not placed. (LGL-003)
Warning: Standard cell instance u_framer/u_payload_ram/b12/U156 is not placed. (LGL-003)
Warning: Standard cell instance u_framer/u_payload_ram/b12/U299 is not placed. (LGL-003)
Warning: Standard cell instance u_framer/u_payload_ram/b12/U300 is not placed. (LGL-003)
Warning: Standard cell instance u_framer/u_payload_ram/b12/U301 is not placed. (LGL-003)
Warning: Standard cell instance u_framer/u_payload_ram/b12/U302 is not placed. (LGL-003)
Warning: Standard cell instance u_framer/u_payload_ram/b12/U303 is not placed. (LGL-003)
Warning: Standard cell instance u_framer/u_payload_ram/b12/U304 is not placed. (LGL-003)
Warning: Standard cell instance u_framer/u_payload_ram/b12/U157 is not placed. (LGL-003)
Warning: Standard cell instance u_framer/u_payload_ram/b12/U158 is not placed. (LGL-003)
Warning: Standard cell instance u_framer/u_payload_ram/b12/U159 is not placed. (LGL-003)
Warning: Standard cell instance u_framer/u_payload_ram/b13/U85 is not placed. (LGL-003)
Warning: Standard cell instance u_framer/u_payload_ram/b13/U86 is not placed. (LGL-003)
Warning: Standard cell instance u_framer/u_payload_ram/b13/U87 is not placed. (LGL-003)
Warning: Standard cell instance u_framer/u_payload_ram/b13/U88 is not placed. (LGL-003)
Warning: Standard cell instance u_framer/u_payload_ram/b13/U89 is not placed. (LGL-003)
Warning: Standard cell instance u_framer/u_payload_ram/b13/U90 is not placed. (LGL-003)
Warning: Standard cell instance u_framer/u_payload_ram/b13/U91 is not placed. (LGL-003)
Warning: Standard cell instance u_framer/u_payload_ram/b13/U92 is not placed. (LGL-003)
Warning: Standard cell instance u_framer/u_payload_ram/b13/U93 is not placed. (LGL-003)
Warning: Standard cell instance u_framer/u_payload_ram/b13/U94 is not placed. (LGL-003)
Warning: Standard cell instance u_framer/u_payload_ram/b13/U95 is not placed. (LGL-003)
Warning: Standard cell instance u_framer/u_payload_ram/b13/U96 is not placed. (LGL-003)
Warning: Standard cell instance u_framer/u_payload_ram/b13/U97 is not placed. (LGL-003)
Warning: Standard cell instance u_framer/u_payload_ram/b13/U98 is not placed. (LGL-003)
Warning: Standard cell instance u_framer/u_payload_ram/b13/U99 is not placed. (LGL-003)
Warning: Standard cell instance u_framer/u_payload_ram/b13/U100 is not placed. (LGL-003)
Warning: Standard cell instance u_framer/u_payload_ram/b13/U101 is not placed. (LGL-003)
Warning: Standard cell instance u_framer/u_payload_ram/b13/U102 is not placed. (LGL-003)
Warning: Standard cell instance u_framer/u_payload_ram/b13/U103 is not placed. (LGL-003)
Warning: Standard cell instance u_framer/u_payload_ram/b13/U104 is not placed. (LGL-003)
Warning: Standard cell instance u_framer/u_payload_ram/b13/U105 is not placed. (LGL-003)
Warning: Standard cell instance u_framer/u_payload_ram/b13/U106 is not placed. (LGL-003)
Warning: Standard cell instance u_framer/u_payload_ram/b13/U107 is not placed. (LGL-003)
Warning: Standard cell instance u_framer/u_payload_ram/b13/U108 is not placed. (LGL-003)
Warning: Standard cell instance u_framer/u_payload_ram/b13/U109 is not placed. (LGL-003)
Warning: Standard cell instance u_framer/u_payload_ram/b13/U110 is not placed. (LGL-003)
Warning: Standard cell instance u_framer/u_payload_ram/b13/U111 is not placed. (LGL-003)
Warning: Standard cell instance u_framer/u_payload_ram/b13/U112 is not placed. (LGL-003)
Warning: Standard cell instance u_framer/u_payload_ram/b13/U113 is not placed. (LGL-003)
Warning: Standard cell instance u_framer/u_payload_ram/b13/U114 is not placed. (LGL-003)
Warning: Standard cell instance u_framer/u_payload_ram/b13/U115 is not placed. (LGL-003)
Warning: Standard cell instance u_framer/u_payload_ram/b13/U116 is not placed. (LGL-003)
Warning: Standard cell instance u_framer/u_payload_ram/b13/U117 is not placed. (LGL-003)
Warning: Standard cell instance u_framer/u_payload_ram/b13/U118 is not placed. (LGL-003)
Warning: Standard cell instance u_framer/u_payload_ram/b13/U119 is not placed. (LGL-003)
Warning: Standard cell instance u_framer/u_payload_ram/b13/U120 is not placed. (LGL-003)
Warning: Standard cell instance u_framer/u_payload_ram/b13/U121 is not placed. (LGL-003)
Warning: Standard cell instance u_framer/u_payload_ram/b13/U122 is not placed. (LGL-003)
Warning: Standard cell instance u_framer/u_payload_ram/b13/U123 is not placed. (LGL-003)
Warning: Standard cell instance u_framer/u_payload_ram/b13/U124 is not placed. (LGL-003)
Warning: Standard cell instance u_framer/u_payload_ram/b13/U125 is not placed. (LGL-003)
Warning: Standard cell instance u_framer/u_payload_ram/b13/U126 is not placed. (LGL-003)
Warning: Standard cell instance u_framer/u_payload_ram/b13/U127 is not placed. (LGL-003)
Warning: Standard cell instance u_framer/u_payload_ram/b13/U129 is not placed. (LGL-003)
Warning: Standard cell instance u_framer/u_payload_ram/b13/U130 is not placed. (LGL-003)
Warning: Standard cell instance u_framer/u_payload_ram/b13/U131 is not placed. (LGL-003)
Warning: Standard cell instance u_framer/u_payload_ram/b13/U132 is not placed. (LGL-003)
Warning: Standard cell instance u_framer/u_payload_ram/b13/U134 is not placed. (LGL-003)
Warning: Standard cell instance u_framer/u_payload_ram/b13/U135 is not placed. (LGL-003)
Warning: Standard cell instance u_framer/u_payload_ram/b13/U136 is not placed. (LGL-003)
Warning: Standard cell instance u_framer/u_payload_ram/b13/U137 is not placed. (LGL-003)
Warning: Standard cell instance u_framer/u_payload_ram/b13/U138 is not placed. (LGL-003)
Warning: Standard cell instance u_framer/u_payload_ram/b13/U139 is not placed. (LGL-003)
Warning: Standard cell instance u_framer/u_payload_ram/b13/U140 is not placed. (LGL-003)
Warning: Standard cell instance u_framer/u_payload_ram/b13/U141 is not placed. (LGL-003)
Warning: Standard cell instance u_framer/u_payload_ram/b13/U143 is not placed. (LGL-003)
Warning: Standard cell instance u_framer/u_payload_ram/b13/U144 is not placed. (LGL-003)
Warning: Standard cell instance u_framer/u_payload_ram/b13/U145 is not placed. (LGL-003)
Warning: Standard cell instance u_framer/u_payload_ram/b13/U146 is not placed. (LGL-003)
Warning: Standard cell instance u_framer/u_payload_ram/b13/U148 is not placed. (LGL-003)
Warning: Standard cell instance u_framer/u_payload_ram/b13/U149 is not placed. (LGL-003)
Warning: Standard cell instance u_framer/u_payload_ram/b13/U150 is not placed. (LGL-003)
Warning: Standard cell instance u_framer/u_payload_ram/b13/U152 is not placed. (LGL-003)
Warning: Standard cell instance u_framer/u_payload_ram/b13/U153 is not placed. (LGL-003)
Warning: Standard cell instance u_framer/u_payload_ram/b13/U154 is not placed. (LGL-003)
Warning: Standard cell instance u_framer/u_payload_ram/b13/U155 is not placed. (LGL-003)
Warning: Standard cell instance u_framer/u_payload_ram/b13/U156 is not placed. (LGL-003)
Warning: Standard cell instance u_framer/u_payload_ram/b13/U157 is not placed. (LGL-003)
Warning: Standard cell instance u_framer/u_payload_ram/b13/U158 is not placed. (LGL-003)
Warning: Standard cell instance u_framer/u_payload_ram/b13/U159 is not placed. (LGL-003)
Warning: Standard cell instance u_framer/u_payload_ram/b13/U161 is not placed. (LGL-003)
Warning: Standard cell instance u_framer/u_payload_ram/b13/U162 is not placed. (LGL-003)
Warning: Standard cell instance u_framer/u_payload_ram/b13/U163 is not placed. (LGL-003)
Warning: Standard cell instance u_framer/u_payload_ram/b13/U164 is not placed. (LGL-003)
Warning: Standard cell instance u_framer/u_payload_ram/b13/U165 is not placed. (LGL-003)
Warning: Standard cell instance u_framer/u_payload_ram/b13/U166 is not placed. (LGL-003)
Warning: Standard cell instance u_framer/u_payload_ram/b13/U167 is not placed. (LGL-003)
Warning: Standard cell instance u_framer/u_payload_ram/b13/U168 is not placed. (LGL-003)
Warning: Standard cell instance u_framer/u_payload_ram/b13/U169 is not placed. (LGL-003)
Warning: Standard cell instance u_framer/u_payload_ram/b13/U171 is not placed. (LGL-003)
Warning: Standard cell instance u_framer/u_payload_ram/b13/U172 is not placed. (LGL-003)
Warning: Standard cell instance u_framer/u_payload_ram/b13/U173 is not placed. (LGL-003)
Warning: Standard cell instance u_framer/u_payload_ram/b13/U174 is not placed. (LGL-003)
Warning: Standard cell instance u_framer/u_payload_ram/b13/U175 is not placed. (LGL-003)
Warning: Standard cell instance u_framer/u_payload_ram/b13/U176 is not placed. (LGL-003)
Warning: Standard cell instance u_framer/u_payload_ram/b13/U177 is not placed. (LGL-003)
Warning: Standard cell instance u_framer/u_payload_ram/b13/U178 is not placed. (LGL-003)
Warning: Standard cell instance u_framer/u_payload_ram/b13/U180 is not placed. (LGL-003)
Warning: Standard cell instance u_framer/u_payload_ram/b13/U181 is not placed. (LGL-003)
Warning: Standard cell instance u_framer/u_payload_ram/b13/U182 is not placed. (LGL-003)
Warning: Standard cell instance u_framer/u_payload_ram/b13/U183 is not placed. (LGL-003)
Warning: Standard cell instance u_framer/u_payload_ram/b13/U185 is not placed. (LGL-003)
Warning: Standard cell instance u_framer/u_payload_ram/b13/U186 is not placed. (LGL-003)
Warning: Standard cell instance u_framer/u_payload_ram/b13/U187 is not placed. (LGL-003)
Warning: Standard cell instance u_framer/u_payload_ram/b13/U189 is not placed. (LGL-003)
Warning: Standard cell instance u_framer/u_payload_ram/b13/U190 is not placed. (LGL-003)
Warning: Standard cell instance u_framer/u_payload_ram/b13/U191 is not placed. (LGL-003)
Warning: Standard cell instance u_framer/u_payload_ram/b13/U192 is not placed. (LGL-003)
Warning: Standard cell instance u_framer/u_payload_ram/b13/U194 is not placed. (LGL-003)
Warning: Standard cell instance u_framer/u_payload_ram/b13/U195 is not placed. (LGL-003)
Warning: Standard cell instance u_framer/u_payload_ram/b13/U196 is not placed. (LGL-003)
Warning: Standard cell instance u_framer/u_payload_ram/b13/mem_reg_0__7_ is not placed. (LGL-003)
Warning: Standard cell instance u_framer/u_payload_ram/b13/mem_reg_0__6_ is not placed. (LGL-003)
Warning: Standard cell instance u_framer/u_payload_ram/b13/mem_reg_0__5_ is not placed. (LGL-003)
Warning: Standard cell instance u_framer/u_payload_ram/b13/mem_reg_0__4_ is not placed. (LGL-003)
Warning: Standard cell instance u_framer/u_payload_ram/b13/mem_reg_0__3_ is not placed. (LGL-003)
Warning: Standard cell instance u_framer/u_payload_ram/b13/mem_reg_0__2_ is not placed. (LGL-003)
Warning: Standard cell instance u_framer/u_payload_ram/b13/mem_reg_0__1_ is not placed. (LGL-003)
Warning: Standard cell instance u_framer/u_payload_ram/b13/mem_reg_0__0_ is not placed. (LGL-003)
Warning: Standard cell instance u_framer/u_payload_ram/b13/mem_reg_1__7_ is not placed. (LGL-003)
Warning: Standard cell instance u_framer/u_payload_ram/b13/mem_reg_1__6_ is not placed. (LGL-003)
Warning: Standard cell instance u_framer/u_payload_ram/b13/mem_reg_1__5_ is not placed. (LGL-003)
Warning: Standard cell instance u_framer/u_payload_ram/b13/mem_reg_1__3_ is not placed. (LGL-003)
Warning: Standard cell instance u_framer/u_payload_ram/b13/mem_reg_1__2_ is not placed. (LGL-003)
Warning: Standard cell instance u_framer/u_payload_ram/b13/mem_reg_1__1_ is not placed. (LGL-003)
Warning: Standard cell instance u_framer/u_payload_ram/b13/mem_reg_1__0_ is not placed. (LGL-003)
Warning: Standard cell instance u_framer/u_payload_ram/b13/mem_reg_2__7_ is not placed. (LGL-003)
Warning: Standard cell instance u_framer/u_payload_ram/b13/mem_reg_2__6_ is not placed. (LGL-003)
Warning: Standard cell instance u_framer/u_payload_ram/b13/mem_reg_2__5_ is not placed. (LGL-003)
Warning: Standard cell instance u_framer/u_payload_ram/b13/mem_reg_2__4_ is not placed. (LGL-003)
Warning: Standard cell instance u_framer/u_payload_ram/b13/mem_reg_2__3_ is not placed. (LGL-003)
Warning: Standard cell instance u_framer/u_payload_ram/b13/mem_reg_2__2_ is not placed. (LGL-003)
Warning: Standard cell instance u_framer/u_payload_ram/b13/mem_reg_2__1_ is not placed. (LGL-003)
Warning: Standard cell instance u_framer/u_payload_ram/b13/mem_reg_2__0_ is not placed. (LGL-003)
Warning: Standard cell instance u_framer/u_payload_ram/b13/mem_reg_3__7_ is not placed. (LGL-003)
Warning: Standard cell instance u_framer/u_payload_ram/b13/mem_reg_3__6_ is not placed. (LGL-003)
Warning: Standard cell instance u_framer/u_payload_ram/b13/mem_reg_3__5_ is not placed. (LGL-003)
Warning: Standard cell instance u_framer/u_payload_ram/b13/mem_reg_3__4_ is not placed. (LGL-003)
Warning: Standard cell instance u_framer/u_payload_ram/b13/mem_reg_3__3_ is not placed. (LGL-003)
Warning: Standard cell instance u_framer/u_payload_ram/b13/mem_reg_3__2_ is not placed. (LGL-003)
Warning: Standard cell instance u_framer/u_payload_ram/b13/mem_reg_3__1_ is not placed. (LGL-003)
Warning: Standard cell instance u_framer/u_payload_ram/b13/mem_reg_3__0_ is not placed. (LGL-003)
Warning: Standard cell instance u_framer/u_payload_ram/b13/mem_reg_4__7_ is not placed. (LGL-003)
Warning: Standard cell instance u_framer/u_payload_ram/b13/mem_reg_4__6_ is not placed. (LGL-003)
Warning: Standard cell instance u_framer/u_payload_ram/b13/mem_reg_4__5_ is not placed. (LGL-003)
Warning: Standard cell instance u_framer/u_payload_ram/b13/mem_reg_4__4_ is not placed. (LGL-003)
Warning: Standard cell instance u_framer/u_payload_ram/b13/mem_reg_4__3_ is not placed. (LGL-003)
Warning: Standard cell instance u_framer/u_payload_ram/b13/mem_reg_4__2_ is not placed. (LGL-003)
Warning: Standard cell instance u_framer/u_payload_ram/b13/mem_reg_4__1_ is not placed. (LGL-003)
Warning: Standard cell instance u_framer/u_payload_ram/b13/mem_reg_4__0_ is not placed. (LGL-003)
Warning: Standard cell instance u_framer/u_payload_ram/b13/mem_reg_5__7_ is not placed. (LGL-003)
Warning: Standard cell instance u_framer/u_payload_ram/b13/mem_reg_5__6_ is not placed. (LGL-003)
Warning: Standard cell instance u_framer/u_payload_ram/b13/mem_reg_5__5_ is not placed. (LGL-003)
Warning: Standard cell instance u_framer/u_payload_ram/b13/mem_reg_5__4_ is not placed. (LGL-003)
Warning: Standard cell instance u_framer/u_payload_ram/b13/mem_reg_5__3_ is not placed. (LGL-003)
Warning: Standard cell instance u_framer/u_payload_ram/b13/mem_reg_5__2_ is not placed. (LGL-003)
Warning: Standard cell instance u_framer/u_payload_ram/b13/mem_reg_5__1_ is not placed. (LGL-003)
Warning: Standard cell instance u_framer/u_payload_ram/b13/mem_reg_5__0_ is not placed. (LGL-003)
Warning: Standard cell instance u_framer/u_payload_ram/b13/mem_reg_6__7_ is not placed. (LGL-003)
Warning: Standard cell instance u_framer/u_payload_ram/b13/mem_reg_6__6_ is not placed. (LGL-003)
Warning: Standard cell instance u_framer/u_payload_ram/b13/mem_reg_6__5_ is not placed. (LGL-003)
Warning: Standard cell instance u_framer/u_payload_ram/b13/mem_reg_6__4_ is not placed. (LGL-003)
Warning: Standard cell instance u_framer/u_payload_ram/b13/mem_reg_6__3_ is not placed. (LGL-003)
Warning: Standard cell instance u_framer/u_payload_ram/b13/mem_reg_6__2_ is not placed. (LGL-003)
Warning: Standard cell instance u_framer/u_payload_ram/b13/mem_reg_6__1_ is not placed. (LGL-003)
Warning: Standard cell instance u_framer/u_payload_ram/b13/mem_reg_6__0_ is not placed. (LGL-003)
Warning: Standard cell instance u_framer/u_payload_ram/b13/mem_reg_7__7_ is not placed. (LGL-003)
Warning: Standard cell instance u_framer/u_payload_ram/b13/mem_reg_7__6_ is not placed. (LGL-003)
Warning: Standard cell instance u_framer/u_payload_ram/b13/mem_reg_7__5_ is not placed. (LGL-003)
Warning: Standard cell instance u_framer/u_payload_ram/b13/mem_reg_7__4_ is not placed. (LGL-003)
Warning: Standard cell instance u_framer/u_payload_ram/b13/mem_reg_7__3_ is not placed. (LGL-003)
Warning: Standard cell instance u_framer/u_payload_ram/b13/mem_reg_7__2_ is not placed. (LGL-003)
Warning: Standard cell instance u_framer/u_payload_ram/b13/mem_reg_7__1_ is not placed. (LGL-003)
Warning: Standard cell instance u_framer/u_payload_ram/b13/mem_reg_7__0_ is not placed. (LGL-003)
Warning: Standard cell instance u_framer/u_payload_ram/b13/mem_reg_1__4_ is not placed. (LGL-003)
Warning: Standard cell instance u_framer/u_payload_ram/b13/U2 is not placed. (LGL-003)
Warning: Standard cell instance u_framer/u_payload_ram/b13/U3 is not placed. (LGL-003)
Warning: Standard cell instance u_framer/u_payload_ram/b13/U4 is not placed. (LGL-003)
Warning: Standard cell instance u_framer/u_payload_ram/b13/U5 is not placed. (LGL-003)
Warning: Standard cell instance u_framer/u_payload_ram/b13/U6 is not placed. (LGL-003)
Warning: Standard cell instance u_framer/u_payload_ram/b13/U7 is not placed. (LGL-003)
Warning: Standard cell instance u_framer/u_payload_ram/b13/U8 is not placed. (LGL-003)
Warning: Standard cell instance u_framer/u_payload_ram/b13/U9 is not placed. (LGL-003)
Warning: Standard cell instance u_framer/u_payload_ram/b13/U10 is not placed. (LGL-003)
Warning: Standard cell instance u_framer/u_payload_ram/b13/U11 is not placed. (LGL-003)
Warning: Standard cell instance u_framer/u_payload_ram/b13/U12 is not placed. (LGL-003)
Warning: Standard cell instance u_framer/u_payload_ram/b13/U13 is not placed. (LGL-003)
Warning: Standard cell instance u_framer/u_payload_ram/b13/U14 is not placed. (LGL-003)
Warning: Standard cell instance u_framer/u_payload_ram/b13/U15 is not placed. (LGL-003)
Warning: Standard cell instance u_framer/u_payload_ram/b13/U16 is not placed. (LGL-003)
Warning: Standard cell instance u_framer/u_payload_ram/b13/U17 is not placed. (LGL-003)
Warning: Standard cell instance u_framer/u_payload_ram/b13/U18 is not placed. (LGL-003)
Warning: Standard cell instance u_framer/u_payload_ram/b13/U19 is not placed. (LGL-003)
Warning: Standard cell instance u_framer/u_payload_ram/b13/U20 is not placed. (LGL-003)
Warning: Standard cell instance u_framer/u_payload_ram/b13/U21 is not placed. (LGL-003)
Warning: Standard cell instance u_framer/u_payload_ram/b13/U22 is not placed. (LGL-003)
Warning: Standard cell instance u_framer/u_payload_ram/b13/U23 is not placed. (LGL-003)
Warning: Standard cell instance u_framer/u_payload_ram/b13/U24 is not placed. (LGL-003)
Warning: Standard cell instance u_framer/u_payload_ram/b13/U25 is not placed. (LGL-003)
Warning: Standard cell instance u_framer/u_payload_ram/b13/U26 is not placed. (LGL-003)
Warning: Standard cell instance u_framer/u_payload_ram/b13/U27 is not placed. (LGL-003)
Warning: Standard cell instance u_framer/u_payload_ram/b13/U28 is not placed. (LGL-003)
Warning: Standard cell instance u_framer/u_payload_ram/b13/U29 is not placed. (LGL-003)
Warning: Standard cell instance u_framer/u_payload_ram/b13/U30 is not placed. (LGL-003)
Warning: Standard cell instance u_framer/u_payload_ram/b13/U31 is not placed. (LGL-003)
Warning: Standard cell instance u_framer/u_payload_ram/b13/U32 is not placed. (LGL-003)
Warning: Standard cell instance u_framer/u_payload_ram/b13/U33 is not placed. (LGL-003)
Warning: Standard cell instance u_framer/u_payload_ram/b13/U34 is not placed. (LGL-003)
Warning: Standard cell instance u_framer/u_payload_ram/b13/U35 is not placed. (LGL-003)
Warning: Standard cell instance u_framer/u_payload_ram/b13/U36 is not placed. (LGL-003)
Warning: Standard cell instance u_framer/u_payload_ram/b13/U37 is not placed. (LGL-003)
Warning: Standard cell instance u_framer/u_payload_ram/b13/U38 is not placed. (LGL-003)
Warning: Standard cell instance u_framer/u_payload_ram/b13/U39 is not placed. (LGL-003)
Warning: Standard cell instance u_framer/u_payload_ram/b13/U40 is not placed. (LGL-003)
Warning: Standard cell instance u_framer/u_payload_ram/b13/U41 is not placed. (LGL-003)
Warning: Standard cell instance u_framer/u_payload_ram/b13/U42 is not placed. (LGL-003)
Warning: Standard cell instance u_framer/u_payload_ram/b13/U43 is not placed. (LGL-003)
Warning: Standard cell instance u_framer/u_payload_ram/b13/U44 is not placed. (LGL-003)
Warning: Standard cell instance u_framer/u_payload_ram/b13/U45 is not placed. (LGL-003)
Warning: Standard cell instance u_framer/u_payload_ram/b13/U46 is not placed. (LGL-003)
Warning: Standard cell instance u_framer/u_payload_ram/b13/U47 is not placed. (LGL-003)
Warning: Standard cell instance u_framer/u_payload_ram/b13/U48 is not placed. (LGL-003)
Warning: Standard cell instance u_framer/u_payload_ram/b13/U49 is not placed. (LGL-003)
Warning: Standard cell instance u_framer/u_payload_ram/b13/U50 is not placed. (LGL-003)
Warning: Standard cell instance u_framer/u_payload_ram/b13/U51 is not placed. (LGL-003)
Warning: Standard cell instance u_framer/u_payload_ram/b13/U52 is not placed. (LGL-003)
Warning: Standard cell instance u_framer/u_payload_ram/b13/U53 is not placed. (LGL-003)
Warning: Standard cell instance u_framer/u_payload_ram/b13/U54 is not placed. (LGL-003)
Warning: Standard cell instance u_framer/u_payload_ram/b13/U55 is not placed. (LGL-003)
Warning: Standard cell instance u_framer/u_payload_ram/b13/U56 is not placed. (LGL-003)
Warning: Standard cell instance u_framer/u_payload_ram/b13/U57 is not placed. (LGL-003)
Warning: Standard cell instance u_framer/u_payload_ram/b13/U58 is not placed. (LGL-003)
Warning: Standard cell instance u_framer/u_payload_ram/b13/U59 is not placed. (LGL-003)
Warning: Standard cell instance u_framer/u_payload_ram/b13/U60 is not placed. (LGL-003)
Warning: Standard cell instance u_framer/u_payload_ram/b13/U61 is not placed. (LGL-003)
Warning: Standard cell instance u_framer/u_payload_ram/b13/U62 is not placed. (LGL-003)
Warning: Standard cell instance u_framer/u_payload_ram/b13/U63 is not placed. (LGL-003)
Warning: Standard cell instance u_framer/u_payload_ram/b13/U64 is not placed. (LGL-003)
Warning: Standard cell instance u_framer/u_payload_ram/b13/U65 is not placed. (LGL-003)
Warning: Standard cell instance u_framer/u_payload_ram/b13/U66 is not placed. (LGL-003)
Warning: Standard cell instance u_framer/u_payload_ram/b13/U67 is not placed. (LGL-003)
Warning: Standard cell instance u_framer/u_payload_ram/b13/U68 is not placed. (LGL-003)
Warning: Standard cell instance u_framer/u_payload_ram/b13/U69 is not placed. (LGL-003)
Warning: Standard cell instance u_framer/u_payload_ram/b13/U70 is not placed. (LGL-003)
Warning: Standard cell instance u_framer/u_payload_ram/b13/U71 is not placed. (LGL-003)
Warning: Standard cell instance u_framer/u_payload_ram/b13/U72 is not placed. (LGL-003)
Warning: Standard cell instance u_framer/u_payload_ram/b13/U73 is not placed. (LGL-003)
Warning: Standard cell instance u_framer/u_payload_ram/b13/U74 is not placed. (LGL-003)
Warning: Standard cell instance u_framer/u_payload_ram/b13/U75 is not placed. (LGL-003)
Warning: Standard cell instance u_framer/u_payload_ram/b13/U76 is not placed. (LGL-003)
Warning: Standard cell instance u_framer/u_payload_ram/b13/U77 is not placed. (LGL-003)
Warning: Standard cell instance u_framer/u_payload_ram/b13/U78 is not placed. (LGL-003)
Warning: Standard cell instance u_framer/u_payload_ram/b13/U308 is not placed. (LGL-003)
Warning: Standard cell instance u_framer/u_payload_ram/b13/U309 is not placed. (LGL-003)
Warning: Standard cell instance u_framer/u_payload_ram/b13/U310 is not placed. (LGL-003)
Warning: Standard cell instance u_framer/u_payload_ram/b13/U311 is not placed. (LGL-003)
Warning: Standard cell instance u_framer/u_payload_ram/b13/U312 is not placed. (LGL-003)
Warning: Standard cell instance u_framer/u_payload_ram/b13/U313 is not placed. (LGL-003)
Warning: Standard cell instance u_framer/u_payload_ram/b13/U79 is not placed. (LGL-003)
Warning: Standard cell instance u_framer/u_payload_ram/b13/U80 is not placed. (LGL-003)
Warning: Standard cell instance u_framer/u_payload_ram/b13/U81 is not placed. (LGL-003)
Warning: Standard cell instance u_framer/u_payload_ram/b14/U85 is not placed. (LGL-003)
Warning: Standard cell instance u_framer/u_payload_ram/b14/U86 is not placed. (LGL-003)
Warning: Standard cell instance u_framer/u_payload_ram/b14/U87 is not placed. (LGL-003)
Warning: Standard cell instance u_framer/u_payload_ram/b14/U88 is not placed. (LGL-003)
Warning: Standard cell instance u_framer/u_payload_ram/b14/U89 is not placed. (LGL-003)
Warning: Standard cell instance u_framer/u_payload_ram/b14/U90 is not placed. (LGL-003)
Warning: Standard cell instance u_framer/u_payload_ram/b14/U91 is not placed. (LGL-003)
Warning: Standard cell instance u_framer/u_payload_ram/b14/U92 is not placed. (LGL-003)
Warning: Standard cell instance u_framer/u_payload_ram/b14/U93 is not placed. (LGL-003)
Warning: Standard cell instance u_framer/u_payload_ram/b14/U94 is not placed. (LGL-003)
Warning: Standard cell instance u_framer/u_payload_ram/b14/U95 is not placed. (LGL-003)
Warning: Standard cell instance u_framer/u_payload_ram/b14/U96 is not placed. (LGL-003)
Warning: Standard cell instance u_framer/u_payload_ram/b14/U97 is not placed. (LGL-003)
Warning: Standard cell instance u_framer/u_payload_ram/b14/U98 is not placed. (LGL-003)
Warning: Standard cell instance u_framer/u_payload_ram/b14/U99 is not placed. (LGL-003)
Warning: Standard cell instance u_framer/u_payload_ram/b14/U100 is not placed. (LGL-003)
Warning: Standard cell instance u_framer/u_payload_ram/b14/U101 is not placed. (LGL-003)
Warning: Standard cell instance u_framer/u_payload_ram/b14/U102 is not placed. (LGL-003)
Warning: Standard cell instance u_framer/u_payload_ram/b14/U103 is not placed. (LGL-003)
Warning: Standard cell instance u_framer/u_payload_ram/b14/U104 is not placed. (LGL-003)
Warning: Standard cell instance u_framer/u_payload_ram/b14/U105 is not placed. (LGL-003)
Warning: Standard cell instance u_framer/u_payload_ram/b14/U106 is not placed. (LGL-003)
Warning: Standard cell instance u_framer/u_payload_ram/b14/U107 is not placed. (LGL-003)
Warning: Standard cell instance u_framer/u_payload_ram/b14/U108 is not placed. (LGL-003)
Warning: Standard cell instance u_framer/u_payload_ram/b14/U109 is not placed. (LGL-003)
Warning: Standard cell instance u_framer/u_payload_ram/b14/U110 is not placed. (LGL-003)
Warning: Standard cell instance u_framer/u_payload_ram/b14/U111 is not placed. (LGL-003)
Warning: Standard cell instance u_framer/u_payload_ram/b14/U112 is not placed. (LGL-003)
Warning: Standard cell instance u_framer/u_payload_ram/b14/U113 is not placed. (LGL-003)
Warning: Standard cell instance u_framer/u_payload_ram/b14/U114 is not placed. (LGL-003)
Warning: Standard cell instance u_framer/u_payload_ram/b14/U115 is not placed. (LGL-003)
Warning: Standard cell instance u_framer/u_payload_ram/b14/U116 is not placed. (LGL-003)
Warning: Standard cell instance u_framer/u_payload_ram/b14/U117 is not placed. (LGL-003)
Warning: Standard cell instance u_framer/u_payload_ram/b14/U118 is not placed. (LGL-003)
Warning: Standard cell instance u_framer/u_payload_ram/b14/U119 is not placed. (LGL-003)
Warning: Standard cell instance u_framer/u_payload_ram/b14/U120 is not placed. (LGL-003)
Warning: Standard cell instance u_framer/u_payload_ram/b14/U121 is not placed. (LGL-003)
Warning: Standard cell instance u_framer/u_payload_ram/b14/U122 is not placed. (LGL-003)
Warning: Standard cell instance u_framer/u_payload_ram/b14/U123 is not placed. (LGL-003)
Warning: Standard cell instance u_framer/u_payload_ram/b14/U124 is not placed. (LGL-003)
Warning: Standard cell instance u_framer/u_payload_ram/b14/U125 is not placed. (LGL-003)
Warning: Standard cell instance u_framer/u_payload_ram/b14/U126 is not placed. (LGL-003)
Warning: Standard cell instance u_framer/u_payload_ram/b14/U127 is not placed. (LGL-003)
Warning: Standard cell instance u_framer/u_payload_ram/b14/U128 is not placed. (LGL-003)
Warning: Standard cell instance u_framer/u_payload_ram/b14/U129 is not placed. (LGL-003)
Warning: Standard cell instance u_framer/u_payload_ram/b14/U130 is not placed. (LGL-003)
Warning: Standard cell instance u_framer/u_payload_ram/b14/U131 is not placed. (LGL-003)
Warning: Standard cell instance u_framer/u_payload_ram/b14/U132 is not placed. (LGL-003)
Warning: Standard cell instance u_framer/u_payload_ram/b14/U134 is not placed. (LGL-003)
Warning: Standard cell instance u_framer/u_payload_ram/b14/U135 is not placed. (LGL-003)
Warning: Standard cell instance u_framer/u_payload_ram/b14/U136 is not placed. (LGL-003)
Warning: Standard cell instance u_framer/u_payload_ram/b14/U137 is not placed. (LGL-003)
Warning: Standard cell instance u_framer/u_payload_ram/b14/U138 is not placed. (LGL-003)
Warning: Standard cell instance u_framer/u_payload_ram/b14/U139 is not placed. (LGL-003)
Warning: Standard cell instance u_framer/u_payload_ram/b14/U140 is not placed. (LGL-003)
Warning: Standard cell instance u_framer/u_payload_ram/b14/U141 is not placed. (LGL-003)
Warning: Standard cell instance u_framer/u_payload_ram/b14/U143 is not placed. (LGL-003)
Warning: Standard cell instance u_framer/u_payload_ram/b14/U144 is not placed. (LGL-003)
Warning: Standard cell instance u_framer/u_payload_ram/b14/U145 is not placed. (LGL-003)
Warning: Standard cell instance u_framer/u_payload_ram/b14/U147 is not placed. (LGL-003)
Warning: Standard cell instance u_framer/u_payload_ram/b14/U148 is not placed. (LGL-003)
Warning: Standard cell instance u_framer/u_payload_ram/b14/U149 is not placed. (LGL-003)
Warning: Standard cell instance u_framer/u_payload_ram/b14/U150 is not placed. (LGL-003)
Warning: Standard cell instance u_framer/u_payload_ram/b14/U152 is not placed. (LGL-003)
Warning: Standard cell instance u_framer/u_payload_ram/b14/U153 is not placed. (LGL-003)
Warning: Standard cell instance u_framer/u_payload_ram/b14/U154 is not placed. (LGL-003)
Warning: Standard cell instance u_framer/u_payload_ram/b14/U155 is not placed. (LGL-003)
Warning: Standard cell instance u_framer/u_payload_ram/b14/U156 is not placed. (LGL-003)
Warning: Standard cell instance u_framer/u_payload_ram/b14/U157 is not placed. (LGL-003)
Warning: Standard cell instance u_framer/u_payload_ram/b14/U158 is not placed. (LGL-003)
Warning: Standard cell instance u_framer/u_payload_ram/b14/U159 is not placed. (LGL-003)
Warning: Standard cell instance u_framer/u_payload_ram/b14/U161 is not placed. (LGL-003)
Warning: Standard cell instance u_framer/u_payload_ram/b14/U162 is not placed. (LGL-003)
Warning: Standard cell instance u_framer/u_payload_ram/b14/U164 is not placed. (LGL-003)
Warning: Standard cell instance u_framer/u_payload_ram/b14/U165 is not placed. (LGL-003)
Warning: Standard cell instance u_framer/u_payload_ram/b14/U166 is not placed. (LGL-003)
Warning: Standard cell instance u_framer/u_payload_ram/b14/U167 is not placed. (LGL-003)
Warning: Standard cell instance u_framer/u_payload_ram/b14/U168 is not placed. (LGL-003)
Warning: Standard cell instance u_framer/u_payload_ram/b14/U169 is not placed. (LGL-003)
Warning: Standard cell instance u_framer/u_payload_ram/b14/U171 is not placed. (LGL-003)
Warning: Standard cell instance u_framer/u_payload_ram/b14/U172 is not placed. (LGL-003)
Warning: Standard cell instance u_framer/u_payload_ram/b14/U173 is not placed. (LGL-003)
Warning: Standard cell instance u_framer/u_payload_ram/b14/U174 is not placed. (LGL-003)
Warning: Standard cell instance u_framer/u_payload_ram/b14/U175 is not placed. (LGL-003)
Warning: Standard cell instance u_framer/u_payload_ram/b14/U176 is not placed. (LGL-003)
Warning: Standard cell instance u_framer/u_payload_ram/b14/U177 is not placed. (LGL-003)
Warning: Standard cell instance u_framer/u_payload_ram/b14/U178 is not placed. (LGL-003)
Warning: Standard cell instance u_framer/u_payload_ram/b14/U180 is not placed. (LGL-003)
Warning: Standard cell instance u_framer/u_payload_ram/b14/U181 is not placed. (LGL-003)
Warning: Standard cell instance u_framer/u_payload_ram/b14/U182 is not placed. (LGL-003)
Warning: Standard cell instance u_framer/u_payload_ram/b14/U183 is not placed. (LGL-003)
Warning: Standard cell instance u_framer/u_payload_ram/b14/U184 is not placed. (LGL-003)
Warning: Standard cell instance u_framer/u_payload_ram/b14/U185 is not placed. (LGL-003)
Warning: Standard cell instance u_framer/u_payload_ram/b14/U186 is not placed. (LGL-003)
Warning: Standard cell instance u_framer/u_payload_ram/b14/U187 is not placed. (LGL-003)
Warning: Standard cell instance u_framer/u_payload_ram/b14/U189 is not placed. (LGL-003)
Warning: Standard cell instance u_framer/u_payload_ram/b14/U190 is not placed. (LGL-003)
Warning: Standard cell instance u_framer/u_payload_ram/b14/U191 is not placed. (LGL-003)
Warning: Standard cell instance u_framer/u_payload_ram/b14/U192 is not placed. (LGL-003)
Warning: Standard cell instance u_framer/u_payload_ram/b14/U193 is not placed. (LGL-003)
Warning: Standard cell instance u_framer/u_payload_ram/b14/U194 is not placed. (LGL-003)
Warning: Standard cell instance u_framer/u_payload_ram/b14/U195 is not placed. (LGL-003)
Warning: Standard cell instance u_framer/u_payload_ram/b14/U196 is not placed. (LGL-003)
Warning: Standard cell instance u_framer/u_payload_ram/b14/mem_reg_0__7_ is not placed. (LGL-003)
Warning: Standard cell instance u_framer/u_payload_ram/b14/mem_reg_0__6_ is not placed. (LGL-003)
Warning: Standard cell instance u_framer/u_payload_ram/b14/mem_reg_0__5_ is not placed. (LGL-003)
Warning: Standard cell instance u_framer/u_payload_ram/b14/mem_reg_0__4_ is not placed. (LGL-003)
Warning: Standard cell instance u_framer/u_payload_ram/b14/mem_reg_0__3_ is not placed. (LGL-003)
Warning: Standard cell instance u_framer/u_payload_ram/b14/mem_reg_0__2_ is not placed. (LGL-003)
Warning: Standard cell instance u_framer/u_payload_ram/b14/mem_reg_0__1_ is not placed. (LGL-003)
Warning: Standard cell instance u_framer/u_payload_ram/b14/mem_reg_0__0_ is not placed. (LGL-003)
Warning: Standard cell instance u_framer/u_payload_ram/b14/mem_reg_1__7_ is not placed. (LGL-003)
Warning: Standard cell instance u_framer/u_payload_ram/b14/mem_reg_1__6_ is not placed. (LGL-003)
Warning: Standard cell instance u_framer/u_payload_ram/b14/mem_reg_1__5_ is not placed. (LGL-003)
Warning: Standard cell instance u_framer/u_payload_ram/b14/mem_reg_1__4_ is not placed. (LGL-003)
Warning: Standard cell instance u_framer/u_payload_ram/b14/mem_reg_1__3_ is not placed. (LGL-003)
Warning: Standard cell instance u_framer/u_payload_ram/b14/mem_reg_1__2_ is not placed. (LGL-003)
Warning: Standard cell instance u_framer/u_payload_ram/b14/mem_reg_1__1_ is not placed. (LGL-003)
Warning: Standard cell instance u_framer/u_payload_ram/b14/mem_reg_1__0_ is not placed. (LGL-003)
Warning: Standard cell instance u_framer/u_payload_ram/b14/mem_reg_2__7_ is not placed. (LGL-003)
Warning: Standard cell instance u_framer/u_payload_ram/b14/mem_reg_2__6_ is not placed. (LGL-003)
Warning: Standard cell instance u_framer/u_payload_ram/b14/mem_reg_2__5_ is not placed. (LGL-003)
Warning: Standard cell instance u_framer/u_payload_ram/b14/mem_reg_2__4_ is not placed. (LGL-003)
Warning: Standard cell instance u_framer/u_payload_ram/b14/mem_reg_2__3_ is not placed. (LGL-003)
Warning: Standard cell instance u_framer/u_payload_ram/b14/mem_reg_2__2_ is not placed. (LGL-003)
Warning: Standard cell instance u_framer/u_payload_ram/b14/mem_reg_2__1_ is not placed. (LGL-003)
Warning: Standard cell instance u_framer/u_payload_ram/b14/mem_reg_2__0_ is not placed. (LGL-003)
Warning: Standard cell instance u_framer/u_payload_ram/b14/mem_reg_3__7_ is not placed. (LGL-003)
Warning: Standard cell instance u_framer/u_payload_ram/b14/mem_reg_3__6_ is not placed. (LGL-003)
Warning: Standard cell instance u_framer/u_payload_ram/b14/mem_reg_3__5_ is not placed. (LGL-003)
Warning: Standard cell instance u_framer/u_payload_ram/b14/mem_reg_3__4_ is not placed. (LGL-003)
Warning: Standard cell instance u_framer/u_payload_ram/b14/mem_reg_3__3_ is not placed. (LGL-003)
Warning: Standard cell instance u_framer/u_payload_ram/b14/mem_reg_3__2_ is not placed. (LGL-003)
Warning: Standard cell instance u_framer/u_payload_ram/b14/mem_reg_3__1_ is not placed. (LGL-003)
Warning: Standard cell instance u_framer/u_payload_ram/b14/mem_reg_3__0_ is not placed. (LGL-003)
Warning: Standard cell instance u_framer/u_payload_ram/b14/mem_reg_4__7_ is not placed. (LGL-003)
Warning: Standard cell instance u_framer/u_payload_ram/b14/mem_reg_4__6_ is not placed. (LGL-003)
Warning: Standard cell instance u_framer/u_payload_ram/b14/mem_reg_4__5_ is not placed. (LGL-003)
Warning: Standard cell instance u_framer/u_payload_ram/b14/mem_reg_4__4_ is not placed. (LGL-003)
Warning: Standard cell instance u_framer/u_payload_ram/b14/mem_reg_4__3_ is not placed. (LGL-003)
Warning: Standard cell instance u_framer/u_payload_ram/b14/mem_reg_4__2_ is not placed. (LGL-003)
Warning: Standard cell instance u_framer/u_payload_ram/b14/mem_reg_4__1_ is not placed. (LGL-003)
Warning: Standard cell instance u_framer/u_payload_ram/b14/mem_reg_4__0_ is not placed. (LGL-003)
Warning: Standard cell instance u_framer/u_payload_ram/b14/mem_reg_5__7_ is not placed. (LGL-003)
Warning: Standard cell instance u_framer/u_payload_ram/b14/mem_reg_5__6_ is not placed. (LGL-003)
Warning: Standard cell instance u_framer/u_payload_ram/b14/mem_reg_5__5_ is not placed. (LGL-003)
Warning: Standard cell instance u_framer/u_payload_ram/b14/mem_reg_5__4_ is not placed. (LGL-003)
Warning: Standard cell instance u_framer/u_payload_ram/b14/mem_reg_5__2_ is not placed. (LGL-003)
Warning: Standard cell instance u_framer/u_payload_ram/b14/mem_reg_5__1_ is not placed. (LGL-003)
Warning: Standard cell instance u_framer/u_payload_ram/b14/mem_reg_5__0_ is not placed. (LGL-003)
Warning: Standard cell instance u_framer/u_payload_ram/b14/mem_reg_6__7_ is not placed. (LGL-003)
Warning: Standard cell instance u_framer/u_payload_ram/b14/mem_reg_6__6_ is not placed. (LGL-003)
Warning: Standard cell instance u_framer/u_payload_ram/b14/mem_reg_6__5_ is not placed. (LGL-003)
Warning: Standard cell instance u_framer/u_payload_ram/b14/mem_reg_6__4_ is not placed. (LGL-003)
Warning: Standard cell instance u_framer/u_payload_ram/b14/mem_reg_6__3_ is not placed. (LGL-003)
Warning: Standard cell instance u_framer/u_payload_ram/b14/mem_reg_6__2_ is not placed. (LGL-003)
Warning: Standard cell instance u_framer/u_payload_ram/b14/mem_reg_6__1_ is not placed. (LGL-003)
Warning: Standard cell instance u_framer/u_payload_ram/b14/mem_reg_6__0_ is not placed. (LGL-003)
Warning: Standard cell instance u_framer/u_payload_ram/b14/mem_reg_7__7_ is not placed. (LGL-003)
Warning: Standard cell instance u_framer/u_payload_ram/b14/mem_reg_7__6_ is not placed. (LGL-003)
Warning: Standard cell instance u_framer/u_payload_ram/b14/mem_reg_7__5_ is not placed. (LGL-003)
Warning: Standard cell instance u_framer/u_payload_ram/b14/mem_reg_7__4_ is not placed. (LGL-003)
Warning: Standard cell instance u_framer/u_payload_ram/b14/mem_reg_7__3_ is not placed. (LGL-003)
Warning: Standard cell instance u_framer/u_payload_ram/b14/mem_reg_7__2_ is not placed. (LGL-003)
Warning: Standard cell instance u_framer/u_payload_ram/b14/mem_reg_7__1_ is not placed. (LGL-003)
Warning: Standard cell instance u_framer/u_payload_ram/b14/mem_reg_7__0_ is not placed. (LGL-003)
Warning: Standard cell instance u_framer/u_payload_ram/b14/mem_reg_5__3_ is not placed. (LGL-003)
Warning: Standard cell instance u_framer/u_payload_ram/b14/U2 is not placed. (LGL-003)
Warning: Standard cell instance u_framer/u_payload_ram/b14/U3 is not placed. (LGL-003)
Warning: Standard cell instance u_framer/u_payload_ram/b14/U4 is not placed. (LGL-003)
Warning: Standard cell instance u_framer/u_payload_ram/b14/U5 is not placed. (LGL-003)
Warning: Standard cell instance u_framer/u_payload_ram/b14/U6 is not placed. (LGL-003)
Warning: Standard cell instance u_framer/u_payload_ram/b14/U7 is not placed. (LGL-003)
Warning: Standard cell instance u_framer/u_payload_ram/b14/U8 is not placed. (LGL-003)
Warning: Standard cell instance u_framer/u_payload_ram/b14/U9 is not placed. (LGL-003)
Warning: Standard cell instance u_framer/u_payload_ram/b14/U10 is not placed. (LGL-003)
Warning: Standard cell instance u_framer/u_payload_ram/b14/U11 is not placed. (LGL-003)
Warning: Standard cell instance u_framer/u_payload_ram/b14/U12 is not placed. (LGL-003)
Warning: Standard cell instance u_framer/u_payload_ram/b14/U13 is not placed. (LGL-003)
Warning: Standard cell instance u_framer/u_payload_ram/b14/U14 is not placed. (LGL-003)
Warning: Standard cell instance u_framer/u_payload_ram/b14/U15 is not placed. (LGL-003)
Warning: Standard cell instance u_framer/u_payload_ram/b14/U16 is not placed. (LGL-003)
Warning: Standard cell instance u_framer/u_payload_ram/b14/U17 is not placed. (LGL-003)
Warning: Standard cell instance u_framer/u_payload_ram/b14/U18 is not placed. (LGL-003)
Warning: Standard cell instance u_framer/u_payload_ram/b14/U19 is not placed. (LGL-003)
Warning: Standard cell instance u_framer/u_payload_ram/b14/U20 is not placed. (LGL-003)
Warning: Standard cell instance u_framer/u_payload_ram/b14/U21 is not placed. (LGL-003)
Warning: Standard cell instance u_framer/u_payload_ram/b14/U22 is not placed. (LGL-003)
Warning: Standard cell instance u_framer/u_payload_ram/b14/U23 is not placed. (LGL-003)
Warning: Standard cell instance u_framer/u_payload_ram/b14/U24 is not placed. (LGL-003)
Warning: Standard cell instance u_framer/u_payload_ram/b14/U25 is not placed. (LGL-003)
Warning: Standard cell instance u_framer/u_payload_ram/b14/U26 is not placed. (LGL-003)
Warning: Standard cell instance u_framer/u_payload_ram/b14/U27 is not placed. (LGL-003)
Warning: Standard cell instance u_framer/u_payload_ram/b14/U28 is not placed. (LGL-003)
Warning: Standard cell instance u_framer/u_payload_ram/b14/U29 is not placed. (LGL-003)
Warning: Standard cell instance u_framer/u_payload_ram/b14/U30 is not placed. (LGL-003)
Warning: Standard cell instance u_framer/u_payload_ram/b14/U31 is not placed. (LGL-003)
Warning: Standard cell instance u_framer/u_payload_ram/b14/U32 is not placed. (LGL-003)
Warning: Standard cell instance u_framer/u_payload_ram/b14/U33 is not placed. (LGL-003)
Warning: Standard cell instance u_framer/u_payload_ram/b14/U34 is not placed. (LGL-003)
Warning: Standard cell instance u_framer/u_payload_ram/b14/U35 is not placed. (LGL-003)
Warning: Standard cell instance u_framer/u_payload_ram/b14/U36 is not placed. (LGL-003)
Warning: Standard cell instance u_framer/u_payload_ram/b14/U37 is not placed. (LGL-003)
Warning: Standard cell instance u_framer/u_payload_ram/b14/U38 is not placed. (LGL-003)
Warning: Standard cell instance u_framer/u_payload_ram/b14/U39 is not placed. (LGL-003)
Warning: Standard cell instance u_framer/u_payload_ram/b14/U40 is not placed. (LGL-003)
Warning: Standard cell instance u_framer/u_payload_ram/b14/U41 is not placed. (LGL-003)
Warning: Standard cell instance u_framer/u_payload_ram/b14/U42 is not placed. (LGL-003)
Warning: Standard cell instance u_framer/u_payload_ram/b14/U43 is not placed. (LGL-003)
Warning: Standard cell instance u_framer/u_payload_ram/b14/U44 is not placed. (LGL-003)
Warning: Standard cell instance u_framer/u_payload_ram/b14/U45 is not placed. (LGL-003)
Warning: Standard cell instance u_framer/u_payload_ram/b14/U46 is not placed. (LGL-003)
Warning: Standard cell instance u_framer/u_payload_ram/b14/U47 is not placed. (LGL-003)
Warning: Standard cell instance u_framer/u_payload_ram/b14/U48 is not placed. (LGL-003)
Warning: Standard cell instance u_framer/u_payload_ram/b14/U49 is not placed. (LGL-003)
Warning: Standard cell instance u_framer/u_payload_ram/b14/U50 is not placed. (LGL-003)
Warning: Standard cell instance u_framer/u_payload_ram/b14/U51 is not placed. (LGL-003)
Warning: Standard cell instance u_framer/u_payload_ram/b14/U52 is not placed. (LGL-003)
Warning: Standard cell instance u_framer/u_payload_ram/b14/U53 is not placed. (LGL-003)
Warning: Standard cell instance u_framer/u_payload_ram/b14/U54 is not placed. (LGL-003)
Warning: Standard cell instance u_framer/u_payload_ram/b14/U55 is not placed. (LGL-003)
Warning: Standard cell instance u_framer/u_payload_ram/b14/U56 is not placed. (LGL-003)
Warning: Standard cell instance u_framer/u_payload_ram/b14/U57 is not placed. (LGL-003)
Warning: Standard cell instance u_framer/u_payload_ram/b14/U58 is not placed. (LGL-003)
Warning: Standard cell instance u_framer/u_payload_ram/b14/U59 is not placed. (LGL-003)
Warning: Standard cell instance u_framer/u_payload_ram/b14/U60 is not placed. (LGL-003)
Warning: Standard cell instance u_framer/u_payload_ram/b14/U61 is not placed. (LGL-003)
Warning: Standard cell instance u_framer/u_payload_ram/b14/U62 is not placed. (LGL-003)
Warning: Standard cell instance u_framer/u_payload_ram/b14/U63 is not placed. (LGL-003)
Warning: Standard cell instance u_framer/u_payload_ram/b14/U64 is not placed. (LGL-003)
Warning: Standard cell instance u_framer/u_payload_ram/b14/U65 is not placed. (LGL-003)
Warning: Standard cell instance u_framer/u_payload_ram/b14/U66 is not placed. (LGL-003)
Warning: Standard cell instance u_framer/u_payload_ram/b14/U67 is not placed. (LGL-003)
Warning: Standard cell instance u_framer/u_payload_ram/b14/U68 is not placed. (LGL-003)
Warning: Standard cell instance u_framer/u_payload_ram/b14/U69 is not placed. (LGL-003)
Warning: Standard cell instance u_framer/u_payload_ram/b14/U70 is not placed. (LGL-003)
Warning: Standard cell instance u_framer/u_payload_ram/b14/U71 is not placed. (LGL-003)
Warning: Standard cell instance u_framer/u_payload_ram/b14/U72 is not placed. (LGL-003)
Warning: Standard cell instance u_framer/u_payload_ram/b14/U73 is not placed. (LGL-003)
Warning: Standard cell instance u_framer/u_payload_ram/b14/U74 is not placed. (LGL-003)
Warning: Standard cell instance u_framer/u_payload_ram/b14/U75 is not placed. (LGL-003)
Warning: Standard cell instance u_framer/u_payload_ram/b14/U76 is not placed. (LGL-003)
Warning: Standard cell instance u_framer/u_payload_ram/b14/U77 is not placed. (LGL-003)
Warning: Standard cell instance u_framer/u_payload_ram/b14/U78 is not placed. (LGL-003)
Warning: Standard cell instance u_framer/u_payload_ram/b14/U79 is not placed. (LGL-003)
Warning: Standard cell instance u_framer/u_payload_ram/b14/U80 is not placed. (LGL-003)
Warning: Standard cell instance u_framer/u_payload_ram/b14/U81 is not placed. (LGL-003)
Warning: Standard cell instance u_framer/u_payload_ram/b14/U82 is not placed. (LGL-003)
Warning: Standard cell instance u_framer/u_payload_ram/b14/U83 is not placed. (LGL-003)
Warning: Standard cell instance u_framer/u_payload_ram/b14/U84 is not placed. (LGL-003)
Warning: Standard cell instance u_framer/u_payload_ram/b14/U133 is not placed. (LGL-003)
Warning: Standard cell instance u_framer/u_payload_ram/b14/U142 is not placed. (LGL-003)
Warning: Standard cell instance u_framer/u_payload_ram/b14/U146 is not placed. (LGL-003)
Warning: Standard cell instance u_framer/u_payload_ram/b14/U151 is not placed. (LGL-003)
Warning: Standard cell instance u_framer/u_payload_ram/b14/U160 is not placed. (LGL-003)
Warning: Standard cell instance u_framer/u_payload_ram/b14/U163 is not placed. (LGL-003)
Warning: Standard cell instance u_framer/u_payload_ram/b14/U170 is not placed. (LGL-003)
Warning: Standard cell instance u_framer/u_payload_ram/b14/U179 is not placed. (LGL-003)
Warning: Standard cell instance u_framer/u_payload_ram/b14/U188 is not placed. (LGL-003)
Warning: Standard cell instance u_framer/u_payload_ram/b14/U197 is not placed. (LGL-003)
Warning: Standard cell instance u_framer/u_payload_ram/b14/U198 is not placed. (LGL-003)
Warning: Standard cell instance u_framer/u_payload_ram/b14/U199 is not placed. (LGL-003)
Warning: Standard cell instance u_framer/u_payload_ram/b14/U200 is not placed. (LGL-003)
Warning: Standard cell instance u_framer/u_payload_ram/b14/U201 is not placed. (LGL-003)
Warning: Standard cell instance u_framer/u_payload_ram/b14/U202 is not placed. (LGL-003)
Warning: Standard cell instance u_framer/u_payload_ram/b14/U203 is not placed. (LGL-003)
Warning: Standard cell instance u_framer/u_payload_ram/b14/U332 is not placed. (LGL-003)
Warning: Standard cell instance u_framer/u_payload_ram/b14/U333 is not placed. (LGL-003)
Warning: Standard cell instance u_framer/u_payload_ram/b14/U334 is not placed. (LGL-003)
Warning: Standard cell instance u_framer/u_payload_ram/b14/U335 is not placed. (LGL-003)
Warning: Standard cell instance u_framer/u_payload_ram/b14/U336 is not placed. (LGL-003)
Warning: Standard cell instance u_framer/u_payload_ram/b14/U337 is not placed. (LGL-003)
Warning: Standard cell instance u_framer/u_payload_ram/b14/U338 is not placed. (LGL-003)
Warning: Standard cell instance u_framer/u_payload_ram/b14/U339 is not placed. (LGL-003)
Warning: Standard cell instance u_framer/u_payload_ram/b15/U85 is not placed. (LGL-003)
Warning: Standard cell instance u_framer/u_payload_ram/b15/U86 is not placed. (LGL-003)
Warning: Standard cell instance u_framer/u_payload_ram/b15/U87 is not placed. (LGL-003)
Warning: Standard cell instance u_framer/u_payload_ram/b15/U88 is not placed. (LGL-003)
Warning: Standard cell instance u_framer/u_payload_ram/b15/U89 is not placed. (LGL-003)
Warning: Standard cell instance u_framer/u_payload_ram/b15/U90 is not placed. (LGL-003)
Warning: Standard cell instance u_framer/u_payload_ram/b15/U91 is not placed. (LGL-003)
Warning: Standard cell instance u_framer/u_payload_ram/b15/U92 is not placed. (LGL-003)
Warning: Standard cell instance u_framer/u_payload_ram/b15/U93 is not placed. (LGL-003)
Warning: Standard cell instance u_framer/u_payload_ram/b15/U94 is not placed. (LGL-003)
Warning: Standard cell instance u_framer/u_payload_ram/b15/U95 is not placed. (LGL-003)
Warning: Standard cell instance u_framer/u_payload_ram/b15/U96 is not placed. (LGL-003)
Warning: Standard cell instance u_framer/u_payload_ram/b15/U97 is not placed. (LGL-003)
Warning: Standard cell instance u_framer/u_payload_ram/b15/U98 is not placed. (LGL-003)
Warning: Standard cell instance u_framer/u_payload_ram/b15/U99 is not placed. (LGL-003)
Warning: Standard cell instance u_framer/u_payload_ram/b15/U100 is not placed. (LGL-003)
Warning: Standard cell instance u_framer/u_payload_ram/b15/U101 is not placed. (LGL-003)
Warning: Standard cell instance u_framer/u_payload_ram/b15/U102 is not placed. (LGL-003)
Warning: Standard cell instance u_framer/u_payload_ram/b15/U103 is not placed. (LGL-003)
Warning: Standard cell instance u_framer/u_payload_ram/b15/U104 is not placed. (LGL-003)
Warning: Standard cell instance u_framer/u_payload_ram/b15/U105 is not placed. (LGL-003)
Warning: Standard cell instance u_framer/u_payload_ram/b15/U106 is not placed. (LGL-003)
Warning: Standard cell instance u_framer/u_payload_ram/b15/U107 is not placed. (LGL-003)
Warning: Standard cell instance u_framer/u_payload_ram/b15/U108 is not placed. (LGL-003)
Warning: Standard cell instance u_framer/u_payload_ram/b15/U109 is not placed. (LGL-003)
Warning: Standard cell instance u_framer/u_payload_ram/b15/U110 is not placed. (LGL-003)
Warning: Standard cell instance u_framer/u_payload_ram/b15/U111 is not placed. (LGL-003)
Warning: Standard cell instance u_framer/u_payload_ram/b15/U112 is not placed. (LGL-003)
Warning: Standard cell instance u_framer/u_payload_ram/b15/U113 is not placed. (LGL-003)
Warning: Standard cell instance u_framer/u_payload_ram/b15/U114 is not placed. (LGL-003)
Warning: Standard cell instance u_framer/u_payload_ram/b15/U115 is not placed. (LGL-003)
Warning: Standard cell instance u_framer/u_payload_ram/b15/U116 is not placed. (LGL-003)
Warning: Standard cell instance u_framer/u_payload_ram/b15/U117 is not placed. (LGL-003)
Warning: Standard cell instance u_framer/u_payload_ram/b15/U118 is not placed. (LGL-003)
Warning: Standard cell instance u_framer/u_payload_ram/b15/U119 is not placed. (LGL-003)
Warning: Standard cell instance u_framer/u_payload_ram/b15/U120 is not placed. (LGL-003)
Warning: Standard cell instance u_framer/u_payload_ram/b15/U121 is not placed. (LGL-003)
Warning: Standard cell instance u_framer/u_payload_ram/b15/U122 is not placed. (LGL-003)
Warning: Standard cell instance u_framer/u_payload_ram/b15/U123 is not placed. (LGL-003)
Warning: Standard cell instance u_framer/u_payload_ram/b15/U124 is not placed. (LGL-003)
Warning: Standard cell instance u_framer/u_payload_ram/b15/U125 is not placed. (LGL-003)
Warning: Standard cell instance u_framer/u_payload_ram/b15/U127 is not placed. (LGL-003)
Warning: Standard cell instance u_framer/u_payload_ram/b15/U129 is not placed. (LGL-003)
Warning: Standard cell instance u_framer/u_payload_ram/b15/U130 is not placed. (LGL-003)
Warning: Standard cell instance u_framer/u_payload_ram/b15/U131 is not placed. (LGL-003)
Warning: Standard cell instance u_framer/u_payload_ram/b15/U132 is not placed. (LGL-003)
Warning: Standard cell instance u_framer/u_payload_ram/b15/U134 is not placed. (LGL-003)
Warning: Standard cell instance u_framer/u_payload_ram/b15/U136 is not placed. (LGL-003)
Warning: Standard cell instance u_framer/u_payload_ram/b15/U138 is not placed. (LGL-003)
Warning: Standard cell instance u_framer/u_payload_ram/b15/U139 is not placed. (LGL-003)
Warning: Standard cell instance u_framer/u_payload_ram/b15/U140 is not placed. (LGL-003)
Warning: Standard cell instance u_framer/u_payload_ram/b15/U141 is not placed. (LGL-003)
Warning: Standard cell instance u_framer/u_payload_ram/b15/U143 is not placed. (LGL-003)
Warning: Standard cell instance u_framer/u_payload_ram/b15/U145 is not placed. (LGL-003)
Warning: Standard cell instance u_framer/u_payload_ram/b15/U147 is not placed. (LGL-003)
Warning: Standard cell instance u_framer/u_payload_ram/b15/U148 is not placed. (LGL-003)
Warning: Standard cell instance u_framer/u_payload_ram/b15/U149 is not placed. (LGL-003)
Warning: Standard cell instance u_framer/u_payload_ram/b15/U150 is not placed. (LGL-003)
Warning: Standard cell instance u_framer/u_payload_ram/b15/U152 is not placed. (LGL-003)
Warning: Standard cell instance u_framer/u_payload_ram/b15/U154 is not placed. (LGL-003)
Warning: Standard cell instance u_framer/u_payload_ram/b15/U156 is not placed. (LGL-003)
Warning: Standard cell instance u_framer/u_payload_ram/b15/U157 is not placed. (LGL-003)
Warning: Standard cell instance u_framer/u_payload_ram/b15/U158 is not placed. (LGL-003)
Warning: Standard cell instance u_framer/u_payload_ram/b15/U159 is not placed. (LGL-003)
Warning: Standard cell instance u_framer/u_payload_ram/b15/U162 is not placed. (LGL-003)
Warning: Standard cell instance u_framer/u_payload_ram/b15/U164 is not placed. (LGL-003)
Warning: Standard cell instance u_framer/u_payload_ram/b15/U166 is not placed. (LGL-003)
Warning: Standard cell instance u_framer/u_payload_ram/b15/U167 is not placed. (LGL-003)
Warning: Standard cell instance u_framer/u_payload_ram/b15/U168 is not placed. (LGL-003)
Warning: Standard cell instance u_framer/u_payload_ram/b15/U169 is not placed. (LGL-003)
Warning: Standard cell instance u_framer/u_payload_ram/b15/U171 is not placed. (LGL-003)
Warning: Standard cell instance u_framer/u_payload_ram/b15/U173 is not placed. (LGL-003)
Warning: Standard cell instance u_framer/u_payload_ram/b15/U175 is not placed. (LGL-003)
Warning: Standard cell instance u_framer/u_payload_ram/b15/U176 is not placed. (LGL-003)
Warning: Standard cell instance u_framer/u_payload_ram/b15/U177 is not placed. (LGL-003)
Warning: Standard cell instance u_framer/u_payload_ram/b15/U178 is not placed. (LGL-003)
Warning: Standard cell instance u_framer/u_payload_ram/b15/U185 is not placed. (LGL-003)
Warning: Standard cell instance u_framer/u_payload_ram/b15/U186 is not placed. (LGL-003)
Warning: Standard cell instance u_framer/u_payload_ram/b15/U187 is not placed. (LGL-003)
Warning: Standard cell instance u_framer/u_payload_ram/b15/U194 is not placed. (LGL-003)
Warning: Standard cell instance u_framer/u_payload_ram/b15/U195 is not placed. (LGL-003)
Warning: Standard cell instance u_framer/u_payload_ram/b15/U196 is not placed. (LGL-003)
Warning: Standard cell instance u_framer/u_payload_ram/b15/mem_reg_0__7_ is not placed. (LGL-003)
Warning: Standard cell instance u_framer/u_payload_ram/b15/mem_reg_0__6_ is not placed. (LGL-003)
Warning: Standard cell instance u_framer/u_payload_ram/b15/mem_reg_0__5_ is not placed. (LGL-003)
Warning: Standard cell instance u_framer/u_payload_ram/b15/mem_reg_0__4_ is not placed. (LGL-003)
Warning: Standard cell instance u_framer/u_payload_ram/b15/mem_reg_0__3_ is not placed. (LGL-003)
Warning: Standard cell instance u_framer/u_payload_ram/b15/mem_reg_0__2_ is not placed. (LGL-003)
Warning: Standard cell instance u_framer/u_payload_ram/b15/mem_reg_0__1_ is not placed. (LGL-003)
Warning: Standard cell instance u_framer/u_payload_ram/b15/mem_reg_0__0_ is not placed. (LGL-003)
Warning: Standard cell instance u_framer/u_payload_ram/b15/mem_reg_1__7_ is not placed. (LGL-003)
Warning: Standard cell instance u_framer/u_payload_ram/b15/mem_reg_1__6_ is not placed. (LGL-003)
Warning: Standard cell instance u_framer/u_payload_ram/b15/mem_reg_1__5_ is not placed. (LGL-003)
Warning: Standard cell instance u_framer/u_payload_ram/b15/mem_reg_1__4_ is not placed. (LGL-003)
Warning: Standard cell instance u_framer/u_payload_ram/b15/mem_reg_1__3_ is not placed. (LGL-003)
Warning: Standard cell instance u_framer/u_payload_ram/b15/mem_reg_1__2_ is not placed. (LGL-003)
Warning: Standard cell instance u_framer/u_payload_ram/b15/mem_reg_1__1_ is not placed. (LGL-003)
Warning: Standard cell instance u_framer/u_payload_ram/b15/mem_reg_1__0_ is not placed. (LGL-003)
Warning: Standard cell instance u_framer/u_payload_ram/b15/mem_reg_2__7_ is not placed. (LGL-003)
Warning: Standard cell instance u_framer/u_payload_ram/b15/mem_reg_2__6_ is not placed. (LGL-003)
Warning: Standard cell instance u_framer/u_payload_ram/b15/mem_reg_2__5_ is not placed. (LGL-003)
Warning: Standard cell instance u_framer/u_payload_ram/b15/mem_reg_2__4_ is not placed. (LGL-003)
Warning: Standard cell instance u_framer/u_payload_ram/b15/mem_reg_2__3_ is not placed. (LGL-003)
Warning: Standard cell instance u_framer/u_payload_ram/b15/mem_reg_2__2_ is not placed. (LGL-003)
Warning: Standard cell instance u_framer/u_payload_ram/b15/mem_reg_2__1_ is not placed. (LGL-003)
Warning: Standard cell instance u_framer/u_payload_ram/b15/mem_reg_2__0_ is not placed. (LGL-003)
Warning: Standard cell instance u_framer/u_payload_ram/b15/mem_reg_3__7_ is not placed. (LGL-003)
Warning: Standard cell instance u_framer/u_payload_ram/b15/mem_reg_3__6_ is not placed. (LGL-003)
Warning: Standard cell instance u_framer/u_payload_ram/b15/mem_reg_3__5_ is not placed. (LGL-003)
Warning: Standard cell instance u_framer/u_payload_ram/b15/mem_reg_3__4_ is not placed. (LGL-003)
Warning: Standard cell instance u_framer/u_payload_ram/b15/mem_reg_3__3_ is not placed. (LGL-003)
Warning: Standard cell instance u_framer/u_payload_ram/b15/mem_reg_3__2_ is not placed. (LGL-003)
Warning: Standard cell instance u_framer/u_payload_ram/b15/mem_reg_3__1_ is not placed. (LGL-003)
Warning: Standard cell instance u_framer/u_payload_ram/b15/mem_reg_3__0_ is not placed. (LGL-003)
Warning: Standard cell instance u_framer/u_payload_ram/b15/mem_reg_4__7_ is not placed. (LGL-003)
Warning: Standard cell instance u_framer/u_payload_ram/b15/mem_reg_4__6_ is not placed. (LGL-003)
Warning: Standard cell instance u_framer/u_payload_ram/b15/mem_reg_4__5_ is not placed. (LGL-003)
Warning: Standard cell instance u_framer/u_payload_ram/b15/mem_reg_4__4_ is not placed. (LGL-003)
Warning: Standard cell instance u_framer/u_payload_ram/b15/mem_reg_4__3_ is not placed. (LGL-003)
Warning: Standard cell instance u_framer/u_payload_ram/b15/mem_reg_4__2_ is not placed. (LGL-003)
Warning: Standard cell instance u_framer/u_payload_ram/b15/mem_reg_4__1_ is not placed. (LGL-003)
Warning: Standard cell instance u_framer/u_payload_ram/b15/mem_reg_4__0_ is not placed. (LGL-003)
Warning: Standard cell instance u_framer/u_payload_ram/b15/mem_reg_5__7_ is not placed. (LGL-003)
Warning: Standard cell instance u_framer/u_payload_ram/b15/mem_reg_5__6_ is not placed. (LGL-003)
Warning: Standard cell instance u_framer/u_payload_ram/b15/mem_reg_5__5_ is not placed. (LGL-003)
Warning: Standard cell instance u_framer/u_payload_ram/b15/mem_reg_5__4_ is not placed. (LGL-003)
Warning: Standard cell instance u_framer/u_payload_ram/b15/mem_reg_5__3_ is not placed. (LGL-003)
Warning: Standard cell instance u_framer/u_payload_ram/b15/mem_reg_5__2_ is not placed. (LGL-003)
Warning: Standard cell instance u_framer/u_payload_ram/b15/mem_reg_5__1_ is not placed. (LGL-003)
Warning: Standard cell instance u_framer/u_payload_ram/b15/mem_reg_5__0_ is not placed. (LGL-003)
Warning: Standard cell instance u_framer/u_payload_ram/b15/mem_reg_6__7_ is not placed. (LGL-003)
Warning: Standard cell instance u_framer/u_payload_ram/b15/mem_reg_6__6_ is not placed. (LGL-003)
Warning: Standard cell instance u_framer/u_payload_ram/b15/mem_reg_6__5_ is not placed. (LGL-003)
Warning: Standard cell instance u_framer/u_payload_ram/b15/mem_reg_6__4_ is not placed. (LGL-003)
Warning: Standard cell instance u_framer/u_payload_ram/b15/mem_reg_6__3_ is not placed. (LGL-003)
Warning: Standard cell instance u_framer/u_payload_ram/b15/mem_reg_6__2_ is not placed. (LGL-003)
Warning: Standard cell instance u_framer/u_payload_ram/b15/mem_reg_6__1_ is not placed. (LGL-003)
Warning: Standard cell instance u_framer/u_payload_ram/b15/mem_reg_6__0_ is not placed. (LGL-003)
Warning: Standard cell instance u_framer/u_payload_ram/b15/mem_reg_7__7_ is not placed. (LGL-003)
Warning: Standard cell instance u_framer/u_payload_ram/b15/mem_reg_7__6_ is not placed. (LGL-003)
Warning: Standard cell instance u_framer/u_payload_ram/b15/mem_reg_7__5_ is not placed. (LGL-003)
Warning: Standard cell instance u_framer/u_payload_ram/b15/mem_reg_7__4_ is not placed. (LGL-003)
Warning: Standard cell instance u_framer/u_payload_ram/b15/mem_reg_7__3_ is not placed. (LGL-003)
Warning: Standard cell instance u_framer/u_payload_ram/b15/mem_reg_7__2_ is not placed. (LGL-003)
Warning: Standard cell instance u_framer/u_payload_ram/b15/mem_reg_7__1_ is not placed. (LGL-003)
Warning: Standard cell instance u_framer/u_payload_ram/b15/mem_reg_7__0_ is not placed. (LGL-003)
Warning: Standard cell instance u_framer/u_payload_ram/b15/U2 is not placed. (LGL-003)
Warning: Standard cell instance u_framer/u_payload_ram/b15/U3 is not placed. (LGL-003)
Warning: Standard cell instance u_framer/u_payload_ram/b15/U4 is not placed. (LGL-003)
Warning: Standard cell instance u_framer/u_payload_ram/b15/U5 is not placed. (LGL-003)
Warning: Standard cell instance u_framer/u_payload_ram/b15/U6 is not placed. (LGL-003)
Warning: Standard cell instance u_framer/u_payload_ram/b15/U7 is not placed. (LGL-003)
Warning: Standard cell instance u_framer/u_payload_ram/b15/U8 is not placed. (LGL-003)
Warning: Standard cell instance u_framer/u_payload_ram/b15/U9 is not placed. (LGL-003)
Warning: Standard cell instance u_framer/u_payload_ram/b15/U10 is not placed. (LGL-003)
Warning: Standard cell instance u_framer/u_payload_ram/b15/U11 is not placed. (LGL-003)
Warning: Standard cell instance u_framer/u_payload_ram/b15/U12 is not placed. (LGL-003)
Warning: Standard cell instance u_framer/u_payload_ram/b15/U13 is not placed. (LGL-003)
Warning: Standard cell instance u_framer/u_payload_ram/b15/U14 is not placed. (LGL-003)
Warning: Standard cell instance u_framer/u_payload_ram/b15/U15 is not placed. (LGL-003)
Warning: Standard cell instance u_framer/u_payload_ram/b15/U16 is not placed. (LGL-003)
Warning: Standard cell instance u_framer/u_payload_ram/b15/U17 is not placed. (LGL-003)
Warning: Standard cell instance u_framer/u_payload_ram/b15/U18 is not placed. (LGL-003)
Warning: Standard cell instance u_framer/u_payload_ram/b15/U19 is not placed. (LGL-003)
Warning: Standard cell instance u_framer/u_payload_ram/b15/U20 is not placed. (LGL-003)
Warning: Standard cell instance u_framer/u_payload_ram/b15/U21 is not placed. (LGL-003)
Warning: Standard cell instance u_framer/u_payload_ram/b15/U22 is not placed. (LGL-003)
Warning: Standard cell instance u_framer/u_payload_ram/b15/U23 is not placed. (LGL-003)
Warning: Standard cell instance u_framer/u_payload_ram/b15/U24 is not placed. (LGL-003)
Warning: Standard cell instance u_framer/u_payload_ram/b15/U25 is not placed. (LGL-003)
Warning: Standard cell instance u_framer/u_payload_ram/b15/U26 is not placed. (LGL-003)
Warning: Standard cell instance u_framer/u_payload_ram/b15/U27 is not placed. (LGL-003)
Warning: Standard cell instance u_framer/u_payload_ram/b15/U28 is not placed. (LGL-003)
Warning: Standard cell instance u_framer/u_payload_ram/b15/U29 is not placed. (LGL-003)
Warning: Standard cell instance u_framer/u_payload_ram/b15/U30 is not placed. (LGL-003)
Warning: Standard cell instance u_framer/u_payload_ram/b15/U31 is not placed. (LGL-003)
Warning: Standard cell instance u_framer/u_payload_ram/b15/U32 is not placed. (LGL-003)
Warning: Standard cell instance u_framer/u_payload_ram/b15/U33 is not placed. (LGL-003)
Warning: Standard cell instance u_framer/u_payload_ram/b15/U34 is not placed. (LGL-003)
Warning: Standard cell instance u_framer/u_payload_ram/b15/U35 is not placed. (LGL-003)
Warning: Standard cell instance u_framer/u_payload_ram/b15/U36 is not placed. (LGL-003)
Warning: Standard cell instance u_framer/u_payload_ram/b15/U37 is not placed. (LGL-003)
Warning: Standard cell instance u_framer/u_payload_ram/b15/U38 is not placed. (LGL-003)
Warning: Standard cell instance u_framer/u_payload_ram/b15/U39 is not placed. (LGL-003)
Warning: Standard cell instance u_framer/u_payload_ram/b15/U40 is not placed. (LGL-003)
Warning: Standard cell instance u_framer/u_payload_ram/b15/U41 is not placed. (LGL-003)
Warning: Standard cell instance u_framer/u_payload_ram/b15/U42 is not placed. (LGL-003)
Warning: Standard cell instance u_framer/u_payload_ram/b15/U43 is not placed. (LGL-003)
Warning: Standard cell instance u_framer/u_payload_ram/b15/U44 is not placed. (LGL-003)
Warning: Standard cell instance u_framer/u_payload_ram/b15/U45 is not placed. (LGL-003)
Warning: Standard cell instance u_framer/u_payload_ram/b15/U46 is not placed. (LGL-003)
Warning: Standard cell instance u_framer/u_payload_ram/b15/U47 is not placed. (LGL-003)
Warning: Standard cell instance u_framer/u_payload_ram/b15/U48 is not placed. (LGL-003)
Warning: Standard cell instance u_framer/u_payload_ram/b15/U49 is not placed. (LGL-003)
Warning: Standard cell instance u_framer/u_payload_ram/b15/U50 is not placed. (LGL-003)
Warning: Standard cell instance u_framer/u_payload_ram/b15/U51 is not placed. (LGL-003)
Warning: Standard cell instance u_framer/u_payload_ram/b15/U52 is not placed. (LGL-003)
Warning: Standard cell instance u_framer/u_payload_ram/b15/U53 is not placed. (LGL-003)
Warning: Standard cell instance u_framer/u_payload_ram/b15/U54 is not placed. (LGL-003)
Warning: Standard cell instance u_framer/u_payload_ram/b15/U55 is not placed. (LGL-003)
Warning: Standard cell instance u_framer/u_payload_ram/b15/U56 is not placed. (LGL-003)
Warning: Standard cell instance u_framer/u_payload_ram/b15/U57 is not placed. (LGL-003)
Warning: Standard cell instance u_framer/u_payload_ram/b15/U58 is not placed. (LGL-003)
Warning: Standard cell instance u_framer/u_payload_ram/b15/U59 is not placed. (LGL-003)
Warning: Standard cell instance u_framer/u_payload_ram/b15/U60 is not placed. (LGL-003)
Warning: Standard cell instance u_framer/u_payload_ram/b15/U61 is not placed. (LGL-003)
Warning: Standard cell instance u_framer/u_payload_ram/b15/U62 is not placed. (LGL-003)
Warning: Standard cell instance u_framer/u_payload_ram/b15/U63 is not placed. (LGL-003)
Warning: Standard cell instance u_framer/u_payload_ram/b15/U64 is not placed. (LGL-003)
Warning: Standard cell instance u_framer/u_payload_ram/b15/U65 is not placed. (LGL-003)
Warning: Standard cell instance u_framer/u_payload_ram/b15/U66 is not placed. (LGL-003)
Warning: Standard cell instance u_framer/u_payload_ram/b15/U67 is not placed. (LGL-003)
Warning: Standard cell instance u_framer/u_payload_ram/b15/U68 is not placed. (LGL-003)
Warning: Standard cell instance u_framer/u_payload_ram/b15/U69 is not placed. (LGL-003)
Warning: Standard cell instance u_framer/u_payload_ram/b15/U70 is not placed. (LGL-003)
Warning: Standard cell instance u_framer/u_payload_ram/b15/U71 is not placed. (LGL-003)
Warning: Standard cell instance u_framer/u_payload_ram/b15/U72 is not placed. (LGL-003)
Warning: Standard cell instance u_framer/u_payload_ram/b15/U73 is not placed. (LGL-003)
Warning: Standard cell instance u_framer/u_payload_ram/b15/U74 is not placed. (LGL-003)
Warning: Standard cell instance u_framer/u_payload_ram/b15/U75 is not placed. (LGL-003)
Warning: Standard cell instance u_framer/u_payload_ram/b15/U76 is not placed. (LGL-003)
Warning: Standard cell instance u_framer/u_payload_ram/b15/U77 is not placed. (LGL-003)
Warning: Standard cell instance u_framer/u_payload_ram/b15/U78 is not placed. (LGL-003)
Warning: Standard cell instance u_framer/u_payload_ram/b15/U79 is not placed. (LGL-003)
Warning: Standard cell instance u_framer/u_payload_ram/b15/U80 is not placed. (LGL-003)
Warning: Standard cell instance u_framer/u_payload_ram/b15/U81 is not placed. (LGL-003)
Warning: Standard cell instance u_framer/u_payload_ram/b15/U82 is not placed. (LGL-003)
Warning: Standard cell instance u_framer/u_payload_ram/b15/U83 is not placed. (LGL-003)
Warning: Standard cell instance u_framer/u_payload_ram/b15/U84 is not placed. (LGL-003)
Warning: Standard cell instance u_framer/u_payload_ram/b15/U126 is not placed. (LGL-003)
Warning: Standard cell instance u_framer/u_payload_ram/b15/U128 is not placed. (LGL-003)
Warning: Standard cell instance u_framer/u_payload_ram/b15/U133 is not placed. (LGL-003)
Warning: Standard cell instance u_framer/u_payload_ram/b15/U135 is not placed. (LGL-003)
Warning: Standard cell instance u_framer/u_payload_ram/b15/U137 is not placed. (LGL-003)
Warning: Standard cell instance u_framer/u_payload_ram/b15/U142 is not placed. (LGL-003)
Warning: Standard cell instance u_framer/u_payload_ram/b15/U144 is not placed. (LGL-003)
Warning: Standard cell instance u_framer/u_payload_ram/b15/U146 is not placed. (LGL-003)
Warning: Standard cell instance u_framer/u_payload_ram/b15/U151 is not placed. (LGL-003)
Warning: Standard cell instance u_framer/u_payload_ram/b15/U153 is not placed. (LGL-003)
Warning: Standard cell instance u_framer/u_payload_ram/b15/U155 is not placed. (LGL-003)
Warning: Standard cell instance u_framer/u_payload_ram/b15/U160 is not placed. (LGL-003)
Warning: Standard cell instance u_framer/u_payload_ram/b15/U307 is not placed. (LGL-003)
Warning: Standard cell instance u_framer/u_payload_ram/b15/U308 is not placed. (LGL-003)
Warning: Standard cell instance u_framer/u_payload_ram/b15/U309 is not placed. (LGL-003)
Warning: Standard cell instance u_framer/u_payload_ram/b15/U310 is not placed. (LGL-003)
Warning: Standard cell instance u_framer/u_payload_ram/b15/U311 is not placed. (LGL-003)
Warning: Standard cell instance u_framer/u_payload_ram/b15/U312 is not placed. (LGL-003)
Warning: Standard cell instance u_framer/u_payload_ram/b15/U313 is not placed. (LGL-003)
Warning: Standard cell instance u_framer/u_payload_ram/b15/U314 is not placed. (LGL-003)
Warning: Standard cell instance u_framer/u_payload_ram/b15/U315 is not placed. (LGL-003)
Warning: Standard cell instance u_framer/u_payload_ram/b15/U316 is not placed. (LGL-003)
Warning: Standard cell instance u_framer/u_payload_ram/b15/U317 is not placed. (LGL-003)
Warning: Standard cell instance u_framer/u_payload_ram/U3 is not placed. (LGL-003)
Warning: Standard cell instance u_framer/u_payload_ram/U41 is not placed. (LGL-003)
Warning: Standard cell instance u_framer/u_payload_ram/U89 is not placed. (LGL-003)
Warning: Standard cell instance u_framer/u_payload_ram/U187 is not placed. (LGL-003)
Warning: Standard cell instance u_framer/u_payload_ram/U188 is not placed. (LGL-003)
Warning: Standard cell instance u_framer/u_payload_ram/U190 is not placed. (LGL-003)
Warning: Standard cell instance u_framer/u_payload_ram/U406 is not placed. (LGL-003)
Warning: Standard cell instance u_framer/u_payload_ram/U407 is not placed. (LGL-003)
Warning: Standard cell instance u_framer/u_payload_ram/U408 is not placed. (LGL-003)
Warning: Standard cell instance u_framer/u_payload_ram/U409 is not placed. (LGL-003)
Warning: Standard cell instance u_framer/u_acc/U24 is not placed. (LGL-003)
Warning: Standard cell instance u_framer/u_acc/U25 is not placed. (LGL-003)
Warning: Standard cell instance u_framer/u_acc/U27 is not placed. (LGL-003)
Warning: Standard cell instance u_framer/u_acc/U28 is not placed. (LGL-003)
Warning: Standard cell instance u_framer/u_acc/U29 is not placed. (LGL-003)
Warning: Standard cell instance u_framer/u_acc/U30 is not placed. (LGL-003)
Warning: Standard cell instance u_framer/u_acc/U31 is not placed. (LGL-003)
Warning: Standard cell instance u_framer/u_acc/U33 is not placed. (LGL-003)
Warning: Standard cell instance u_framer/u_acc/U35 is not placed. (LGL-003)
Warning: Standard cell instance u_framer/u_acc/U36 is not placed. (LGL-003)
Warning: Standard cell instance u_framer/u_acc/U37 is not placed. (LGL-003)
Warning: Standard cell instance u_framer/u_acc/U38 is not placed. (LGL-003)
Warning: Standard cell instance u_framer/u_acc/U39 is not placed. (LGL-003)
Warning: Standard cell instance u_framer/u_acc/U40 is not placed. (LGL-003)
Warning: Standard cell instance u_framer/u_acc/U41 is not placed. (LGL-003)
Warning: Standard cell instance u_framer/u_acc/U42 is not placed. (LGL-003)
Warning: Standard cell instance u_framer/u_acc/U43 is not placed. (LGL-003)
Warning: Standard cell instance u_framer/u_acc/U44 is not placed. (LGL-003)
Warning: Standard cell instance u_framer/u_acc/U45 is not placed. (LGL-003)
Warning: Standard cell instance u_framer/u_acc/U46 is not placed. (LGL-003)
Warning: Standard cell instance u_framer/u_acc/U47 is not placed. (LGL-003)
Warning: Standard cell instance u_framer/u_acc/U48 is not placed. (LGL-003)
Warning: Standard cell instance u_framer/u_acc/U50 is not placed. (LGL-003)
Warning: Standard cell instance u_framer/u_acc/U52 is not placed. (LGL-003)
Warning: Standard cell instance u_framer/u_acc/U54 is not placed. (LGL-003)
Warning: Standard cell instance u_framer/u_acc/U56 is not placed. (LGL-003)
Warning: Standard cell instance u_framer/u_acc/U58 is not placed. (LGL-003)
Warning: Standard cell instance u_framer/u_acc/U60 is not placed. (LGL-003)
Warning: Standard cell instance u_framer/u_acc/U62 is not placed. (LGL-003)
Warning: Standard cell instance u_framer/u_acc/U63 is not placed. (LGL-003)
Warning: Standard cell instance u_framer/u_acc/acc_reg_23_ is not placed. (LGL-003)
Warning: Standard cell instance u_framer/u_acc/acc_reg_22_ is not placed. (LGL-003)
Warning: Standard cell instance u_framer/u_acc/acc_reg_21_ is not placed. (LGL-003)
Warning: Standard cell instance u_framer/u_acc/acc_reg_20_ is not placed. (LGL-003)
Warning: Standard cell instance u_framer/u_acc/acc_reg_19_ is not placed. (LGL-003)
Warning: Standard cell instance u_framer/u_acc/acc_reg_18_ is not placed. (LGL-003)
Warning: Standard cell instance u_framer/u_acc/acc_reg_17_ is not placed. (LGL-003)
Warning: Standard cell instance u_framer/u_acc/acc_reg_16_ is not placed. (LGL-003)
Warning: Standard cell instance u_framer/u_acc/acc_reg_15_ is not placed. (LGL-003)
Warning: Standard cell instance u_framer/u_acc/acc_reg_14_ is not placed. (LGL-003)
Warning: Standard cell instance u_framer/u_acc/acc_reg_13_ is not placed. (LGL-003)
Warning: Standard cell instance u_framer/u_acc/acc_reg_12_ is not placed. (LGL-003)
Warning: Standard cell instance u_framer/u_acc/acc_reg_11_ is not placed. (LGL-003)
Warning: Standard cell instance u_framer/u_acc/acc_reg_9_ is not placed. (LGL-003)
Warning: Standard cell instance u_framer/u_acc/acc_reg_8_ is not placed. (LGL-003)
Warning: Standard cell instance u_framer/u_acc/acc_reg_6_ is not placed. (LGL-003)
Warning: Standard cell instance u_framer/u_acc/acc_reg_3_ is not placed. (LGL-003)
Warning: Standard cell instance u_framer/u_acc/acc_reg_2_ is not placed. (LGL-003)
Warning: Standard cell instance u_framer/u_acc/acc_reg_1_ is not placed. (LGL-003)
Warning: Standard cell instance u_framer/u_acc/acc_reg_7_ is not placed. (LGL-003)
Warning: Standard cell instance u_framer/u_acc/acc_reg_4_ is not placed. (LGL-003)
Warning: Standard cell instance u_framer/u_acc/acc_reg_0_ is not placed. (LGL-003)
Warning: Standard cell instance u_framer/u_acc/acc_reg_5_ is not placed. (LGL-003)
Warning: Standard cell instance u_framer/u_acc/acc_reg_10_ is not placed. (LGL-003)
Warning: Standard cell instance u_framer/u_acc/U3 is not placed. (LGL-003)
Warning: Standard cell instance u_framer/u_acc/U4 is not placed. (LGL-003)
Warning: Standard cell instance u_framer/u_acc/U5 is not placed. (LGL-003)
Warning: Standard cell instance u_framer/u_acc/U6 is not placed. (LGL-003)
Warning: Standard cell instance u_framer/u_acc/U7 is not placed. (LGL-003)
Warning: Standard cell instance u_framer/u_acc/U8 is not placed. (LGL-003)
Warning: Standard cell instance u_framer/u_acc/U9 is not placed. (LGL-003)
Warning: Standard cell instance u_framer/u_acc/U10 is not placed. (LGL-003)
Warning: Standard cell instance u_framer/u_acc/U11 is not placed. (LGL-003)
Warning: Standard cell instance u_framer/u_acc/U12 is not placed. (LGL-003)
Warning: Standard cell instance u_framer/u_acc/U13 is not placed. (LGL-003)
Warning: Standard cell instance u_framer/u_acc/U14 is not placed. (LGL-003)
Warning: Standard cell instance u_framer/u_acc/U15 is not placed. (LGL-003)
Warning: Standard cell instance u_framer/u_acc/U16 is not placed. (LGL-003)
Warning: Standard cell instance u_framer/u_acc/U17 is not placed. (LGL-003)
Warning: Standard cell instance u_framer/u_acc/U18 is not placed. (LGL-003)
Warning: Standard cell instance u_framer/u_acc/U19 is not placed. (LGL-003)
Warning: Standard cell instance u_framer/u_acc/U20 is not placed. (LGL-003)
Warning: Standard cell instance u_framer/u_acc/U21 is not placed. (LGL-003)
Warning: Standard cell instance u_framer/u_acc/U22 is not placed. (LGL-003)
Warning: Standard cell instance u_framer/u_acc/U23 is not placed. (LGL-003)
Warning: Standard cell instance u_framer/u_acc/U26 is not placed. (LGL-003)
Warning: Standard cell instance u_framer/u_acc/U32 is not placed. (LGL-003)
Warning: Standard cell instance u_framer/u_acc/U34 is not placed. (LGL-003)
Warning: Standard cell instance u_framer/u_acc/U49 is not placed. (LGL-003)
Warning: Standard cell instance u_framer/u_acc/U51 is not placed. (LGL-003)
Warning: Standard cell instance u_framer/u_acc/U53 is not placed. (LGL-003)
Warning: Standard cell instance u_framer/u_acc/U55 is not placed. (LGL-003)
Warning: Standard cell instance u_framer/u_acc/U57 is not placed. (LGL-003)
Warning: Standard cell instance u_framer/u_acc/U59 is not placed. (LGL-003)
Warning: Standard cell instance u_framer/u_acc/U61 is not placed. (LGL-003)
Warning: Standard cell instance u_framer/u_acc/U64 is not placed. (LGL-003)
Warning: Standard cell instance u_framer/u_acc/U65 is not placed. (LGL-003)
Warning: Standard cell instance u_framer/u_acc/U66 is not placed. (LGL-003)
Warning: Standard cell instance u_framer/u_acc/U67 is not placed. (LGL-003)
Warning: Standard cell instance u_framer/u_acc/U68 is not placed. (LGL-003)
Warning: Standard cell instance u_framer/u_acc/U117 is not placed. (LGL-003)
Warning: Standard cell instance u_framer/u_demux/U2 is not placed. (LGL-003)
Warning: Standard cell instance u_framer/u_demux/U3 is not placed. (LGL-003)
Warning: Standard cell instance u_framer/u_demux/U5 is not placed. (LGL-003)
Warning: Standard cell instance u_framer/u_demux/U6 is not placed. (LGL-003)
Warning: Standard cell instance u_framer/u_demux/U7 is not placed. (LGL-003)
Warning: Standard cell instance u_framer/u_demux/U8 is not placed. (LGL-003)
Warning: Standard cell instance u_framer/u_demux/U9 is not placed. (LGL-003)
Warning: Standard cell instance u_framer/u_demux/U10 is not placed. (LGL-003)
Warning: Standard cell instance u_framer/u_demux/U11 is not placed. (LGL-003)
Warning: Standard cell instance u_framer/u_demux/U12 is not placed. (LGL-003)
Warning: Standard cell instance u_framer/u_demux/U1 is not placed. (LGL-003)
Warning: Standard cell instance u_framer/u_demux/U4 is not placed. (LGL-003)
Warning: Standard cell instance u_framer/u_map_i/U44 is not placed. (LGL-003)
Warning: Standard cell instance u_framer/u_map_i/U50 is not placed. (LGL-003)
Warning: Standard cell instance u_framer/u_map_i/U52 is not placed. (LGL-003)
Warning: Standard cell instance u_framer/u_map_i/U54 is not placed. (LGL-003)
Warning: Standard cell instance u_framer/u_map_i/U60 is not placed. (LGL-003)
Warning: Standard cell instance u_framer/u_map_i/U62 is not placed. (LGL-003)
Warning: Standard cell instance u_framer/u_map_i/U64 is not placed. (LGL-003)
Warning: Standard cell instance u_framer/u_map_i/U72 is not placed. (LGL-003)
Warning: Standard cell instance u_framer/u_map_i/U2 is not placed. (LGL-003)
Warning: Standard cell instance u_framer/u_map_i/U3 is not placed. (LGL-003)
Warning: Standard cell instance u_framer/u_map_i/U4 is not placed. (LGL-003)
Warning: Standard cell instance u_framer/u_map_i/U6 is not placed. (LGL-003)
Warning: Standard cell instance u_framer/u_map_i/U7 is not placed. (LGL-003)
Warning: Standard cell instance u_framer/u_map_i/U9 is not placed. (LGL-003)
Warning: Standard cell instance u_framer/u_map_i/U10 is not placed. (LGL-003)
Warning: Standard cell instance u_framer/u_map_i/U11 is not placed. (LGL-003)
Warning: Standard cell instance u_framer/u_map_i/U12 is not placed. (LGL-003)
Warning: Standard cell instance u_framer/u_map_i/U13 is not placed. (LGL-003)
Warning: Standard cell instance u_framer/u_map_i/U14 is not placed. (LGL-003)
Warning: Standard cell instance u_framer/u_map_i/U15 is not placed. (LGL-003)
Warning: Standard cell instance u_framer/u_map_i/U16 is not placed. (LGL-003)
Warning: Standard cell instance u_framer/u_map_i/U17 is not placed. (LGL-003)
Warning: Standard cell instance u_framer/u_map_i/U19 is not placed. (LGL-003)
Warning: Standard cell instance u_framer/u_map_i/U20 is not placed. (LGL-003)
Warning: Standard cell instance u_framer/u_map_i/U21 is not placed. (LGL-003)
Warning: Standard cell instance u_framer/u_map_i/U22 is not placed. (LGL-003)
Warning: Standard cell instance u_framer/u_map_i/U23 is not placed. (LGL-003)
Warning: Standard cell instance u_framer/u_map_i/U24 is not placed. (LGL-003)
Warning: Standard cell instance u_framer/u_map_i/U25 is not placed. (LGL-003)
Warning: Standard cell instance u_framer/u_map_i/U26 is not placed. (LGL-003)
Warning: Standard cell instance u_framer/u_map_i/U27 is not placed. (LGL-003)
Warning: Standard cell instance u_framer/u_map_i/U28 is not placed. (LGL-003)
Warning: Standard cell instance u_framer/u_map_i/U29 is not placed. (LGL-003)
Warning: Standard cell instance u_framer/u_map_i/U30 is not placed. (LGL-003)
Warning: Standard cell instance u_framer/u_map_i/U31 is not placed. (LGL-003)
Warning: Standard cell instance u_framer/u_map_i/U32 is not placed. (LGL-003)
Warning: Standard cell instance u_framer/u_map_i/U33 is not placed. (LGL-003)
Warning: Standard cell instance u_framer/u_map_i/U34 is not placed. (LGL-003)
Warning: Standard cell instance u_framer/u_map_i/U35 is not placed. (LGL-003)
Warning: Standard cell instance u_framer/u_map_i/U36 is not placed. (LGL-003)
Warning: Standard cell instance u_framer/u_map_i/U37 is not placed. (LGL-003)
Warning: Standard cell instance u_framer/u_map_i/U38 is not placed. (LGL-003)
Warning: Standard cell instance u_framer/u_map_i/U39 is not placed. (LGL-003)
Warning: Standard cell instance u_framer/u_map_i/U40 is not placed. (LGL-003)
Warning: Standard cell instance u_framer/u_map_i/U42 is not placed. (LGL-003)
Warning: Standard cell instance u_framer/u_map_i/U43 is not placed. (LGL-003)
Warning: Standard cell instance u_framer/u_map_i/U45 is not placed. (LGL-003)
Warning: Standard cell instance u_framer/u_map_i/U46 is not placed. (LGL-003)
Warning: Standard cell instance u_framer/u_map_i/U47 is not placed. (LGL-003)
Warning: Standard cell instance u_framer/u_map_i/U48 is not placed. (LGL-003)
Warning: Standard cell instance u_framer/u_map_i/U49 is not placed. (LGL-003)
Warning: Standard cell instance u_framer/u_map_i/U51 is not placed. (LGL-003)
Warning: Standard cell instance u_framer/u_map_i/U53 is not placed. (LGL-003)
Warning: Standard cell instance u_framer/u_map_i/U55 is not placed. (LGL-003)
Warning: Standard cell instance u_framer/u_map_i/U56 is not placed. (LGL-003)
Warning: Standard cell instance u_framer/u_map_i/U57 is not placed. (LGL-003)
Warning: Standard cell instance u_framer/u_map_i/U58 is not placed. (LGL-003)
Warning: Standard cell instance u_framer/u_map_i/U59 is not placed. (LGL-003)
Warning: Standard cell instance u_framer/u_map_i/U61 is not placed. (LGL-003)
Warning: Standard cell instance u_framer/u_map_i/U63 is not placed. (LGL-003)
Warning: Standard cell instance u_framer/u_map_i/U65 is not placed. (LGL-003)
Warning: Standard cell instance u_framer/u_map_i/U66 is not placed. (LGL-003)
Warning: Standard cell instance u_framer/u_map_i/U68 is not placed. (LGL-003)
Warning: Standard cell instance u_framer/u_map_i/U69 is not placed. (LGL-003)
Warning: Standard cell instance u_framer/u_map_i/U70 is not placed. (LGL-003)
Warning: Standard cell instance u_framer/u_map_i/U71 is not placed. (LGL-003)
Warning: Standard cell instance u_framer/u_map_i/U73 is not placed. (LGL-003)
Warning: Standard cell instance u_framer/u_map_i/U74 is not placed. (LGL-003)
Warning: Standard cell instance u_framer/u_map_i/U75 is not placed. (LGL-003)
Warning: Standard cell instance u_framer/u_map_i/U76 is not placed. (LGL-003)
Warning: Standard cell instance u_framer/u_map_i/U77 is not placed. (LGL-003)
Warning: Standard cell instance u_framer/u_map_i/U78 is not placed. (LGL-003)
Warning: Standard cell instance u_framer/u_map_i/U79 is not placed. (LGL-003)
Warning: Standard cell instance u_framer/u_map_i/U80 is not placed. (LGL-003)
Warning: Standard cell instance u_framer/u_map_i/U5 is not placed. (LGL-003)
Warning: Standard cell instance u_framer/u_map_i/U8 is not placed. (LGL-003)
Warning: Standard cell instance u_framer/u_map_i/U18 is not placed. (LGL-003)
Warning: Standard cell instance u_framer/u_map_i/U41 is not placed. (LGL-003)
Warning: Standard cell instance u_framer/u_map_i/U67 is not placed. (LGL-003)
Warning: Standard cell instance u_framer/u_map_q/U41 is not placed. (LGL-003)
Warning: Standard cell instance u_framer/u_map_q/U44 is not placed. (LGL-003)
Warning: Standard cell instance u_framer/u_map_q/U52 is not placed. (LGL-003)
Warning: Standard cell instance u_framer/u_map_q/U54 is not placed. (LGL-003)
Warning: Standard cell instance u_framer/u_map_q/U60 is not placed. (LGL-003)
Warning: Standard cell instance u_framer/u_map_q/U62 is not placed. (LGL-003)
Warning: Standard cell instance u_framer/u_map_q/U64 is not placed. (LGL-003)
Warning: Standard cell instance u_framer/u_map_q/U67 is not placed. (LGL-003)
Warning: Standard cell instance u_framer/u_map_q/U72 is not placed. (LGL-003)
Warning: Standard cell instance u_framer/u_map_q/U2 is not placed. (LGL-003)
Warning: Standard cell instance u_framer/u_map_q/U3 is not placed. (LGL-003)
Warning: Standard cell instance u_framer/u_map_q/U4 is not placed. (LGL-003)
Warning: Standard cell instance u_framer/u_map_q/U5 is not placed. (LGL-003)
Warning: Standard cell instance u_framer/u_map_q/U6 is not placed. (LGL-003)
Warning: Standard cell instance u_framer/u_map_q/U7 is not placed. (LGL-003)
Warning: Standard cell instance u_framer/u_map_q/U8 is not placed. (LGL-003)
Warning: Standard cell instance u_framer/u_map_q/U9 is not placed. (LGL-003)
Warning: Standard cell instance u_framer/u_map_q/U10 is not placed. (LGL-003)
Warning: Standard cell instance u_framer/u_map_q/U11 is not placed. (LGL-003)
Warning: Standard cell instance u_framer/u_map_q/U12 is not placed. (LGL-003)
Warning: Standard cell instance u_framer/u_map_q/U13 is not placed. (LGL-003)
Warning: Standard cell instance u_framer/u_map_q/U14 is not placed. (LGL-003)
Warning: Standard cell instance u_framer/u_map_q/U15 is not placed. (LGL-003)
Warning: Standard cell instance u_framer/u_map_q/U16 is not placed. (LGL-003)
Warning: Standard cell instance u_framer/u_map_q/U17 is not placed. (LGL-003)
Warning: Standard cell instance u_framer/u_map_q/U18 is not placed. (LGL-003)
Warning: Standard cell instance u_framer/u_map_q/U19 is not placed. (LGL-003)
Warning: Standard cell instance u_framer/u_map_q/U20 is not placed. (LGL-003)
Warning: Standard cell instance u_framer/u_map_q/U21 is not placed. (LGL-003)
Warning: Standard cell instance u_framer/u_map_q/U22 is not placed. (LGL-003)
Warning: Standard cell instance u_framer/u_map_q/U23 is not placed. (LGL-003)
Warning: Standard cell instance u_framer/u_map_q/U24 is not placed. (LGL-003)
Warning: Standard cell instance u_framer/u_map_q/U25 is not placed. (LGL-003)
Warning: Standard cell instance u_framer/u_map_q/U26 is not placed. (LGL-003)
Warning: Standard cell instance u_framer/u_map_q/U27 is not placed. (LGL-003)
Warning: Standard cell instance u_framer/u_map_q/U28 is not placed. (LGL-003)
Warning: Standard cell instance u_framer/u_map_q/U29 is not placed. (LGL-003)
Warning: Standard cell instance u_framer/u_map_q/U30 is not placed. (LGL-003)
Warning: Standard cell instance u_framer/u_map_q/U31 is not placed. (LGL-003)
Warning: Standard cell instance u_framer/u_map_q/U32 is not placed. (LGL-003)
Warning: Standard cell instance u_framer/u_map_q/U33 is not placed. (LGL-003)
Warning: Standard cell instance u_framer/u_map_q/U34 is not placed. (LGL-003)
Warning: Standard cell instance u_framer/u_map_q/U35 is not placed. (LGL-003)
Warning: Standard cell instance u_framer/u_map_q/U36 is not placed. (LGL-003)
Warning: Standard cell instance u_framer/u_map_q/U37 is not placed. (LGL-003)
Warning: Standard cell instance u_framer/u_map_q/U38 is not placed. (LGL-003)
Warning: Standard cell instance u_framer/u_map_q/U39 is not placed. (LGL-003)
Warning: Standard cell instance u_framer/u_map_q/U40 is not placed. (LGL-003)
Warning: Standard cell instance u_framer/u_map_q/U42 is not placed. (LGL-003)
Warning: Standard cell instance u_framer/u_map_q/U43 is not placed. (LGL-003)
Warning: Standard cell instance u_framer/u_map_q/U45 is not placed. (LGL-003)
Warning: Standard cell instance u_framer/u_map_q/U46 is not placed. (LGL-003)
Warning: Standard cell instance u_framer/u_map_q/U47 is not placed. (LGL-003)
Warning: Standard cell instance u_framer/u_map_q/U48 is not placed. (LGL-003)
Warning: Standard cell instance u_framer/u_map_q/U49 is not placed. (LGL-003)
Warning: Standard cell instance u_framer/u_map_q/U50 is not placed. (LGL-003)
Warning: Standard cell instance u_framer/u_map_q/U51 is not placed. (LGL-003)
Warning: Standard cell instance u_framer/u_map_q/U53 is not placed. (LGL-003)
Warning: Standard cell instance u_framer/u_map_q/U55 is not placed. (LGL-003)
Warning: Standard cell instance u_framer/u_map_q/U56 is not placed. (LGL-003)
Warning: Standard cell instance u_framer/u_map_q/U57 is not placed. (LGL-003)
Warning: Standard cell instance u_framer/u_map_q/U58 is not placed. (LGL-003)
Warning: Standard cell instance u_framer/u_map_q/U59 is not placed. (LGL-003)
Warning: Standard cell instance u_framer/u_map_q/U61 is not placed. (LGL-003)
Warning: Standard cell instance u_framer/u_map_q/U63 is not placed. (LGL-003)
Warning: Standard cell instance u_framer/u_map_q/U65 is not placed. (LGL-003)
Warning: Standard cell instance u_framer/u_map_q/U66 is not placed. (LGL-003)
Warning: Standard cell instance u_framer/u_map_q/U68 is not placed. (LGL-003)
Warning: Standard cell instance u_framer/u_map_q/U69 is not placed. (LGL-003)
Warning: Standard cell instance u_framer/u_map_q/U70 is not placed. (LGL-003)
Warning: Standard cell instance u_framer/u_map_q/U71 is not placed. (LGL-003)
Warning: Standard cell instance u_framer/u_map_q/U73 is not placed. (LGL-003)
Warning: Standard cell instance u_framer/u_map_q/U74 is not placed. (LGL-003)
Warning: Standard cell instance u_framer/u_map_q/U75 is not placed. (LGL-003)
Warning: Standard cell instance u_framer/u_map_q/U76 is not placed. (LGL-003)
Warning: Standard cell instance u_framer/u_map_q/U77 is not placed. (LGL-003)
Warning: Standard cell instance u_framer/u_map_q/U78 is not placed. (LGL-003)
Warning: Standard cell instance u_framer/u_map_q/U79 is not placed. (LGL-003)
Warning: Standard cell instance u_framer/u_map_q/U80 is not placed. (LGL-003)
Warning: Standard cell instance u_framer/u_map_q/U81 is not placed. (LGL-003)
Warning: Standard cell instance u_framer/u_map_q/U82 is not placed. (LGL-003)
Warning: Standard cell instance u_framer/u_map_q/U83 is not placed. (LGL-003)
Warning: Standard cell instance u_framer/u_map_q/U84 is not placed. (LGL-003)
Warning: Standard cell instance u_framer/u_map_q/U85 is not placed. (LGL-003)
Warning: Standard cell instance u_framer/u_map_q/U86 is not placed. (LGL-003)
Warning: Standard cell instance u_framer/u_map_q/U87 is not placed. (LGL-003)
Warning: Standard cell instance u_framer/u_map_q/U88 is not placed. (LGL-003)
Warning: Standard cell instance u_framer/u_il/U146 is not placed. (LGL-003)
Warning: Standard cell instance u_framer/u_il/U147 is not placed. (LGL-003)
Warning: Standard cell instance u_framer/u_il/U148 is not placed. (LGL-003)
Warning: Standard cell instance u_framer/u_il/U149 is not placed. (LGL-003)
Warning: Standard cell instance u_framer/u_il/U150 is not placed. (LGL-003)
Warning: Standard cell instance u_framer/u_il/U152 is not placed. (LGL-003)
Warning: Standard cell instance u_framer/u_il/U153 is not placed. (LGL-003)
Warning: Standard cell instance u_framer/u_il/U154 is not placed. (LGL-003)
Warning: Standard cell instance u_framer/u_il/U155 is not placed. (LGL-003)
Warning: Standard cell instance u_framer/u_il/U157 is not placed. (LGL-003)
Warning: Standard cell instance u_framer/u_il/U158 is not placed. (LGL-003)
Warning: Standard cell instance u_framer/u_il/U159 is not placed. (LGL-003)
Warning: Standard cell instance u_framer/u_il/U160 is not placed. (LGL-003)
Warning: Standard cell instance u_framer/u_il/U161 is not placed. (LGL-003)
Warning: Standard cell instance u_framer/u_il/U162 is not placed. (LGL-003)
Warning: Standard cell instance u_framer/u_il/U163 is not placed. (LGL-003)
Warning: Standard cell instance u_framer/u_il/U164 is not placed. (LGL-003)
Warning: Standard cell instance u_framer/u_il/U165 is not placed. (LGL-003)
Warning: Standard cell instance u_framer/u_il/U166 is not placed. (LGL-003)
Warning: Standard cell instance u_framer/u_il/U169 is not placed. (LGL-003)
Warning: Standard cell instance u_framer/u_il/U170 is not placed. (LGL-003)
Warning: Standard cell instance u_framer/u_il/U171 is not placed. (LGL-003)
Warning: Standard cell instance u_framer/u_il/U172 is not placed. (LGL-003)
Warning: Standard cell instance u_framer/u_il/U173 is not placed. (LGL-003)
Warning: Standard cell instance u_framer/u_il/U174 is not placed. (LGL-003)
Warning: Standard cell instance u_framer/u_il/U176 is not placed. (LGL-003)
Warning: Standard cell instance u_framer/u_il/U177 is not placed. (LGL-003)
Warning: Standard cell instance u_framer/u_il/U179 is not placed. (LGL-003)
Warning: Standard cell instance u_framer/u_il/U180 is not placed. (LGL-003)
Warning: Standard cell instance u_framer/u_il/U181 is not placed. (LGL-003)
Warning: Standard cell instance u_framer/u_il/U182 is not placed. (LGL-003)
Warning: Standard cell instance u_framer/u_il/U183 is not placed. (LGL-003)
Warning: Standard cell instance u_framer/u_il/U184 is not placed. (LGL-003)
Warning: Standard cell instance u_framer/u_il/U185 is not placed. (LGL-003)
Warning: Standard cell instance u_framer/u_il/U186 is not placed. (LGL-003)
Warning: Standard cell instance u_framer/u_il/U187 is not placed. (LGL-003)
Warning: Standard cell instance u_framer/u_il/U188 is not placed. (LGL-003)
Warning: Standard cell instance u_framer/u_il/U191 is not placed. (LGL-003)
Warning: Standard cell instance u_framer/u_il/U194 is not placed. (LGL-003)
Warning: Standard cell instance u_framer/u_il/U196 is not placed. (LGL-003)
Warning: Standard cell instance u_framer/u_il/U197 is not placed. (LGL-003)
Warning: Standard cell instance u_framer/u_il/U198 is not placed. (LGL-003)
Warning: Standard cell instance u_framer/u_il/U199 is not placed. (LGL-003)
Warning: Standard cell instance u_framer/u_il/U201 is not placed. (LGL-003)
Warning: Standard cell instance u_framer/u_il/U202 is not placed. (LGL-003)
Warning: Standard cell instance u_framer/u_il/U203 is not placed. (LGL-003)
Warning: Standard cell instance u_framer/u_il/U204 is not placed. (LGL-003)
Warning: Standard cell instance u_framer/u_il/U205 is not placed. (LGL-003)
Warning: Standard cell instance u_framer/u_il/U206 is not placed. (LGL-003)
Warning: Standard cell instance u_framer/u_il/U207 is not placed. (LGL-003)
Warning: Standard cell instance u_framer/u_il/U208 is not placed. (LGL-003)
Warning: Standard cell instance u_framer/u_il/U209 is not placed. (LGL-003)
Warning: Standard cell instance u_framer/u_il/U210 is not placed. (LGL-003)
Warning: Standard cell instance u_framer/u_il/U211 is not placed. (LGL-003)
Warning: Standard cell instance u_framer/u_il/U212 is not placed. (LGL-003)
Warning: Standard cell instance u_framer/u_il/U213 is not placed. (LGL-003)
Warning: Standard cell instance u_framer/u_il/U214 is not placed. (LGL-003)
Warning: Standard cell instance u_framer/u_il/U215 is not placed. (LGL-003)
Warning: Standard cell instance u_framer/u_il/U216 is not placed. (LGL-003)
Warning: Standard cell instance u_framer/u_il/U217 is not placed. (LGL-003)
Warning: Standard cell instance u_framer/u_il/U218 is not placed. (LGL-003)
Warning: Standard cell instance u_framer/u_il/U219 is not placed. (LGL-003)
Warning: Standard cell instance u_framer/u_il/U220 is not placed. (LGL-003)
Warning: Standard cell instance u_framer/u_il/U221 is not placed. (LGL-003)
Warning: Standard cell instance u_framer/u_il/U223 is not placed. (LGL-003)
Warning: Standard cell instance u_framer/u_il/U224 is not placed. (LGL-003)
Warning: Standard cell instance u_framer/u_il/U225 is not placed. (LGL-003)
Warning: Standard cell instance u_framer/u_il/U226 is not placed. (LGL-003)
Warning: Standard cell instance u_framer/u_il/U227 is not placed. (LGL-003)
Warning: Standard cell instance u_framer/u_il/U228 is not placed. (LGL-003)
Warning: Standard cell instance u_framer/u_il/U229 is not placed. (LGL-003)
Warning: Standard cell instance u_framer/u_il/U230 is not placed. (LGL-003)
Warning: Standard cell instance u_framer/u_il/U231 is not placed. (LGL-003)
Warning: Standard cell instance u_framer/u_il/U232 is not placed. (LGL-003)
Warning: Standard cell instance u_framer/u_il/U233 is not placed. (LGL-003)
Warning: Standard cell instance u_framer/u_il/U234 is not placed. (LGL-003)
Warning: Standard cell instance u_framer/u_il/U235 is not placed. (LGL-003)
Warning: Standard cell instance u_framer/u_il/U236 is not placed. (LGL-003)
Warning: Standard cell instance u_framer/u_il/U237 is not placed. (LGL-003)
Warning: Standard cell instance u_framer/u_il/U238 is not placed. (LGL-003)
Warning: Standard cell instance u_framer/u_il/U239 is not placed. (LGL-003)
Warning: Standard cell instance u_framer/u_il/U240 is not placed. (LGL-003)
Warning: Standard cell instance u_framer/u_il/U241 is not placed. (LGL-003)
Warning: Standard cell instance u_framer/u_il/U242 is not placed. (LGL-003)
Warning: Standard cell instance u_framer/u_il/U243 is not placed. (LGL-003)
Warning: Standard cell instance u_framer/u_il/U244 is not placed. (LGL-003)
Warning: Standard cell instance u_framer/u_il/U245 is not placed. (LGL-003)
Warning: Standard cell instance u_framer/u_il/U246 is not placed. (LGL-003)
Warning: Standard cell instance u_framer/u_il/U247 is not placed. (LGL-003)
Warning: Standard cell instance u_framer/u_il/U248 is not placed. (LGL-003)
Warning: Standard cell instance u_framer/u_il/U249 is not placed. (LGL-003)
Warning: Standard cell instance u_framer/u_il/U250 is not placed. (LGL-003)
Warning: Standard cell instance u_framer/u_il/U251 is not placed. (LGL-003)
Warning: Standard cell instance u_framer/u_il/U253 is not placed. (LGL-003)
Warning: Standard cell instance u_framer/u_il/U254 is not placed. (LGL-003)
Warning: Standard cell instance u_framer/u_il/U255 is not placed. (LGL-003)
Warning: Standard cell instance u_framer/u_il/U256 is not placed. (LGL-003)
Warning: Standard cell instance u_framer/u_il/U257 is not placed. (LGL-003)
Warning: Standard cell instance u_framer/u_il/U258 is not placed. (LGL-003)
Warning: Standard cell instance u_framer/u_il/U259 is not placed. (LGL-003)
Warning: Standard cell instance u_framer/u_il/U260 is not placed. (LGL-003)
Warning: Standard cell instance u_framer/u_il/U261 is not placed. (LGL-003)
Warning: Standard cell instance u_framer/u_il/U262 is not placed. (LGL-003)
Warning: Standard cell instance u_framer/u_il/U263 is not placed. (LGL-003)
Warning: Standard cell instance u_framer/u_il/U264 is not placed. (LGL-003)
Warning: Standard cell instance u_framer/u_il/U265 is not placed. (LGL-003)
Warning: Standard cell instance u_framer/u_il/U266 is not placed. (LGL-003)
Warning: Standard cell instance u_framer/u_il/U267 is not placed. (LGL-003)
Warning: Standard cell instance u_framer/u_il/U268 is not placed. (LGL-003)
Warning: Standard cell instance u_framer/u_il/U269 is not placed. (LGL-003)
Warning: Standard cell instance u_framer/u_il/U270 is not placed. (LGL-003)
Warning: Standard cell instance u_framer/u_il/U271 is not placed. (LGL-003)
Warning: Standard cell instance u_framer/u_il/U273 is not placed. (LGL-003)
Warning: Standard cell instance u_framer/u_il/U274 is not placed. (LGL-003)
Warning: Standard cell instance u_framer/u_il/U275 is not placed. (LGL-003)
Warning: Standard cell instance u_framer/u_il/U276 is not placed. (LGL-003)
Warning: Standard cell instance u_framer/u_il/U277 is not placed. (LGL-003)
Warning: Standard cell instance u_framer/u_il/U278 is not placed. (LGL-003)
Warning: Standard cell instance u_framer/u_il/U279 is not placed. (LGL-003)
Warning: Standard cell instance u_framer/u_il/U280 is not placed. (LGL-003)
Warning: Standard cell instance u_framer/u_il/U281 is not placed. (LGL-003)
Warning: Standard cell instance u_framer/u_il/U282 is not placed. (LGL-003)
Warning: Standard cell instance u_framer/u_il/U283 is not placed. (LGL-003)
Warning: Standard cell instance u_framer/u_il/U285 is not placed. (LGL-003)
Warning: Standard cell instance u_framer/u_il/U286 is not placed. (LGL-003)
Warning: Standard cell instance u_framer/u_il/U287 is not placed. (LGL-003)
Warning: Standard cell instance u_framer/u_il/U288 is not placed. (LGL-003)
Warning: Standard cell instance u_framer/u_il/U290 is not placed. (LGL-003)
Warning: Standard cell instance u_framer/u_il/U291 is not placed. (LGL-003)
Warning: Standard cell instance u_framer/u_il/U292 is not placed. (LGL-003)
Warning: Standard cell instance u_framer/u_il/U293 is not placed. (LGL-003)
Warning: Standard cell instance u_framer/u_il/U294 is not placed. (LGL-003)
Warning: Standard cell instance u_framer/u_il/U295 is not placed. (LGL-003)
Warning: Standard cell instance u_framer/u_il/U296 is not placed. (LGL-003)
Warning: Standard cell instance u_framer/u_il/U298 is not placed. (LGL-003)
Warning: Standard cell instance u_framer/u_il/hold_q_reg_26_ is not placed. (LGL-003)
Warning: Standard cell instance u_framer/u_il/hold_q_reg_23_ is not placed. (LGL-003)
Warning: Standard cell instance u_framer/u_il/hold_q_reg_21_ is not placed. (LGL-003)
Warning: Standard cell instance u_framer/u_il/hold_q_reg_19_ is not placed. (LGL-003)
Warning: Standard cell instance u_framer/u_il/hold_q_reg_17_ is not placed. (LGL-003)
Warning: Standard cell instance u_framer/u_il/hold_q_reg_3_ is not placed. (LGL-003)
Warning: Standard cell instance u_framer/u_il/hold_q_reg_2_ is not placed. (LGL-003)
Warning: Standard cell instance u_framer/u_il/hold_q_reg_1_ is not placed. (LGL-003)
Warning: Standard cell instance u_framer/u_il/hold_q_reg_0_ is not placed. (LGL-003)
Warning: Standard cell instance u_framer/u_il/hold_i_reg_31_ is not placed. (LGL-003)
Warning: Standard cell instance u_framer/u_il/hold_i_reg_30_ is not placed. (LGL-003)
Warning: Standard cell instance u_framer/u_il/hold_i_reg_29_ is not placed. (LGL-003)
Warning: Standard cell instance u_framer/u_il/hold_i_reg_28_ is not placed. (LGL-003)
Warning: Standard cell instance u_framer/u_il/hold_i_reg_27_ is not placed. (LGL-003)
Warning: Standard cell instance u_framer/u_il/hold_i_reg_26_ is not placed. (LGL-003)
Warning: Standard cell instance u_framer/u_il/hold_i_reg_25_ is not placed. (LGL-003)
Warning: Standard cell instance u_framer/u_il/hold_i_reg_24_ is not placed. (LGL-003)
Warning: Standard cell instance u_framer/u_il/hold_i_reg_23_ is not placed. (LGL-003)
Warning: Standard cell instance u_framer/u_il/hold_i_reg_22_ is not placed. (LGL-003)
Warning: Standard cell instance u_framer/u_il/hold_i_reg_21_ is not placed. (LGL-003)
Warning: Standard cell instance u_framer/u_il/hold_i_reg_20_ is not placed. (LGL-003)
Warning: Standard cell instance u_framer/u_il/hold_i_reg_19_ is not placed. (LGL-003)
Warning: Standard cell instance u_framer/u_il/hold_i_reg_18_ is not placed. (LGL-003)
Warning: Standard cell instance u_framer/u_il/hold_i_reg_17_ is not placed. (LGL-003)
Warning: Standard cell instance u_framer/u_il/hold_i_reg_16_ is not placed. (LGL-003)
Warning: Standard cell instance u_framer/u_il/hold_i_reg_15_ is not placed. (LGL-003)
Warning: Standard cell instance u_framer/u_il/hold_i_reg_14_ is not placed. (LGL-003)
Warning: Standard cell instance u_framer/u_il/hold_i_reg_13_ is not placed. (LGL-003)
Warning: Standard cell instance u_framer/u_il/hold_i_reg_12_ is not placed. (LGL-003)
Warning: Standard cell instance u_framer/u_il/hold_i_reg_11_ is not placed. (LGL-003)
Warning: Standard cell instance u_framer/u_il/hold_i_reg_10_ is not placed. (LGL-003)
Warning: Standard cell instance u_framer/u_il/hold_i_reg_9_ is not placed. (LGL-003)
Warning: Standard cell instance u_framer/u_il/hold_i_reg_8_ is not placed. (LGL-003)
Warning: Standard cell instance u_framer/u_il/hold_i_reg_7_ is not placed. (LGL-003)
Warning: Standard cell instance u_framer/u_il/hold_i_reg_6_ is not placed. (LGL-003)
Warning: Standard cell instance u_framer/u_il/hold_i_reg_5_ is not placed. (LGL-003)
Warning: Standard cell instance u_framer/u_il/hold_i_reg_4_ is not placed. (LGL-003)
Warning: Standard cell instance u_framer/u_il/hold_i_reg_3_ is not placed. (LGL-003)
Warning: Standard cell instance u_framer/u_il/hold_i_reg_2_ is not placed. (LGL-003)
Warning: Standard cell instance u_framer/u_il/hold_i_reg_1_ is not placed. (LGL-003)
Warning: Standard cell instance u_framer/u_il/hold_i_reg_0_ is not placed. (LGL-003)
Warning: Standard cell instance u_framer/u_il/hold_q_reg_27_ is not placed. (LGL-003)
Warning: Standard cell instance u_framer/u_il/hold_q_reg_9_ is not placed. (LGL-003)
Warning: Standard cell instance u_framer/u_il/hold_q_reg_5_ is not placed. (LGL-003)
Warning: Standard cell instance u_framer/u_il/hold_q_reg_31_ is not placed. (LGL-003)
Warning: Standard cell instance u_framer/u_il/hold_q_reg_13_ is not placed. (LGL-003)
Warning: Standard cell instance u_framer/u_il/hold_q_reg_15_ is not placed. (LGL-003)
Warning: Standard cell instance u_framer/u_il/hold_q_reg_7_ is not placed. (LGL-003)
Warning: Standard cell instance u_framer/u_il/hold_q_reg_6_ is not placed. (LGL-003)
Warning: Standard cell instance u_framer/u_il/hold_q_reg_29_ is not placed. (LGL-003)
Warning: Standard cell instance u_framer/u_il/hold_q_reg_4_ is not placed. (LGL-003)
Warning: Standard cell instance u_framer/u_il/hold_q_reg_28_ is not placed. (LGL-003)
Warning: Standard cell instance u_framer/u_il/hold_q_reg_30_ is not placed. (LGL-003)
Warning: Standard cell instance u_framer/u_il/hold_q_reg_20_ is not placed. (LGL-003)
Warning: Standard cell instance u_framer/u_il/hold_q_reg_22_ is not placed. (LGL-003)
Warning: Standard cell instance u_framer/u_il/hold_q_reg_12_ is not placed. (LGL-003)
Warning: Standard cell instance u_framer/u_il/hold_q_reg_14_ is not placed. (LGL-003)
Warning: Standard cell instance u_framer/u_il/hold_q_reg_16_ is not placed. (LGL-003)
Warning: Standard cell instance u_framer/u_il/hold_q_reg_18_ is not placed. (LGL-003)
Warning: Standard cell instance u_framer/u_il/hold_q_reg_10_ is not placed. (LGL-003)
Warning: Standard cell instance u_framer/u_il/hold_q_reg_8_ is not placed. (LGL-003)
Warning: Standard cell instance u_framer/u_il/hold_q_reg_24_ is not placed. (LGL-003)
Warning: Standard cell instance u_framer/u_il/hold_q_reg_25_ is not placed. (LGL-003)
Warning: Standard cell instance u_framer/u_il/hold_q_reg_11_ is not placed. (LGL-003)
Warning: Standard cell instance u_framer/u_il/U6 is not placed. (LGL-003)
Warning: Standard cell instance u_framer/u_il/U7 is not placed. (LGL-003)
Warning: Standard cell instance u_framer/u_il/U8 is not placed. (LGL-003)
Warning: Standard cell instance u_framer/u_il/U9 is not placed. (LGL-003)
Warning: Standard cell instance u_framer/u_il/U10 is not placed. (LGL-003)
Warning: Standard cell instance u_framer/u_il/U11 is not placed. (LGL-003)
Warning: Standard cell instance u_framer/u_il/U12 is not placed. (LGL-003)
Warning: Standard cell instance u_framer/u_il/U13 is not placed. (LGL-003)
Warning: Standard cell instance u_framer/u_il/U14 is not placed. (LGL-003)
Warning: Standard cell instance u_framer/u_il/U15 is not placed. (LGL-003)
Warning: Standard cell instance u_framer/u_il/U16 is not placed. (LGL-003)
Warning: Standard cell instance u_framer/u_il/U17 is not placed. (LGL-003)
Warning: Standard cell instance u_framer/u_il/U18 is not placed. (LGL-003)
Warning: Standard cell instance u_framer/u_il/U19 is not placed. (LGL-003)
Warning: Standard cell instance u_framer/u_il/U20 is not placed. (LGL-003)
Warning: Standard cell instance u_framer/u_il/U21 is not placed. (LGL-003)
Warning: Standard cell instance u_framer/u_il/U22 is not placed. (LGL-003)
Warning: Standard cell instance u_framer/u_il/U23 is not placed. (LGL-003)
Warning: Standard cell instance u_framer/u_il/U25 is not placed. (LGL-003)
Warning: Standard cell instance u_framer/u_il/U26 is not placed. (LGL-003)
Warning: Standard cell instance u_framer/u_il/U27 is not placed. (LGL-003)
Warning: Standard cell instance u_framer/u_il/U28 is not placed. (LGL-003)
Warning: Standard cell instance u_framer/u_il/U29 is not placed. (LGL-003)
Warning: Standard cell instance u_framer/u_il/U30 is not placed. (LGL-003)
Warning: Standard cell instance u_framer/u_il/U31 is not placed. (LGL-003)
Warning: Standard cell instance u_framer/u_il/U32 is not placed. (LGL-003)
Warning: Standard cell instance u_framer/u_il/U33 is not placed. (LGL-003)
Warning: Standard cell instance u_framer/u_il/U34 is not placed. (LGL-003)
Warning: Standard cell instance u_framer/u_il/U35 is not placed. (LGL-003)
Warning: Standard cell instance u_framer/u_il/U36 is not placed. (LGL-003)
Warning: Standard cell instance u_framer/u_il/U37 is not placed. (LGL-003)
Warning: Standard cell instance u_framer/u_il/U38 is not placed. (LGL-003)
Warning: Standard cell instance u_framer/u_il/U39 is not placed. (LGL-003)
Warning: Standard cell instance u_framer/u_il/U40 is not placed. (LGL-003)
Warning: Standard cell instance u_framer/u_il/U41 is not placed. (LGL-003)
Warning: Standard cell instance u_framer/u_il/U43 is not placed. (LGL-003)
Warning: Standard cell instance u_framer/u_il/U44 is not placed. (LGL-003)
Warning: Standard cell instance u_framer/u_il/U45 is not placed. (LGL-003)
Warning: Standard cell instance u_framer/u_il/U47 is not placed. (LGL-003)
Warning: Standard cell instance u_framer/u_il/U48 is not placed. (LGL-003)
Warning: Standard cell instance u_framer/u_il/U49 is not placed. (LGL-003)
Warning: Standard cell instance u_framer/u_il/U50 is not placed. (LGL-003)
Warning: Standard cell instance u_framer/u_il/U51 is not placed. (LGL-003)
Warning: Standard cell instance u_framer/u_il/U52 is not placed. (LGL-003)
Warning: Standard cell instance u_framer/u_il/U53 is not placed. (LGL-003)
Warning: Standard cell instance u_framer/u_il/U54 is not placed. (LGL-003)
Warning: Standard cell instance u_framer/u_il/U55 is not placed. (LGL-003)
Warning: Standard cell instance u_framer/u_il/U56 is not placed. (LGL-003)
Warning: Standard cell instance u_framer/u_il/U57 is not placed. (LGL-003)
Warning: Standard cell instance u_framer/u_il/U58 is not placed. (LGL-003)
Warning: Standard cell instance u_framer/u_il/U59 is not placed. (LGL-003)
Warning: Standard cell instance u_framer/u_il/U60 is not placed. (LGL-003)
Warning: Standard cell instance u_framer/u_il/U61 is not placed. (LGL-003)
Warning: Standard cell instance u_framer/u_il/U62 is not placed. (LGL-003)
Warning: Standard cell instance u_framer/u_il/U63 is not placed. (LGL-003)
Warning: Standard cell instance u_framer/u_il/U64 is not placed. (LGL-003)
Warning: Standard cell instance u_framer/u_il/U65 is not placed. (LGL-003)
Warning: Standard cell instance u_framer/u_il/U66 is not placed. (LGL-003)
Warning: Standard cell instance u_framer/u_il/U67 is not placed. (LGL-003)
Warning: Standard cell instance u_framer/u_il/U68 is not placed. (LGL-003)
Warning: Standard cell instance u_framer/u_il/U69 is not placed. (LGL-003)
Warning: Standard cell instance u_framer/u_il/U70 is not placed. (LGL-003)
Warning: Standard cell instance u_framer/u_il/U71 is not placed. (LGL-003)
Warning: Standard cell instance u_framer/u_il/U72 is not placed. (LGL-003)
Warning: Standard cell instance u_framer/u_il/U73 is not placed. (LGL-003)
Warning: Standard cell instance u_framer/u_il/U74 is not placed. (LGL-003)
Warning: Standard cell instance u_framer/u_il/U75 is not placed. (LGL-003)
Warning: Standard cell instance u_framer/u_il/U76 is not placed. (LGL-003)
Warning: Standard cell instance u_framer/u_il/U77 is not placed. (LGL-003)
Warning: Standard cell instance u_framer/u_il/U78 is not placed. (LGL-003)
Warning: Standard cell instance u_framer/u_il/U79 is not placed. (LGL-003)
Warning: Standard cell instance u_framer/u_il/U81 is not placed. (LGL-003)
Warning: Standard cell instance u_framer/u_il/U82 is not placed. (LGL-003)
Warning: Standard cell instance u_framer/u_il/U83 is not placed. (LGL-003)
Warning: Standard cell instance u_framer/u_il/U84 is not placed. (LGL-003)
Warning: Standard cell instance u_framer/u_il/U85 is not placed. (LGL-003)
Warning: Standard cell instance u_framer/u_il/U86 is not placed. (LGL-003)
Warning: Standard cell instance u_framer/u_il/U87 is not placed. (LGL-003)
Warning: Standard cell instance u_framer/u_il/U88 is not placed. (LGL-003)
Warning: Standard cell instance u_framer/u_il/U89 is not placed. (LGL-003)
Warning: Standard cell instance u_framer/u_il/U90 is not placed. (LGL-003)
Warning: Standard cell instance u_framer/u_il/U91 is not placed. (LGL-003)
Warning: Standard cell instance u_framer/u_il/U92 is not placed. (LGL-003)
Warning: Standard cell instance u_framer/u_il/U93 is not placed. (LGL-003)
Warning: Standard cell instance u_framer/u_il/U94 is not placed. (LGL-003)
Warning: Standard cell instance u_framer/u_il/U95 is not placed. (LGL-003)
Warning: Standard cell instance u_framer/u_il/U96 is not placed. (LGL-003)
Warning: Standard cell instance u_framer/u_il/U97 is not placed. (LGL-003)
Warning: Standard cell instance u_framer/u_il/U98 is not placed. (LGL-003)
Warning: Standard cell instance u_framer/u_il/U99 is not placed. (LGL-003)
Warning: Standard cell instance u_framer/u_il/U100 is not placed. (LGL-003)
Warning: Standard cell instance u_framer/u_il/U101 is not placed. (LGL-003)
Warning: Standard cell instance u_framer/u_il/U102 is not placed. (LGL-003)
Warning: Standard cell instance u_framer/u_il/U103 is not placed. (LGL-003)
Warning: Standard cell instance u_framer/u_il/U104 is not placed. (LGL-003)
Warning: Standard cell instance u_framer/u_il/U105 is not placed. (LGL-003)
Warning: Standard cell instance u_framer/u_il/U106 is not placed. (LGL-003)
Warning: Standard cell instance u_framer/u_il/U107 is not placed. (LGL-003)
Warning: Standard cell instance u_framer/u_il/U108 is not placed. (LGL-003)
Warning: Standard cell instance u_framer/u_il/U109 is not placed. (LGL-003)
Warning: Standard cell instance u_framer/u_il/U110 is not placed. (LGL-003)
Warning: Standard cell instance u_framer/u_il/U111 is not placed. (LGL-003)
Warning: Standard cell instance u_framer/u_il/U112 is not placed. (LGL-003)
Warning: Standard cell instance u_framer/u_il/U113 is not placed. (LGL-003)
Warning: Standard cell instance u_framer/u_il/U114 is not placed. (LGL-003)
Warning: Standard cell instance u_framer/u_il/U115 is not placed. (LGL-003)
Warning: Standard cell instance u_framer/u_il/U116 is not placed. (LGL-003)
Warning: Standard cell instance u_framer/u_il/U117 is not placed. (LGL-003)
Warning: Standard cell instance u_framer/u_il/U118 is not placed. (LGL-003)
Warning: Standard cell instance u_framer/u_il/U119 is not placed. (LGL-003)
Warning: Standard cell instance u_framer/u_il/U120 is not placed. (LGL-003)
Warning: Standard cell instance u_framer/u_il/U121 is not placed. (LGL-003)
Warning: Standard cell instance u_framer/u_il/U122 is not placed. (LGL-003)
Warning: Standard cell instance u_framer/u_il/U123 is not placed. (LGL-003)
Warning: Standard cell instance u_framer/u_il/U124 is not placed. (LGL-003)
Warning: Standard cell instance u_framer/u_il/U125 is not placed. (LGL-003)
Warning: Standard cell instance u_framer/u_il/U126 is not placed. (LGL-003)
Warning: Standard cell instance u_framer/u_il/U127 is not placed. (LGL-003)
Warning: Standard cell instance u_framer/u_il/U128 is not placed. (LGL-003)
Warning: Standard cell instance u_framer/u_il/U129 is not placed. (LGL-003)
Warning: Standard cell instance u_framer/u_il/U130 is not placed. (LGL-003)
Warning: Standard cell instance u_framer/u_il/U131 is not placed. (LGL-003)
Warning: Standard cell instance u_framer/u_il/U132 is not placed. (LGL-003)
Warning: Standard cell instance u_framer/u_il/U133 is not placed. (LGL-003)
Warning: Standard cell instance u_framer/u_il/U134 is not placed. (LGL-003)
Warning: Standard cell instance u_framer/u_il/U135 is not placed. (LGL-003)
Warning: Standard cell instance u_framer/u_il/U136 is not placed. (LGL-003)
Warning: Standard cell instance u_framer/u_il/U137 is not placed. (LGL-003)
Warning: Standard cell instance u_framer/u_il/U138 is not placed. (LGL-003)
Warning: Standard cell instance u_framer/u_il/U139 is not placed. (LGL-003)
Warning: Standard cell instance u_framer/u_il/U140 is not placed. (LGL-003)
Warning: Standard cell instance u_framer/u_il/U141 is not placed. (LGL-003)
Warning: Standard cell instance u_framer/u_il/U142 is not placed. (LGL-003)
Warning: Standard cell instance u_framer/u_il/U143 is not placed. (LGL-003)
Warning: Standard cell instance u_framer/u_il/U144 is not placed. (LGL-003)
Warning: Standard cell instance u_framer/u_il/U145 is not placed. (LGL-003)
Warning: Standard cell instance u_framer/u_il/U151 is not placed. (LGL-003)
Warning: Standard cell instance u_framer/u_il/U156 is not placed. (LGL-003)
Warning: Standard cell instance u_framer/u_il/U167 is not placed. (LGL-003)
Warning: Standard cell instance u_framer/u_il/U168 is not placed. (LGL-003)
Warning: Standard cell instance u_framer/u_il/U175 is not placed. (LGL-003)
Warning: Standard cell instance u_framer/u_il/U189 is not placed. (LGL-003)
Warning: Standard cell instance u_framer/u_il/U190 is not placed. (LGL-003)
Warning: Standard cell instance u_framer/u_il/U192 is not placed. (LGL-003)
Warning: Standard cell instance u_framer/u_il/U195 is not placed. (LGL-003)
Warning: Standard cell instance u_framer/u_il/U200 is not placed. (LGL-003)
Warning: Standard cell instance u_framer/u_il/U222 is not placed. (LGL-003)
Warning: Standard cell instance u_framer/u_il/U252 is not placed. (LGL-003)
Warning: Standard cell instance u_framer/u_il/U272 is not placed. (LGL-003)
Warning: Standard cell instance u_framer/u_il/U284 is not placed. (LGL-003)
Warning: Standard cell instance u_framer/u_il/U289 is not placed. (LGL-003)
Warning: Standard cell instance u_framer/u_il/U297 is not placed. (LGL-003)
Warning: Standard cell instance u_framer/u_il/U299 is not placed. (LGL-003)
Warning: Standard cell instance u_framer/u_il/U300 is not placed. (LGL-003)
Warning: Standard cell instance u_framer/u_il/U301 is not placed. (LGL-003)
Warning: Standard cell instance u_framer/u_il/U302 is not placed. (LGL-003)
Warning: Standard cell instance u_framer/u_il/U303 is not placed. (LGL-003)
Warning: Standard cell instance u_framer/u_il/U304 is not placed. (LGL-003)
Warning: Standard cell instance u_framer/u_il/U433 is not placed. (LGL-003)
Warning: Standard cell instance u_framer/u_il/U434 is not placed. (LGL-003)
Warning: Standard cell instance u_framer/u_il/U435 is not placed. (LGL-003)
Warning: Standard cell instance u_framer/u_il/U436 is not placed. (LGL-003)
Warning: Standard cell instance u_framer/u_il/U437 is not placed. (LGL-003)
Warning: Standard cell instance u_framer/u_il/U3 is not placed. (LGL-003)
Warning: Standard cell instance u_framer/u_il/U4 is not placed. (LGL-003)
Warning: Standard cell instance u_framer/u_il/U5 is not placed. (LGL-003)
Warning: Standard cell instance u_framer/u_il/U24 is not placed. (LGL-003)
Warning: Standard cell instance u_framer/u_il/U42 is not placed. (LGL-003)
Warning: Standard cell instance u_framer/u_il/U46 is not placed. (LGL-003)
Warning: Standard cell instance u_framer/u_il/U80 is not placed. (LGL-003)
Warning: Standard cell instance u_framer/u_il/U178 is not placed. (LGL-003)
Warning: Standard cell instance u_framer/u_il/U193 is not placed. (LGL-003)
Warning: Standard cell instance u_framer/u_shr/U17 is not placed. (LGL-003)
Warning: Standard cell instance u_framer/u_shr/U18 is not placed. (LGL-003)
Warning: Standard cell instance u_framer/u_shr/U19 is not placed. (LGL-003)
Warning: Standard cell instance u_framer/u_shr/U20 is not placed. (LGL-003)
Warning: Standard cell instance u_framer/u_shr/U23 is not placed. (LGL-003)
Warning: Standard cell instance u_framer/u_shr/U7 is not placed. (LGL-003)
Warning: Standard cell instance u_framer/u_shr/U8 is not placed. (LGL-003)
Warning: Standard cell instance u_framer/u_shr/U9 is not placed. (LGL-003)
Warning: Standard cell instance u_framer/u_shr/U10 is not placed. (LGL-003)
Warning: Standard cell instance u_framer/u_shr/U11 is not placed. (LGL-003)
Warning: Standard cell instance u_framer/u_shr/U12 is not placed. (LGL-003)
Warning: Standard cell instance u_framer/u_shr/U13 is not placed. (LGL-003)
Warning: Standard cell instance u_framer/u_shr/U15 is not placed. (LGL-003)
Warning: Standard cell instance u_framer/u_shr/U16 is not placed. (LGL-003)
Warning: Standard cell instance u_framer/u_shr/U27 is not placed. (LGL-003)
Warning: Standard cell instance u_framer/u_shr/U28 is not placed. (LGL-003)
Warning: Standard cell instance u_framer/u_shr/U29 is not placed. (LGL-003)
Warning: Standard cell instance u_framer/u_shr/U3 is not placed. (LGL-003)
Warning: Standard cell instance u_framer/u_shr/U5 is not placed. (LGL-003)
Warning: Standard cell instance u_framer/u_shr/U14 is not placed. (LGL-003)
Warning: Standard cell instance u_framer/u_shr/U21 is not placed. (LGL-003)
Warning: Standard cell instance u_framer/u_shr/U22 is not placed. (LGL-003)
Warning: Standard cell instance u_framer/u_shr/U24 is not placed. (LGL-003)
Warning: Standard cell instance u_framer/u_shr/U25 is not placed. (LGL-003)
Warning: Standard cell instance u_framer/u_shr/U26 is not placed. (LGL-003)
Warning: Standard cell instance u_framer/u_shr/U30 is not placed. (LGL-003)
Warning: Standard cell instance u_framer/u_shr/U31 is not placed. (LGL-003)
Warning: Standard cell instance u_framer/u_shr/U32 is not placed. (LGL-003)
Warning: Standard cell instance u_framer/u_shr/U33 is not placed. (LGL-003)
Warning: Standard cell instance u_framer/u_mux/U2 is not placed. (LGL-003)
Warning: Standard cell instance u_framer/u_mux/U3 is not placed. (LGL-003)
Warning: Standard cell instance u_framer/u_mux/U4 is not placed. (LGL-003)
Warning: Standard cell instance u_framer/u_mux/U5 is not placed. (LGL-003)
Warning: Standard cell instance u_framer/u_mux/U6 is not placed. (LGL-003)
Warning: Standard cell instance u_framer/u_mux/U7 is not placed. (LGL-003)
Warning: Standard cell instance u_framer/u_mux/U8 is not placed. (LGL-003)
Warning: Standard cell instance u_framer/u_mux/U9 is not placed. (LGL-003)
Warning: Standard cell instance u_framer/u_mux/U1 is not placed. (LGL-003)
Warning: Standard cell instance u_framer/u_mux/U10 is not placed. (LGL-003)
Warning: Standard cell instance u_framer/U1 is not placed. (LGL-003)
Warning: Standard cell instance u_framer/U2 is not placed. (LGL-003)
Warning: Standard cell instance u_framer/U4 is not placed. (LGL-003)
Warning: Standard cell instance u_framer/U5 is not placed. (LGL-003)
Warning: Standard cell instance u_framer/U6 is not placed. (LGL-003)
Warning: Standard cell instance Modulation_system_cart/U1 is not placed. (LGL-003)
Warning: Standard cell instance Modulation_system_cart/U2 is not placed. (LGL-003)
Warning: Standard cell instance Modulation_system_cart/U3 is not placed. (LGL-003)
Warning: Standard cell instance Modulation_system_cart/U4 is not placed. (LGL-003)
Warning: Standard cell instance Modulation_system_cart/U5 is not placed. (LGL-003)
Warning: Standard cell instance Modulation_system_cart/complex_multiplier_c/U22 is not placed. (LGL-003)
Warning: Standard cell instance Modulation_system_cart/complex_multiplier_c/U23 is not placed. (LGL-003)
Warning: Standard cell instance Modulation_system_cart/complex_multiplier_c/U24 is not placed. (LGL-003)
Warning: Standard cell instance Modulation_system_cart/complex_multiplier_c/U25 is not placed. (LGL-003)
Warning: Standard cell instance Modulation_system_cart/complex_multiplier_c/U26 is not placed. (LGL-003)
Warning: Standard cell instance Modulation_system_cart/complex_multiplier_c/U27 is not placed. (LGL-003)
Warning: Standard cell instance Modulation_system_cart/complex_multiplier_c/U28 is not placed. (LGL-003)
Warning: Standard cell instance Modulation_system_cart/complex_multiplier_c/U29 is not placed. (LGL-003)
Warning: Standard cell instance Modulation_system_cart/complex_multiplier_c/U1 is not placed. (LGL-003)
Warning: Standard cell instance Modulation_system_cart/complex_multiplier_c/U2 is not placed. (LGL-003)
Warning: Standard cell instance Modulation_system_cart/complex_multiplier_c/U3 is not placed. (LGL-003)
Warning: Standard cell instance Modulation_system_cart/complex_multiplier_c/U4 is not placed. (LGL-003)
Warning: Standard cell instance Modulation_system_cart/complex_multiplier_c/U5 is not placed. (LGL-003)
Warning: Standard cell instance Modulation_system_cart/complex_multiplier_c/U6 is not placed. (LGL-003)
Warning: Standard cell instance Modulation_system_cart/complex_multiplier_c/U7 is not placed. (LGL-003)
Warning: Standard cell instance Modulation_system_cart/complex_multiplier_c/U8 is not placed. (LGL-003)
Warning: Standard cell instance Modulation_system_cart/complex_multiplier_c/U9 is not placed. (LGL-003)
Warning: Standard cell instance Modulation_system_cart/complex_multiplier_c/U10 is not placed. (LGL-003)
Warning: Standard cell instance Modulation_system_cart/complex_multiplier_c/U11 is not placed. (LGL-003)
Warning: Standard cell instance Modulation_system_cart/complex_multiplier_c/U12 is not placed. (LGL-003)
Warning: Standard cell instance Modulation_system_cart/complex_multiplier_c/U13 is not placed. (LGL-003)
Warning: Standard cell instance Modulation_system_cart/complex_multiplier_c/U14 is not placed. (LGL-003)
Warning: Standard cell instance Modulation_system_cart/complex_multiplier_c/U15 is not placed. (LGL-003)
Warning: Standard cell instance Modulation_system_cart/complex_multiplier_c/U16 is not placed. (LGL-003)
Warning: Standard cell instance Modulation_system_cart/complex_multiplier_c/U17 is not placed. (LGL-003)
Warning: Standard cell instance Modulation_system_cart/complex_multiplier_c/U18 is not placed. (LGL-003)
Warning: Standard cell instance Modulation_system_cart/complex_multiplier_c/U19 is not placed. (LGL-003)
Warning: Standard cell instance Modulation_system_cart/complex_multiplier_c/U20 is not placed. (LGL-003)
Warning: Standard cell instance Modulation_system_cart/complex_multiplier_c/U21 is not placed. (LGL-003)
Warning: Standard cell instance Modulation_system_cart/DeLAY_REG/dataout_reg_0_ is not placed. (LGL-003)
Warning: Standard cell instance Modulation_system_cart/Address_A/U8 is not placed. (LGL-003)
Warning: Standard cell instance Modulation_system_cart/Address_A/U9 is not placed. (LGL-003)
Warning: Standard cell instance Modulation_system_cart/Address_A/U13 is not placed. (LGL-003)
Warning: Standard cell instance Modulation_system_cart/Address_A/address_reg_0_ is not placed. (LGL-003)
Warning: Standard cell instance Modulation_system_cart/Address_A/address_reg_1_ is not placed. (LGL-003)
Warning: Standard cell instance Modulation_system_cart/Address_A/address_reg_2_ is not placed. (LGL-003)
Warning: Standard cell instance Modulation_system_cart/Address_A/U3 is not placed. (LGL-003)
Warning: Standard cell instance Modulation_system_cart/Address_A/U4 is not placed. (LGL-003)
Warning: Standard cell instance Modulation_system_cart/Address_A/U5 is not placed. (LGL-003)
Warning: Standard cell instance Modulation_system_cart/Address_A/U6 is not placed. (LGL-003)
Warning: Standard cell instance Modulation_system_cart/Address_A/U7 is not placed. (LGL-003)
Warning: Standard cell instance Modulation_system_cart/Address_A/U10 is not placed. (LGL-003)
Warning: Standard cell instance Modulation_system_cart/I_bit_RAM/U10 is not placed. (LGL-003)
Warning: Standard cell instance Modulation_system_cart/I_bit_RAM/U11 is not placed. (LGL-003)
Warning: Standard cell instance Modulation_system_cart/I_bit_RAM/U12 is not placed. (LGL-003)
Warning: Standard cell instance Modulation_system_cart/I_bit_RAM/U13 is not placed. (LGL-003)
Warning: Standard cell instance Modulation_system_cart/I_bit_RAM/U14 is not placed. (LGL-003)
Warning: Standard cell instance Modulation_system_cart/I_bit_RAM/U15 is not placed. (LGL-003)
Warning: Standard cell instance Modulation_system_cart/I_bit_RAM/mem_reg_2_ is not placed. (LGL-003)
Warning: Standard cell instance Modulation_system_cart/I_bit_RAM/mem_reg_1_ is not placed. (LGL-003)
Warning: Standard cell instance Modulation_system_cart/I_bit_RAM/mem_reg_0_ is not placed. (LGL-003)
Warning: Standard cell instance Modulation_system_cart/I_bit_RAM/mem_reg_3_ is not placed. (LGL-003)
Warning: Standard cell instance Modulation_system_cart/I_bit_RAM/U2 is not placed. (LGL-003)
Warning: Standard cell instance Modulation_system_cart/I_bit_RAM/U3 is not placed. (LGL-003)
Warning: Standard cell instance Modulation_system_cart/I_bit_RAM/U4 is not placed. (LGL-003)
Warning: Standard cell instance Modulation_system_cart/I_bit_RAM/U5 is not placed. (LGL-003)
Warning: Standard cell instance Modulation_system_cart/I_bit_RAM/U6 is not placed. (LGL-003)
Warning: Standard cell instance Modulation_system_cart/I_bit_RAM/U7 is not placed. (LGL-003)
Warning: Standard cell instance Modulation_system_cart/Q_bit_RAM/U10 is not placed. (LGL-003)
Warning: Standard cell instance Modulation_system_cart/Q_bit_RAM/U11 is not placed. (LGL-003)
Warning: Standard cell instance Modulation_system_cart/Q_bit_RAM/U13 is not placed. (LGL-003)
Warning: Standard cell instance Modulation_system_cart/Q_bit_RAM/U14 is not placed. (LGL-003)
Warning: Standard cell instance Modulation_system_cart/Q_bit_RAM/U15 is not placed. (LGL-003)
Warning: Standard cell instance Modulation_system_cart/Q_bit_RAM/mem_reg_0_ is not placed. (LGL-003)
Warning: Standard cell instance Modulation_system_cart/Q_bit_RAM/mem_reg_2_ is not placed. (LGL-003)
Warning: Standard cell instance Modulation_system_cart/Q_bit_RAM/mem_reg_3_ is not placed. (LGL-003)
Warning: Standard cell instance Modulation_system_cart/Q_bit_RAM/mem_reg_1_ is not placed. (LGL-003)
Warning: Standard cell instance Modulation_system_cart/Q_bit_RAM/U2 is not placed. (LGL-003)
Warning: Standard cell instance Modulation_system_cart/Q_bit_RAM/U3 is not placed. (LGL-003)
Warning: Standard cell instance Modulation_system_cart/Q_bit_RAM/U4 is not placed. (LGL-003)
Warning: Standard cell instance Modulation_system_cart/Q_bit_RAM/U5 is not placed. (LGL-003)
Warning: Standard cell instance Modulation_system_cart/Q_bit_RAM/U6 is not placed. (LGL-003)
Warning: Standard cell instance Modulation_system_cart/dqpsk_mapper/U7 is not placed. (LGL-003)
Warning: Standard cell instance Modulation_system_cart/dqpsk_mapper/U3 is not placed. (LGL-003)
Warning: Standard cell instance Modulation_system_cart/dqpsk_mapper/U4 is not placed. (LGL-003)
Warning: Standard cell instance Modulation_system_cart/dqpsk_mapper/U5 is not placed. (LGL-003)
Warning: Standard cell instance Modulation_system_cart/dqpsk_mapper/U6 is not placed. (LGL-003)
Warning: Standard cell instance Modulation_system_cart/feedback_memory/U28 is not placed. (LGL-003)
Warning: Standard cell instance Modulation_system_cart/feedback_memory/U29 is not placed. (LGL-003)
Warning: Standard cell instance Modulation_system_cart/feedback_memory/U30 is not placed. (LGL-003)
Warning: Standard cell instance Modulation_system_cart/feedback_memory/U31 is not placed. (LGL-003)
Warning: Standard cell instance Modulation_system_cart/feedback_memory/U32 is not placed. (LGL-003)
Warning: Standard cell instance Modulation_system_cart/feedback_memory/U33 is not placed. (LGL-003)
Warning: Standard cell instance Modulation_system_cart/feedback_memory/U34 is not placed. (LGL-003)
Warning: Standard cell instance Modulation_system_cart/feedback_memory/U35 is not placed. (LGL-003)
Warning: Standard cell instance Modulation_system_cart/feedback_memory/U36 is not placed. (LGL-003)
Warning: Standard cell instance Modulation_system_cart/feedback_memory/U37 is not placed. (LGL-003)
Warning: Standard cell instance Modulation_system_cart/feedback_memory/U38 is not placed. (LGL-003)
Warning: Standard cell instance Modulation_system_cart/feedback_memory/U39 is not placed. (LGL-003)
Warning: Standard cell instance Modulation_system_cart/feedback_memory/U40 is not placed. (LGL-003)
Warning: Standard cell instance Modulation_system_cart/feedback_memory/U41 is not placed. (LGL-003)
Warning: Standard cell instance Modulation_system_cart/feedback_memory/U42 is not placed. (LGL-003)
Warning: Standard cell instance Modulation_system_cart/feedback_memory/U43 is not placed. (LGL-003)
Warning: Standard cell instance Modulation_system_cart/feedback_memory/U44 is not placed. (LGL-003)
Warning: Standard cell instance Modulation_system_cart/feedback_memory/U45 is not placed. (LGL-003)
Warning: Standard cell instance Modulation_system_cart/feedback_memory/U46 is not placed. (LGL-003)
Warning: Standard cell instance Modulation_system_cart/feedback_memory/U47 is not placed. (LGL-003)
Warning: Standard cell instance Modulation_system_cart/feedback_memory/U48 is not placed. (LGL-003)
Warning: Standard cell instance Modulation_system_cart/feedback_memory/U49 is not placed. (LGL-003)
Warning: Standard cell instance Modulation_system_cart/feedback_memory/U50 is not placed. (LGL-003)
Warning: Standard cell instance Modulation_system_cart/feedback_memory/U51 is not placed. (LGL-003)
Warning: Standard cell instance Modulation_system_cart/feedback_memory/U52 is not placed. (LGL-003)
Warning: Standard cell instance Modulation_system_cart/feedback_memory/U53 is not placed. (LGL-003)
Warning: Standard cell instance Modulation_system_cart/feedback_memory/U54 is not placed. (LGL-003)
Warning: Standard cell instance Modulation_system_cart/feedback_memory/U55 is not placed. (LGL-003)
Warning: Standard cell instance Modulation_system_cart/feedback_memory/U56 is not placed. (LGL-003)
Warning: Standard cell instance Modulation_system_cart/feedback_memory/U57 is not placed. (LGL-003)
Warning: Standard cell instance Modulation_system_cart/feedback_memory/U58 is not placed. (LGL-003)
Warning: Standard cell instance Modulation_system_cart/feedback_memory/U59 is not placed. (LGL-003)
Warning: Standard cell instance Modulation_system_cart/feedback_memory/U60 is not placed. (LGL-003)
Warning: Standard cell instance Modulation_system_cart/feedback_memory/U61 is not placed. (LGL-003)
Warning: Standard cell instance Modulation_system_cart/feedback_memory/mem_re_reg_0__1_ is not placed. (LGL-003)
Warning: Standard cell instance Modulation_system_cart/feedback_memory/mem_re_reg_0__0_ is not placed. (LGL-003)
Warning: Standard cell instance Modulation_system_cart/feedback_memory/mem_re_reg_1__1_ is not placed. (LGL-003)
Warning: Standard cell instance Modulation_system_cart/feedback_memory/mem_re_reg_1__0_ is not placed. (LGL-003)
Warning: Standard cell instance Modulation_system_cart/feedback_memory/mem_re_reg_2__1_ is not placed. (LGL-003)
Warning: Standard cell instance Modulation_system_cart/feedback_memory/mem_re_reg_2__0_ is not placed. (LGL-003)
Warning: Standard cell instance Modulation_system_cart/feedback_memory/mem_re_reg_3__1_ is not placed. (LGL-003)
Warning: Standard cell instance Modulation_system_cart/feedback_memory/mem_re_reg_3__0_ is not placed. (LGL-003)
Warning: Standard cell instance Modulation_system_cart/feedback_memory/mem_im_reg_0__1_ is not placed. (LGL-003)
Warning: Standard cell instance Modulation_system_cart/feedback_memory/mem_im_reg_0__0_ is not placed. (LGL-003)
Warning: Standard cell instance Modulation_system_cart/feedback_memory/mem_im_reg_1__1_ is not placed. (LGL-003)
Warning: Standard cell instance Modulation_system_cart/feedback_memory/mem_im_reg_1__0_ is not placed. (LGL-003)
Warning: Standard cell instance Modulation_system_cart/feedback_memory/mem_im_reg_2__1_ is not placed. (LGL-003)
Warning: Standard cell instance Modulation_system_cart/feedback_memory/mem_im_reg_2__0_ is not placed. (LGL-003)
Warning: Standard cell instance Modulation_system_cart/feedback_memory/mem_im_reg_3__1_ is not placed. (LGL-003)
Warning: Standard cell instance Modulation_system_cart/feedback_memory/mem_im_reg_3__0_ is not placed. (LGL-003)
Warning: Standard cell instance Modulation_system_cart/feedback_memory/U3 is not placed. (LGL-003)
Warning: Standard cell instance Modulation_system_cart/feedback_memory/U4 is not placed. (LGL-003)
Warning: Standard cell instance Modulation_system_cart/feedback_memory/U5 is not placed. (LGL-003)
Warning: Standard cell instance Modulation_system_cart/feedback_memory/U6 is not placed. (LGL-003)
Warning: Standard cell instance Modulation_system_cart/feedback_memory/U7 is not placed. (LGL-003)
Warning: Standard cell instance Modulation_system_cart/feedback_memory/U8 is not placed. (LGL-003)
Warning: Standard cell instance Modulation_system_cart/feedback_memory/U9 is not placed. (LGL-003)
Warning: Standard cell instance Modulation_system_cart/feedback_memory/U10 is not placed. (LGL-003)
Warning: Standard cell instance Modulation_system_cart/feedback_memory/U11 is not placed. (LGL-003)
Warning: Standard cell instance Modulation_system_cart/feedback_memory/U78 is not placed. (LGL-003)
Warning: Standard cell instance Modulation_system_cart/CSK_GEN/U3 is not placed. (LGL-003)
Warning: Standard cell instance Modulation_system_cart/CSK_GEN/U4 is not placed. (LGL-003)
Warning: Standard cell instance Modulation_system_cart/CSK_GEN/U5 is not placed. (LGL-003)
Warning: Standard cell instance Modulation_system_cart/CSK_GEN/U6 is not placed. (LGL-003)
Warning: Standard cell instance Modulation_system_cart/CSK_GEN/dqpsk_im_active_reg_1_ is not placed. (LGL-003)
Warning: Standard cell instance Modulation_system_cart/CSK_GEN/dqpsk_im_active_reg_0_ is not placed. (LGL-003)
Warning: Standard cell instance Modulation_system_cart/CSK_GEN/dqpsk_re_active_reg_1_ is not placed. (LGL-003)
Warning: Standard cell instance Modulation_system_cart/CSK_GEN/dqpsk_re_active_reg_0_ is not placed. (LGL-003)
Warning: Standard cell instance Modulation_system_cart/CSK_GEN/U2 is not placed. (LGL-003)
Warning: Standard cell instance Modulation_system_cart/CSK_GEN/complex_multiplier_c/sub_57_U2_1 is not placed. (LGL-003)
Warning: Standard cell instance Modulation_system_cart/CSK_GEN/complex_multiplier_c/sub_57_U2_2 is not placed. (LGL-003)
Warning: Standard cell instance Modulation_system_cart/CSK_GEN/complex_multiplier_c/sub_57_U2_3 is not placed. (LGL-003)
Warning: Standard cell instance Modulation_system_cart/CSK_GEN/complex_multiplier_c/sub_57_U2_4 is not placed. (LGL-003)
Warning: Standard cell instance Modulation_system_cart/CSK_GEN/complex_multiplier_c/add_58_U1_5 is not placed. (LGL-003)
Warning: Standard cell instance Modulation_system_cart/CSK_GEN/complex_multiplier_c/add_58_U1_1 is not placed. (LGL-003)
Warning: Standard cell instance Modulation_system_cart/CSK_GEN/complex_multiplier_c/add_58_U1_2 is not placed. (LGL-003)
Warning: Standard cell instance Modulation_system_cart/CSK_GEN/complex_multiplier_c/add_58_U1_3 is not placed. (LGL-003)
Warning: Standard cell instance Modulation_system_cart/CSK_GEN/complex_multiplier_c/add_58_U1_4 is not placed. (LGL-003)
Warning: Standard cell instance Modulation_system_cart/CSK_GEN/complex_multiplier_c/U15 is not placed. (LGL-003)
Warning: Standard cell instance Modulation_system_cart/CSK_GEN/complex_multiplier_c/U18 is not placed. (LGL-003)
Warning: Standard cell instance Modulation_system_cart/CSK_GEN/complex_multiplier_c/U19 is not placed. (LGL-003)
Warning: Standard cell instance Modulation_system_cart/CSK_GEN/complex_multiplier_c/U5 is not placed. (LGL-003)
Warning: Standard cell instance Modulation_system_cart/CSK_GEN/complex_multiplier_c/U6 is not placed. (LGL-003)
Warning: Standard cell instance Modulation_system_cart/CSK_GEN/complex_multiplier_c/U7 is not placed. (LGL-003)
Warning: Standard cell instance Modulation_system_cart/CSK_GEN/complex_multiplier_c/U8 is not placed. (LGL-003)
Warning: Standard cell instance Modulation_system_cart/CSK_GEN/complex_multiplier_c/U9 is not placed. (LGL-003)
Warning: Standard cell instance Modulation_system_cart/CSK_GEN/complex_multiplier_c/U10 is not placed. (LGL-003)
Warning: Standard cell instance Modulation_system_cart/CSK_GEN/complex_multiplier_c/U11 is not placed. (LGL-003)
Warning: Standard cell instance Modulation_system_cart/CSK_GEN/complex_multiplier_c/U12 is not placed. (LGL-003)
Warning: Standard cell instance Modulation_system_cart/CSK_GEN/complex_multiplier_c/U13 is not placed. (LGL-003)
Warning: Standard cell instance Modulation_system_cart/CSK_GEN/complex_multiplier_c/U14 is not placed. (LGL-003)
Warning: Standard cell instance Modulation_system_cart/CSK_GEN/complex_multiplier_c/U16 is not placed. (LGL-003)
Warning: Standard cell instance Modulation_system_cart/CSK_GEN/complex_multiplier_c/U17 is not placed. (LGL-003)
Warning: Standard cell instance Modulation_system_cart/CSK_GEN/complex_multiplier_c/U20 is not placed. (LGL-003)
Warning: Standard cell instance Modulation_system_cart/CSK_GEN/complex_multiplier_c/U21 is not placed. (LGL-003)
Warning: Standard cell instance Modulation_system_cart/CSK_GEN/complex_multiplier_c/U22 is not placed. (LGL-003)
Warning: Standard cell instance Modulation_system_cart/CSK_GEN/complex_multiplier_c/U23 is not placed. (LGL-003)
Warning: Standard cell instance Modulation_system_cart/CSK_GEN/complex_multiplier_c/U24 is not placed. (LGL-003)
Warning: Standard cell instance Modulation_system_cart/CSK_GEN/complex_multiplier_c/U25 is not placed. (LGL-003)
Warning: Standard cell instance Modulation_system_cart/CSK_GEN/complex_multiplier_c/mult_53/U21 is not placed. (LGL-003)
Warning: Standard cell instance Modulation_system_cart/CSK_GEN/complex_multiplier_c/mult_53/U22 is not placed. (LGL-003)
Warning: Standard cell instance Modulation_system_cart/CSK_GEN/complex_multiplier_c/mult_53/U23 is not placed. (LGL-003)
Warning: Standard cell instance Modulation_system_cart/CSK_GEN/complex_multiplier_c/mult_53/U24 is not placed. (LGL-003)
Warning: Standard cell instance Modulation_system_cart/CSK_GEN/complex_multiplier_c/mult_53/U25 is not placed. (LGL-003)
Warning: Standard cell instance Modulation_system_cart/CSK_GEN/complex_multiplier_c/mult_53/U28 is not placed. (LGL-003)
Warning: Standard cell instance Modulation_system_cart/CSK_GEN/complex_multiplier_c/mult_53/U32 is not placed. (LGL-003)
Warning: Standard cell instance Modulation_system_cart/CSK_GEN/complex_multiplier_c/mult_53/U33 is not placed. (LGL-003)
Warning: Standard cell instance Modulation_system_cart/CSK_GEN/complex_multiplier_c/mult_53/U34 is not placed. (LGL-003)
Warning: Standard cell instance Modulation_system_cart/CSK_GEN/complex_multiplier_c/mult_53/U36 is not placed. (LGL-003)
Warning: Standard cell instance Modulation_system_cart/CSK_GEN/complex_multiplier_c/mult_53/U37 is not placed. (LGL-003)
Warning: Standard cell instance Modulation_system_cart/CSK_GEN/complex_multiplier_c/mult_53/U38 is not placed. (LGL-003)
Warning: Standard cell instance Modulation_system_cart/CSK_GEN/complex_multiplier_c/mult_53/U2 is not placed. (LGL-003)
Warning: Standard cell instance Modulation_system_cart/CSK_GEN/complex_multiplier_c/mult_53/U3 is not placed. (LGL-003)
Warning: Standard cell instance Modulation_system_cart/CSK_GEN/complex_multiplier_c/mult_53/U4 is not placed. (LGL-003)
Warning: Standard cell instance Modulation_system_cart/CSK_GEN/complex_multiplier_c/mult_53/U5 is not placed. (LGL-003)
Warning: Standard cell instance Modulation_system_cart/CSK_GEN/complex_multiplier_c/mult_53/U6 is not placed. (LGL-003)
Warning: Standard cell instance Modulation_system_cart/CSK_GEN/complex_multiplier_c/mult_53/U7 is not placed. (LGL-003)
Warning: Standard cell instance Modulation_system_cart/CSK_GEN/complex_multiplier_c/mult_53/U8 is not placed. (LGL-003)
Warning: Standard cell instance Modulation_system_cart/CSK_GEN/complex_multiplier_c/mult_53/U9 is not placed. (LGL-003)
Warning: Standard cell instance Modulation_system_cart/CSK_GEN/complex_multiplier_c/mult_53/U10 is not placed. (LGL-003)
Warning: Standard cell instance Modulation_system_cart/CSK_GEN/complex_multiplier_c/mult_53/U11 is not placed. (LGL-003)
Warning: Standard cell instance Modulation_system_cart/CSK_GEN/complex_multiplier_c/mult_53/U12 is not placed. (LGL-003)
Warning: Standard cell instance Modulation_system_cart/CSK_GEN/complex_multiplier_c/mult_53/U13 is not placed. (LGL-003)
Warning: Standard cell instance Modulation_system_cart/CSK_GEN/complex_multiplier_c/mult_53/U14 is not placed. (LGL-003)
Warning: Standard cell instance Modulation_system_cart/CSK_GEN/complex_multiplier_c/mult_53/U15 is not placed. (LGL-003)
Warning: Standard cell instance Modulation_system_cart/CSK_GEN/complex_multiplier_c/mult_53/U16 is not placed. (LGL-003)
Warning: Standard cell instance Modulation_system_cart/CSK_GEN/complex_multiplier_c/mult_53/U17 is not placed. (LGL-003)
Warning: Standard cell instance Modulation_system_cart/CSK_GEN/complex_multiplier_c/mult_53/U18 is not placed. (LGL-003)
Warning: Standard cell instance Modulation_system_cart/CSK_GEN/complex_multiplier_c/mult_53/U19 is not placed. (LGL-003)
Warning: Standard cell instance Modulation_system_cart/CSK_GEN/complex_multiplier_c/mult_53/U20 is not placed. (LGL-003)
Warning: Standard cell instance Modulation_system_cart/CSK_GEN/complex_multiplier_c/mult_53/U26 is not placed. (LGL-003)
Warning: Standard cell instance Modulation_system_cart/CSK_GEN/complex_multiplier_c/mult_53/U27 is not placed. (LGL-003)
Warning: Standard cell instance Modulation_system_cart/CSK_GEN/complex_multiplier_c/mult_53/U29 is not placed. (LGL-003)
Warning: Standard cell instance Modulation_system_cart/CSK_GEN/complex_multiplier_c/mult_53/U30 is not placed. (LGL-003)
Warning: Standard cell instance Modulation_system_cart/CSK_GEN/complex_multiplier_c/mult_53/U31 is not placed. (LGL-003)
Warning: Standard cell instance Modulation_system_cart/CSK_GEN/complex_multiplier_c/mult_53/U35 is not placed. (LGL-003)
Warning: Standard cell instance Modulation_system_cart/CSK_GEN/complex_multiplier_c/mult_53/U39 is not placed. (LGL-003)
Warning: Standard cell instance Modulation_system_cart/CSK_GEN/complex_multiplier_c/mult_54/U24 is not placed. (LGL-003)
Warning: Standard cell instance Modulation_system_cart/CSK_GEN/complex_multiplier_c/mult_54/U25 is not placed. (LGL-003)
Warning: Standard cell instance Modulation_system_cart/CSK_GEN/complex_multiplier_c/mult_54/U26 is not placed. (LGL-003)
Warning: Standard cell instance Modulation_system_cart/CSK_GEN/complex_multiplier_c/mult_54/U27 is not placed. (LGL-003)
Warning: Standard cell instance Modulation_system_cart/CSK_GEN/complex_multiplier_c/mult_54/U29 is not placed. (LGL-003)
Warning: Standard cell instance Modulation_system_cart/CSK_GEN/complex_multiplier_c/mult_54/U30 is not placed. (LGL-003)
Warning: Standard cell instance Modulation_system_cart/CSK_GEN/complex_multiplier_c/mult_54/U33 is not placed. (LGL-003)
Warning: Standard cell instance Modulation_system_cart/CSK_GEN/complex_multiplier_c/mult_54/U35 is not placed. (LGL-003)
Warning: Standard cell instance Modulation_system_cart/CSK_GEN/complex_multiplier_c/mult_54/U36 is not placed. (LGL-003)
Warning: Standard cell instance Modulation_system_cart/CSK_GEN/complex_multiplier_c/mult_54/U37 is not placed. (LGL-003)
Warning: Standard cell instance Modulation_system_cart/CSK_GEN/complex_multiplier_c/mult_54/U38 is not placed. (LGL-003)
Warning: Standard cell instance Modulation_system_cart/CSK_GEN/complex_multiplier_c/mult_54/U39 is not placed. (LGL-003)
Warning: Standard cell instance Modulation_system_cart/CSK_GEN/complex_multiplier_c/mult_54/U2 is not placed. (LGL-003)
Warning: Standard cell instance Modulation_system_cart/CSK_GEN/complex_multiplier_c/mult_54/U3 is not placed. (LGL-003)
Warning: Standard cell instance Modulation_system_cart/CSK_GEN/complex_multiplier_c/mult_54/U4 is not placed. (LGL-003)
Warning: Standard cell instance Modulation_system_cart/CSK_GEN/complex_multiplier_c/mult_54/U5 is not placed. (LGL-003)
Warning: Standard cell instance Modulation_system_cart/CSK_GEN/complex_multiplier_c/mult_54/U6 is not placed. (LGL-003)
Warning: Standard cell instance Modulation_system_cart/CSK_GEN/complex_multiplier_c/mult_54/U7 is not placed. (LGL-003)
Warning: Standard cell instance Modulation_system_cart/CSK_GEN/complex_multiplier_c/mult_54/U8 is not placed. (LGL-003)
Warning: Standard cell instance Modulation_system_cart/CSK_GEN/complex_multiplier_c/mult_54/U9 is not placed. (LGL-003)
Warning: Standard cell instance Modulation_system_cart/CSK_GEN/complex_multiplier_c/mult_54/U10 is not placed. (LGL-003)
Warning: Standard cell instance Modulation_system_cart/CSK_GEN/complex_multiplier_c/mult_54/U11 is not placed. (LGL-003)
Warning: Standard cell instance Modulation_system_cart/CSK_GEN/complex_multiplier_c/mult_54/U12 is not placed. (LGL-003)
Warning: Standard cell instance Modulation_system_cart/CSK_GEN/complex_multiplier_c/mult_54/U13 is not placed. (LGL-003)
Warning: Standard cell instance Modulation_system_cart/CSK_GEN/complex_multiplier_c/mult_54/U14 is not placed. (LGL-003)
Warning: Standard cell instance Modulation_system_cart/CSK_GEN/complex_multiplier_c/mult_54/U15 is not placed. (LGL-003)
Warning: Standard cell instance Modulation_system_cart/CSK_GEN/complex_multiplier_c/mult_54/U16 is not placed. (LGL-003)
Warning: Standard cell instance Modulation_system_cart/CSK_GEN/complex_multiplier_c/mult_54/U17 is not placed. (LGL-003)
Warning: Standard cell instance Modulation_system_cart/CSK_GEN/complex_multiplier_c/mult_54/U18 is not placed. (LGL-003)
Warning: Standard cell instance Modulation_system_cart/CSK_GEN/complex_multiplier_c/mult_54/U19 is not placed. (LGL-003)
Warning: Standard cell instance Modulation_system_cart/CSK_GEN/complex_multiplier_c/mult_54/U20 is not placed. (LGL-003)
Warning: Standard cell instance Modulation_system_cart/CSK_GEN/complex_multiplier_c/mult_54/U21 is not placed. (LGL-003)
Warning: Standard cell instance Modulation_system_cart/CSK_GEN/complex_multiplier_c/mult_54/U22 is not placed. (LGL-003)
Warning: Standard cell instance Modulation_system_cart/CSK_GEN/complex_multiplier_c/mult_54/U23 is not placed. (LGL-003)
Warning: Standard cell instance Modulation_system_cart/CSK_GEN/complex_multiplier_c/mult_54/U28 is not placed. (LGL-003)
Warning: Standard cell instance Modulation_system_cart/CSK_GEN/complex_multiplier_c/mult_54/U31 is not placed. (LGL-003)
Warning: Standard cell instance Modulation_system_cart/CSK_GEN/complex_multiplier_c/mult_54/U32 is not placed. (LGL-003)
Warning: Standard cell instance Modulation_system_cart/CSK_GEN/complex_multiplier_c/mult_55/U21 is not placed. (LGL-003)
Warning: Standard cell instance Modulation_system_cart/CSK_GEN/complex_multiplier_c/mult_55/U22 is not placed. (LGL-003)
Warning: Standard cell instance Modulation_system_cart/CSK_GEN/complex_multiplier_c/mult_55/U23 is not placed. (LGL-003)
Warning: Standard cell instance Modulation_system_cart/CSK_GEN/complex_multiplier_c/mult_55/U24 is not placed. (LGL-003)
Warning: Standard cell instance Modulation_system_cart/CSK_GEN/complex_multiplier_c/mult_55/U25 is not placed. (LGL-003)
Warning: Standard cell instance Modulation_system_cart/CSK_GEN/complex_multiplier_c/mult_55/U28 is not placed. (LGL-003)
Warning: Standard cell instance Modulation_system_cart/CSK_GEN/complex_multiplier_c/mult_55/U32 is not placed. (LGL-003)
Warning: Standard cell instance Modulation_system_cart/CSK_GEN/complex_multiplier_c/mult_55/U33 is not placed. (LGL-003)
Warning: Standard cell instance Modulation_system_cart/CSK_GEN/complex_multiplier_c/mult_55/U34 is not placed. (LGL-003)
Warning: Standard cell instance Modulation_system_cart/CSK_GEN/complex_multiplier_c/mult_55/U35 is not placed. (LGL-003)
Warning: Standard cell instance Modulation_system_cart/CSK_GEN/complex_multiplier_c/mult_55/U36 is not placed. (LGL-003)
Warning: Standard cell instance Modulation_system_cart/CSK_GEN/complex_multiplier_c/mult_55/U37 is not placed. (LGL-003)
Warning: Standard cell instance Modulation_system_cart/CSK_GEN/complex_multiplier_c/mult_55/U38 is not placed. (LGL-003)
Warning: Standard cell instance Modulation_system_cart/CSK_GEN/complex_multiplier_c/mult_55/U2 is not placed. (LGL-003)
Warning: Standard cell instance Modulation_system_cart/CSK_GEN/complex_multiplier_c/mult_55/U3 is not placed. (LGL-003)
Warning: Standard cell instance Modulation_system_cart/CSK_GEN/complex_multiplier_c/mult_55/U4 is not placed. (LGL-003)
Warning: Standard cell instance Modulation_system_cart/CSK_GEN/complex_multiplier_c/mult_55/U5 is not placed. (LGL-003)
Warning: Standard cell instance Modulation_system_cart/CSK_GEN/complex_multiplier_c/mult_55/U6 is not placed. (LGL-003)
Warning: Standard cell instance Modulation_system_cart/CSK_GEN/complex_multiplier_c/mult_55/U7 is not placed. (LGL-003)
Warning: Standard cell instance Modulation_system_cart/CSK_GEN/complex_multiplier_c/mult_55/U8 is not placed. (LGL-003)
Warning: Standard cell instance Modulation_system_cart/CSK_GEN/complex_multiplier_c/mult_55/U9 is not placed. (LGL-003)
Warning: Standard cell instance Modulation_system_cart/CSK_GEN/complex_multiplier_c/mult_55/U10 is not placed. (LGL-003)
Warning: Standard cell instance Modulation_system_cart/CSK_GEN/complex_multiplier_c/mult_55/U11 is not placed. (LGL-003)
Warning: Standard cell instance Modulation_system_cart/CSK_GEN/complex_multiplier_c/mult_55/U12 is not placed. (LGL-003)
Warning: Standard cell instance Modulation_system_cart/CSK_GEN/complex_multiplier_c/mult_55/U13 is not placed. (LGL-003)
Warning: Standard cell instance Modulation_system_cart/CSK_GEN/complex_multiplier_c/mult_55/U14 is not placed. (LGL-003)
Warning: Standard cell instance Modulation_system_cart/CSK_GEN/complex_multiplier_c/mult_55/U15 is not placed. (LGL-003)
Warning: Standard cell instance Modulation_system_cart/CSK_GEN/complex_multiplier_c/mult_55/U16 is not placed. (LGL-003)
Warning: Standard cell instance Modulation_system_cart/CSK_GEN/complex_multiplier_c/mult_55/U17 is not placed. (LGL-003)
Warning: Standard cell instance Modulation_system_cart/CSK_GEN/complex_multiplier_c/mult_55/U18 is not placed. (LGL-003)
Warning: Standard cell instance Modulation_system_cart/CSK_GEN/complex_multiplier_c/mult_55/U19 is not placed. (LGL-003)
Warning: Standard cell instance Modulation_system_cart/CSK_GEN/complex_multiplier_c/mult_55/U20 is not placed. (LGL-003)
Warning: Standard cell instance Modulation_system_cart/CSK_GEN/complex_multiplier_c/mult_55/U26 is not placed. (LGL-003)
Warning: Standard cell instance Modulation_system_cart/CSK_GEN/complex_multiplier_c/mult_55/U27 is not placed. (LGL-003)
Warning: Standard cell instance Modulation_system_cart/CSK_GEN/complex_multiplier_c/mult_55/U29 is not placed. (LGL-003)
Warning: Standard cell instance Modulation_system_cart/CSK_GEN/complex_multiplier_c/mult_55/U30 is not placed. (LGL-003)
Warning: Standard cell instance Modulation_system_cart/CSK_GEN/complex_multiplier_c/mult_56/U21 is not placed. (LGL-003)
Warning: Standard cell instance Modulation_system_cart/CSK_GEN/complex_multiplier_c/mult_56/U22 is not placed. (LGL-003)
Warning: Standard cell instance Modulation_system_cart/CSK_GEN/complex_multiplier_c/mult_56/U23 is not placed. (LGL-003)
Warning: Standard cell instance Modulation_system_cart/CSK_GEN/complex_multiplier_c/mult_56/U24 is not placed. (LGL-003)
Warning: Standard cell instance Modulation_system_cart/CSK_GEN/complex_multiplier_c/mult_56/U25 is not placed. (LGL-003)
Warning: Standard cell instance Modulation_system_cart/CSK_GEN/complex_multiplier_c/mult_56/U27 is not placed. (LGL-003)
Warning: Standard cell instance Modulation_system_cart/CSK_GEN/complex_multiplier_c/mult_56/U28 is not placed. (LGL-003)
Warning: Standard cell instance Modulation_system_cart/CSK_GEN/complex_multiplier_c/mult_56/U31 is not placed. (LGL-003)
Warning: Standard cell instance Modulation_system_cart/CSK_GEN/complex_multiplier_c/mult_56/U32 is not placed. (LGL-003)
Warning: Standard cell instance Modulation_system_cart/CSK_GEN/complex_multiplier_c/mult_56/U33 is not placed. (LGL-003)
Warning: Standard cell instance Modulation_system_cart/CSK_GEN/complex_multiplier_c/mult_56/U34 is not placed. (LGL-003)
Warning: Standard cell instance Modulation_system_cart/CSK_GEN/complex_multiplier_c/mult_56/U36 is not placed. (LGL-003)
Warning: Standard cell instance Modulation_system_cart/CSK_GEN/complex_multiplier_c/mult_56/U37 is not placed. (LGL-003)
Warning: Standard cell instance Modulation_system_cart/CSK_GEN/complex_multiplier_c/mult_56/U38 is not placed. (LGL-003)
Warning: Standard cell instance Modulation_system_cart/CSK_GEN/complex_multiplier_c/mult_56/U2 is not placed. (LGL-003)
Warning: Standard cell instance Modulation_system_cart/CSK_GEN/complex_multiplier_c/mult_56/U3 is not placed. (LGL-003)
Warning: Standard cell instance Modulation_system_cart/CSK_GEN/complex_multiplier_c/mult_56/U4 is not placed. (LGL-003)
Warning: Standard cell instance Modulation_system_cart/CSK_GEN/complex_multiplier_c/mult_56/U5 is not placed. (LGL-003)
Warning: Standard cell instance Modulation_system_cart/CSK_GEN/complex_multiplier_c/mult_56/U6 is not placed. (LGL-003)
Warning: Standard cell instance Modulation_system_cart/CSK_GEN/complex_multiplier_c/mult_56/U7 is not placed. (LGL-003)
Warning: Standard cell instance Modulation_system_cart/CSK_GEN/complex_multiplier_c/mult_56/U8 is not placed. (LGL-003)
Warning: Standard cell instance Modulation_system_cart/CSK_GEN/complex_multiplier_c/mult_56/U9 is not placed. (LGL-003)
Warning: Standard cell instance Modulation_system_cart/CSK_GEN/complex_multiplier_c/mult_56/U10 is not placed. (LGL-003)
Warning: Standard cell instance Modulation_system_cart/CSK_GEN/complex_multiplier_c/mult_56/U11 is not placed. (LGL-003)
Warning: Standard cell instance Modulation_system_cart/CSK_GEN/complex_multiplier_c/mult_56/U12 is not placed. (LGL-003)
Warning: Standard cell instance Modulation_system_cart/CSK_GEN/complex_multiplier_c/mult_56/U13 is not placed. (LGL-003)
Warning: Standard cell instance Modulation_system_cart/CSK_GEN/complex_multiplier_c/mult_56/U14 is not placed. (LGL-003)
Warning: Standard cell instance Modulation_system_cart/CSK_GEN/complex_multiplier_c/mult_56/U15 is not placed. (LGL-003)
Warning: Standard cell instance Modulation_system_cart/CSK_GEN/complex_multiplier_c/mult_56/U16 is not placed. (LGL-003)
Warning: Standard cell instance Modulation_system_cart/CSK_GEN/complex_multiplier_c/mult_56/U17 is not placed. (LGL-003)
Warning: Standard cell instance Modulation_system_cart/CSK_GEN/complex_multiplier_c/mult_56/U18 is not placed. (LGL-003)
Warning: Standard cell instance Modulation_system_cart/CSK_GEN/complex_multiplier_c/mult_56/U19 is not placed. (LGL-003)
Warning: Standard cell instance Modulation_system_cart/CSK_GEN/complex_multiplier_c/mult_56/U20 is not placed. (LGL-003)
Warning: Standard cell instance Modulation_system_cart/CSK_GEN/complex_multiplier_c/mult_56/U26 is not placed. (LGL-003)
Warning: Standard cell instance Modulation_system_cart/CSK_GEN/complex_multiplier_c/mult_56/U29 is not placed. (LGL-003)
Warning: Standard cell instance Modulation_system_cart/CSK_GEN/complex_multiplier_c/mult_56/U30 is not placed. (LGL-003)
Warning: Standard cell instance Modulation_system_cart/CSK_GEN/complex_multiplier_c/mult_56/U35 is not placed. (LGL-003)
Warning: Standard cell instance Modulation_system_cart/CSK_GEN/complex_multiplier_c/mult_56/U39 is not placed. (LGL-003)
Warning: Standard cell instance Modulation_system_cart/CSK_GEN/complex_multiplier_c/mult_56/U40 is not placed. (LGL-003)
Warning: Standard cell instance Modulation_system_cart/CSK_GEN/complex_multiplier_c/mult_56/U41 is not placed. (LGL-003)
Warning: Standard cell instance Modulation_system_cart/CSK_GEN/complex_exp_LUT/U517 is not placed. (LGL-003)
Warning: Standard cell instance Modulation_system_cart/CSK_GEN/complex_exp_LUT/U518 is not placed. (LGL-003)
Warning: Standard cell instance Modulation_system_cart/CSK_GEN/complex_exp_LUT/U519 is not placed. (LGL-003)
Warning: Standard cell instance Modulation_system_cart/CSK_GEN/complex_exp_LUT/U520 is not placed. (LGL-003)
Warning: Standard cell instance Modulation_system_cart/CSK_GEN/complex_exp_LUT/U521 is not placed. (LGL-003)
Warning: Standard cell instance Modulation_system_cart/CSK_GEN/complex_exp_LUT/U522 is not placed. (LGL-003)
Warning: Standard cell instance Modulation_system_cart/CSK_GEN/complex_exp_LUT/U523 is not placed. (LGL-003)
Warning: Standard cell instance Modulation_system_cart/CSK_GEN/complex_exp_LUT/U524 is not placed. (LGL-003)
Warning: Standard cell instance Modulation_system_cart/CSK_GEN/complex_exp_LUT/U525 is not placed. (LGL-003)
Warning: Standard cell instance Modulation_system_cart/CSK_GEN/complex_exp_LUT/U526 is not placed. (LGL-003)
Warning: Standard cell instance Modulation_system_cart/CSK_GEN/complex_exp_LUT/U527 is not placed. (LGL-003)
Warning: Standard cell instance Modulation_system_cart/CSK_GEN/complex_exp_LUT/U528 is not placed. (LGL-003)
Warning: Standard cell instance Modulation_system_cart/CSK_GEN/complex_exp_LUT/U529 is not placed. (LGL-003)
Warning: Standard cell instance Modulation_system_cart/CSK_GEN/complex_exp_LUT/U530 is not placed. (LGL-003)
Warning: Standard cell instance Modulation_system_cart/CSK_GEN/complex_exp_LUT/U531 is not placed. (LGL-003)
Warning: Standard cell instance Modulation_system_cart/CSK_GEN/complex_exp_LUT/U532 is not placed. (LGL-003)
Warning: Standard cell instance Modulation_system_cart/CSK_GEN/complex_exp_LUT/U533 is not placed. (LGL-003)
Warning: Standard cell instance Modulation_system_cart/CSK_GEN/complex_exp_LUT/U534 is not placed. (LGL-003)
Warning: Standard cell instance Modulation_system_cart/CSK_GEN/complex_exp_LUT/U535 is not placed. (LGL-003)
Warning: Standard cell instance Modulation_system_cart/CSK_GEN/complex_exp_LUT/U536 is not placed. (LGL-003)
Warning: Standard cell instance Modulation_system_cart/CSK_GEN/complex_exp_LUT/U537 is not placed. (LGL-003)
Warning: Standard cell instance Modulation_system_cart/CSK_GEN/complex_exp_LUT/U538 is not placed. (LGL-003)
Warning: Standard cell instance Modulation_system_cart/CSK_GEN/complex_exp_LUT/U539 is not placed. (LGL-003)
Warning: Standard cell instance Modulation_system_cart/CSK_GEN/complex_exp_LUT/U540 is not placed. (LGL-003)
Warning: Standard cell instance Modulation_system_cart/CSK_GEN/complex_exp_LUT/U541 is not placed. (LGL-003)
Warning: Standard cell instance Modulation_system_cart/CSK_GEN/complex_exp_LUT/U542 is not placed. (LGL-003)
Warning: Standard cell instance Modulation_system_cart/CSK_GEN/complex_exp_LUT/U543 is not placed. (LGL-003)
Warning: Standard cell instance Modulation_system_cart/CSK_GEN/complex_exp_LUT/U544 is not placed. (LGL-003)
Warning: Standard cell instance Modulation_system_cart/CSK_GEN/complex_exp_LUT/U545 is not placed. (LGL-003)
Warning: Standard cell instance Modulation_system_cart/CSK_GEN/complex_exp_LUT/U546 is not placed. (LGL-003)
Warning: Standard cell instance Modulation_system_cart/CSK_GEN/complex_exp_LUT/U547 is not placed. (LGL-003)
Warning: Standard cell instance Modulation_system_cart/CSK_GEN/complex_exp_LUT/U548 is not placed. (LGL-003)
Warning: Standard cell instance Modulation_system_cart/CSK_GEN/complex_exp_LUT/U549 is not placed. (LGL-003)
Warning: Standard cell instance Modulation_system_cart/CSK_GEN/complex_exp_LUT/U550 is not placed. (LGL-003)
Warning: Standard cell instance Modulation_system_cart/CSK_GEN/complex_exp_LUT/U551 is not placed. (LGL-003)
Warning: Standard cell instance Modulation_system_cart/CSK_GEN/complex_exp_LUT/U552 is not placed. (LGL-003)
Warning: Standard cell instance Modulation_system_cart/CSK_GEN/complex_exp_LUT/U553 is not placed. (LGL-003)
Warning: Standard cell instance Modulation_system_cart/CSK_GEN/complex_exp_LUT/U554 is not placed. (LGL-003)
Warning: Standard cell instance Modulation_system_cart/CSK_GEN/complex_exp_LUT/U555 is not placed. (LGL-003)
Warning: Standard cell instance Modulation_system_cart/CSK_GEN/complex_exp_LUT/U556 is not placed. (LGL-003)
Warning: Standard cell instance Modulation_system_cart/CSK_GEN/complex_exp_LUT/U557 is not placed. (LGL-003)
Warning: Standard cell instance Modulation_system_cart/CSK_GEN/complex_exp_LUT/U558 is not placed. (LGL-003)
Warning: Standard cell instance Modulation_system_cart/CSK_GEN/complex_exp_LUT/U559 is not placed. (LGL-003)
Warning: Standard cell instance Modulation_system_cart/CSK_GEN/complex_exp_LUT/U560 is not placed. (LGL-003)
Warning: Standard cell instance Modulation_system_cart/CSK_GEN/complex_exp_LUT/U561 is not placed. (LGL-003)
Warning: Standard cell instance Modulation_system_cart/CSK_GEN/complex_exp_LUT/U562 is not placed. (LGL-003)
Warning: Standard cell instance Modulation_system_cart/CSK_GEN/complex_exp_LUT/U563 is not placed. (LGL-003)
Warning: Standard cell instance Modulation_system_cart/CSK_GEN/complex_exp_LUT/U564 is not placed. (LGL-003)
Warning: Standard cell instance Modulation_system_cart/CSK_GEN/complex_exp_LUT/U565 is not placed. (LGL-003)
Warning: Standard cell instance Modulation_system_cart/CSK_GEN/complex_exp_LUT/U566 is not placed. (LGL-003)
Warning: Standard cell instance Modulation_system_cart/CSK_GEN/complex_exp_LUT/U567 is not placed. (LGL-003)
Warning: Standard cell instance Modulation_system_cart/CSK_GEN/complex_exp_LUT/U568 is not placed. (LGL-003)
Warning: Standard cell instance Modulation_system_cart/CSK_GEN/complex_exp_LUT/U569 is not placed. (LGL-003)
Warning: Standard cell instance Modulation_system_cart/CSK_GEN/complex_exp_LUT/U570 is not placed. (LGL-003)
Warning: Standard cell instance Modulation_system_cart/CSK_GEN/complex_exp_LUT/U571 is not placed. (LGL-003)
Warning: Standard cell instance Modulation_system_cart/CSK_GEN/complex_exp_LUT/U572 is not placed. (LGL-003)
Warning: Standard cell instance Modulation_system_cart/CSK_GEN/complex_exp_LUT/U573 is not placed. (LGL-003)
Warning: Standard cell instance Modulation_system_cart/CSK_GEN/complex_exp_LUT/U574 is not placed. (LGL-003)
Warning: Standard cell instance Modulation_system_cart/CSK_GEN/complex_exp_LUT/U575 is not placed. (LGL-003)
Warning: Standard cell instance Modulation_system_cart/CSK_GEN/complex_exp_LUT/U576 is not placed. (LGL-003)
Warning: Standard cell instance Modulation_system_cart/CSK_GEN/complex_exp_LUT/U577 is not placed. (LGL-003)
Warning: Standard cell instance Modulation_system_cart/CSK_GEN/complex_exp_LUT/U578 is not placed. (LGL-003)
Warning: Standard cell instance Modulation_system_cart/CSK_GEN/complex_exp_LUT/U579 is not placed. (LGL-003)
Warning: Standard cell instance Modulation_system_cart/CSK_GEN/complex_exp_LUT/U580 is not placed. (LGL-003)
Warning: Standard cell instance Modulation_system_cart/CSK_GEN/complex_exp_LUT/U581 is not placed. (LGL-003)
Warning: Standard cell instance Modulation_system_cart/CSK_GEN/complex_exp_LUT/U582 is not placed. (LGL-003)
Warning: Standard cell instance Modulation_system_cart/CSK_GEN/complex_exp_LUT/U583 is not placed. (LGL-003)
Warning: Standard cell instance Modulation_system_cart/CSK_GEN/complex_exp_LUT/U584 is not placed. (LGL-003)
Warning: Standard cell instance Modulation_system_cart/CSK_GEN/complex_exp_LUT/U585 is not placed. (LGL-003)
Warning: Standard cell instance Modulation_system_cart/CSK_GEN/complex_exp_LUT/U586 is not placed. (LGL-003)
Warning: Standard cell instance Modulation_system_cart/CSK_GEN/complex_exp_LUT/U587 is not placed. (LGL-003)
Warning: Standard cell instance Modulation_system_cart/CSK_GEN/complex_exp_LUT/U588 is not placed. (LGL-003)
Warning: Standard cell instance Modulation_system_cart/CSK_GEN/complex_exp_LUT/U589 is not placed. (LGL-003)
Warning: Standard cell instance Modulation_system_cart/CSK_GEN/complex_exp_LUT/U591 is not placed. (LGL-003)
Warning: Standard cell instance Modulation_system_cart/CSK_GEN/complex_exp_LUT/U592 is not placed. (LGL-003)
Warning: Standard cell instance Modulation_system_cart/CSK_GEN/complex_exp_LUT/U593 is not placed. (LGL-003)
Warning: Standard cell instance Modulation_system_cart/CSK_GEN/complex_exp_LUT/U595 is not placed. (LGL-003)
Warning: Standard cell instance Modulation_system_cart/CSK_GEN/complex_exp_LUT/U596 is not placed. (LGL-003)
Warning: Standard cell instance Modulation_system_cart/CSK_GEN/complex_exp_LUT/U598 is not placed. (LGL-003)
Warning: Standard cell instance Modulation_system_cart/CSK_GEN/complex_exp_LUT/U600 is not placed. (LGL-003)
Warning: Standard cell instance Modulation_system_cart/CSK_GEN/complex_exp_LUT/U601 is not placed. (LGL-003)
Warning: Standard cell instance Modulation_system_cart/CSK_GEN/complex_exp_LUT/U602 is not placed. (LGL-003)
Warning: Standard cell instance Modulation_system_cart/CSK_GEN/complex_exp_LUT/U603 is not placed. (LGL-003)
Warning: Standard cell instance Modulation_system_cart/CSK_GEN/complex_exp_LUT/U604 is not placed. (LGL-003)
Warning: Standard cell instance Modulation_system_cart/CSK_GEN/complex_exp_LUT/U605 is not placed. (LGL-003)
Warning: Standard cell instance Modulation_system_cart/CSK_GEN/complex_exp_LUT/U606 is not placed. (LGL-003)
Warning: Standard cell instance Modulation_system_cart/CSK_GEN/complex_exp_LUT/U607 is not placed. (LGL-003)
Warning: Standard cell instance Modulation_system_cart/CSK_GEN/complex_exp_LUT/U608 is not placed. (LGL-003)
Warning: Standard cell instance Modulation_system_cart/CSK_GEN/complex_exp_LUT/U609 is not placed. (LGL-003)
Warning: Standard cell instance Modulation_system_cart/CSK_GEN/complex_exp_LUT/U610 is not placed. (LGL-003)
Warning: Standard cell instance Modulation_system_cart/CSK_GEN/complex_exp_LUT/U611 is not placed. (LGL-003)
Warning: Standard cell instance Modulation_system_cart/CSK_GEN/complex_exp_LUT/U612 is not placed. (LGL-003)
Warning: Standard cell instance Modulation_system_cart/CSK_GEN/complex_exp_LUT/U613 is not placed. (LGL-003)
Warning: Standard cell instance Modulation_system_cart/CSK_GEN/complex_exp_LUT/U614 is not placed. (LGL-003)
Warning: Standard cell instance Modulation_system_cart/CSK_GEN/complex_exp_LUT/U615 is not placed. (LGL-003)
Warning: Standard cell instance Modulation_system_cart/CSK_GEN/complex_exp_LUT/U616 is not placed. (LGL-003)
Warning: Standard cell instance Modulation_system_cart/CSK_GEN/complex_exp_LUT/U617 is not placed. (LGL-003)
Warning: Standard cell instance Modulation_system_cart/CSK_GEN/complex_exp_LUT/U618 is not placed. (LGL-003)
Warning: Standard cell instance Modulation_system_cart/CSK_GEN/complex_exp_LUT/U619 is not placed. (LGL-003)
Warning: Standard cell instance Modulation_system_cart/CSK_GEN/complex_exp_LUT/U620 is not placed. (LGL-003)
Warning: Standard cell instance Modulation_system_cart/CSK_GEN/complex_exp_LUT/U621 is not placed. (LGL-003)
Warning: Standard cell instance Modulation_system_cart/CSK_GEN/complex_exp_LUT/U622 is not placed. (LGL-003)
Warning: Standard cell instance Modulation_system_cart/CSK_GEN/complex_exp_LUT/U623 is not placed. (LGL-003)
Warning: Standard cell instance Modulation_system_cart/CSK_GEN/complex_exp_LUT/U624 is not placed. (LGL-003)
Warning: Standard cell instance Modulation_system_cart/CSK_GEN/complex_exp_LUT/U625 is not placed. (LGL-003)
Warning: Standard cell instance Modulation_system_cart/CSK_GEN/complex_exp_LUT/U626 is not placed. (LGL-003)
Warning: Standard cell instance Modulation_system_cart/CSK_GEN/complex_exp_LUT/U627 is not placed. (LGL-003)
Warning: Standard cell instance Modulation_system_cart/CSK_GEN/complex_exp_LUT/U628 is not placed. (LGL-003)
Warning: Standard cell instance Modulation_system_cart/CSK_GEN/complex_exp_LUT/U629 is not placed. (LGL-003)
Warning: Standard cell instance Modulation_system_cart/CSK_GEN/complex_exp_LUT/U630 is not placed. (LGL-003)
Warning: Standard cell instance Modulation_system_cart/CSK_GEN/complex_exp_LUT/U631 is not placed. (LGL-003)
Warning: Standard cell instance Modulation_system_cart/CSK_GEN/complex_exp_LUT/U632 is not placed. (LGL-003)
Warning: Standard cell instance Modulation_system_cart/CSK_GEN/complex_exp_LUT/U633 is not placed. (LGL-003)
Warning: Standard cell instance Modulation_system_cart/CSK_GEN/complex_exp_LUT/U634 is not placed. (LGL-003)
Warning: Standard cell instance Modulation_system_cart/CSK_GEN/complex_exp_LUT/U635 is not placed. (LGL-003)
Warning: Standard cell instance Modulation_system_cart/CSK_GEN/complex_exp_LUT/U636 is not placed. (LGL-003)
Warning: Standard cell instance Modulation_system_cart/CSK_GEN/complex_exp_LUT/U637 is not placed. (LGL-003)
Warning: Standard cell instance Modulation_system_cart/CSK_GEN/complex_exp_LUT/U638 is not placed. (LGL-003)
Warning: Standard cell instance Modulation_system_cart/CSK_GEN/complex_exp_LUT/U639 is not placed. (LGL-003)
Warning: Standard cell instance Modulation_system_cart/CSK_GEN/complex_exp_LUT/U640 is not placed. (LGL-003)
Warning: Standard cell instance Modulation_system_cart/CSK_GEN/complex_exp_LUT/U641 is not placed. (LGL-003)
Warning: Standard cell instance Modulation_system_cart/CSK_GEN/complex_exp_LUT/U642 is not placed. (LGL-003)
Warning: Standard cell instance Modulation_system_cart/CSK_GEN/complex_exp_LUT/U643 is not placed. (LGL-003)
Warning: Standard cell instance Modulation_system_cart/CSK_GEN/complex_exp_LUT/U644 is not placed. (LGL-003)
Warning: Standard cell instance Modulation_system_cart/CSK_GEN/complex_exp_LUT/U645 is not placed. (LGL-003)
Warning: Standard cell instance Modulation_system_cart/CSK_GEN/complex_exp_LUT/U646 is not placed. (LGL-003)
Warning: Standard cell instance Modulation_system_cart/CSK_GEN/complex_exp_LUT/U649 is not placed. (LGL-003)
Warning: Standard cell instance Modulation_system_cart/CSK_GEN/complex_exp_LUT/U650 is not placed. (LGL-003)
Warning: Standard cell instance Modulation_system_cart/CSK_GEN/complex_exp_LUT/U651 is not placed. (LGL-003)
Warning: Standard cell instance Modulation_system_cart/CSK_GEN/complex_exp_LUT/U652 is not placed. (LGL-003)
Warning: Standard cell instance Modulation_system_cart/CSK_GEN/complex_exp_LUT/U653 is not placed. (LGL-003)
Warning: Standard cell instance Modulation_system_cart/CSK_GEN/complex_exp_LUT/U654 is not placed. (LGL-003)
Warning: Standard cell instance Modulation_system_cart/CSK_GEN/complex_exp_LUT/U655 is not placed. (LGL-003)
Warning: Standard cell instance Modulation_system_cart/CSK_GEN/complex_exp_LUT/U656 is not placed. (LGL-003)
Warning: Standard cell instance Modulation_system_cart/CSK_GEN/complex_exp_LUT/U657 is not placed. (LGL-003)
Warning: Standard cell instance Modulation_system_cart/CSK_GEN/complex_exp_LUT/U658 is not placed. (LGL-003)
Warning: Standard cell instance Modulation_system_cart/CSK_GEN/complex_exp_LUT/U659 is not placed. (LGL-003)
Warning: Standard cell instance Modulation_system_cart/CSK_GEN/complex_exp_LUT/U660 is not placed. (LGL-003)
Warning: Standard cell instance Modulation_system_cart/CSK_GEN/complex_exp_LUT/U661 is not placed. (LGL-003)
Warning: Standard cell instance Modulation_system_cart/CSK_GEN/complex_exp_LUT/U662 is not placed. (LGL-003)
Warning: Standard cell instance Modulation_system_cart/CSK_GEN/complex_exp_LUT/U663 is not placed. (LGL-003)
Warning: Standard cell instance Modulation_system_cart/CSK_GEN/complex_exp_LUT/U664 is not placed. (LGL-003)
Warning: Standard cell instance Modulation_system_cart/CSK_GEN/complex_exp_LUT/U666 is not placed. (LGL-003)
Warning: Standard cell instance Modulation_system_cart/CSK_GEN/complex_exp_LUT/U667 is not placed. (LGL-003)
Warning: Standard cell instance Modulation_system_cart/CSK_GEN/complex_exp_LUT/U668 is not placed. (LGL-003)
Warning: Standard cell instance Modulation_system_cart/CSK_GEN/complex_exp_LUT/U669 is not placed. (LGL-003)
Warning: Standard cell instance Modulation_system_cart/CSK_GEN/complex_exp_LUT/U670 is not placed. (LGL-003)
Warning: Standard cell instance Modulation_system_cart/CSK_GEN/complex_exp_LUT/U671 is not placed. (LGL-003)
Warning: Standard cell instance Modulation_system_cart/CSK_GEN/complex_exp_LUT/U672 is not placed. (LGL-003)
Warning: Standard cell instance Modulation_system_cart/CSK_GEN/complex_exp_LUT/U673 is not placed. (LGL-003)
Warning: Standard cell instance Modulation_system_cart/CSK_GEN/complex_exp_LUT/U674 is not placed. (LGL-003)
Warning: Standard cell instance Modulation_system_cart/CSK_GEN/complex_exp_LUT/U675 is not placed. (LGL-003)
Warning: Standard cell instance Modulation_system_cart/CSK_GEN/complex_exp_LUT/U677 is not placed. (LGL-003)
Warning: Standard cell instance Modulation_system_cart/CSK_GEN/complex_exp_LUT/U678 is not placed. (LGL-003)
Warning: Standard cell instance Modulation_system_cart/CSK_GEN/complex_exp_LUT/U679 is not placed. (LGL-003)
Warning: Standard cell instance Modulation_system_cart/CSK_GEN/complex_exp_LUT/U680 is not placed. (LGL-003)
Warning: Standard cell instance Modulation_system_cart/CSK_GEN/complex_exp_LUT/U681 is not placed. (LGL-003)
Warning: Standard cell instance Modulation_system_cart/CSK_GEN/complex_exp_LUT/U682 is not placed. (LGL-003)
Warning: Standard cell instance Modulation_system_cart/CSK_GEN/complex_exp_LUT/U683 is not placed. (LGL-003)
Warning: Standard cell instance Modulation_system_cart/CSK_GEN/complex_exp_LUT/U684 is not placed. (LGL-003)
Warning: Standard cell instance Modulation_system_cart/CSK_GEN/complex_exp_LUT/U685 is not placed. (LGL-003)
Warning: Standard cell instance Modulation_system_cart/CSK_GEN/complex_exp_LUT/U686 is not placed. (LGL-003)
Warning: Standard cell instance Modulation_system_cart/CSK_GEN/complex_exp_LUT/U687 is not placed. (LGL-003)
Warning: Standard cell instance Modulation_system_cart/CSK_GEN/complex_exp_LUT/U688 is not placed. (LGL-003)
Warning: Standard cell instance Modulation_system_cart/CSK_GEN/complex_exp_LUT/U689 is not placed. (LGL-003)
Warning: Standard cell instance Modulation_system_cart/CSK_GEN/complex_exp_LUT/U690 is not placed. (LGL-003)
Warning: Standard cell instance Modulation_system_cart/CSK_GEN/complex_exp_LUT/U691 is not placed. (LGL-003)
Warning: Standard cell instance Modulation_system_cart/CSK_GEN/complex_exp_LUT/U692 is not placed. (LGL-003)
Warning: Standard cell instance Modulation_system_cart/CSK_GEN/complex_exp_LUT/U693 is not placed. (LGL-003)
Warning: Standard cell instance Modulation_system_cart/CSK_GEN/complex_exp_LUT/U694 is not placed. (LGL-003)
Warning: Standard cell instance Modulation_system_cart/CSK_GEN/complex_exp_LUT/U695 is not placed. (LGL-003)
Warning: Standard cell instance Modulation_system_cart/CSK_GEN/complex_exp_LUT/U696 is not placed. (LGL-003)
Warning: Standard cell instance Modulation_system_cart/CSK_GEN/complex_exp_LUT/U697 is not placed. (LGL-003)
Warning: Standard cell instance Modulation_system_cart/CSK_GEN/complex_exp_LUT/U698 is not placed. (LGL-003)
Warning: Standard cell instance Modulation_system_cart/CSK_GEN/complex_exp_LUT/U699 is not placed. (LGL-003)
Warning: Standard cell instance Modulation_system_cart/CSK_GEN/complex_exp_LUT/U700 is not placed. (LGL-003)
Warning: Standard cell instance Modulation_system_cart/CSK_GEN/complex_exp_LUT/U701 is not placed. (LGL-003)
Warning: Standard cell instance Modulation_system_cart/CSK_GEN/complex_exp_LUT/U702 is not placed. (LGL-003)
Warning: Standard cell instance Modulation_system_cart/CSK_GEN/complex_exp_LUT/U703 is not placed. (LGL-003)
Warning: Standard cell instance Modulation_system_cart/CSK_GEN/complex_exp_LUT/U704 is not placed. (LGL-003)
Warning: Standard cell instance Modulation_system_cart/CSK_GEN/complex_exp_LUT/U705 is not placed. (LGL-003)
Warning: Standard cell instance Modulation_system_cart/CSK_GEN/complex_exp_LUT/U706 is not placed. (LGL-003)
Warning: Standard cell instance Modulation_system_cart/CSK_GEN/complex_exp_LUT/U707 is not placed. (LGL-003)
Warning: Standard cell instance Modulation_system_cart/CSK_GEN/complex_exp_LUT/U708 is not placed. (LGL-003)
Warning: Standard cell instance Modulation_system_cart/CSK_GEN/complex_exp_LUT/U709 is not placed. (LGL-003)
Warning: Standard cell instance Modulation_system_cart/CSK_GEN/complex_exp_LUT/U710 is not placed. (LGL-003)
Warning: Standard cell instance Modulation_system_cart/CSK_GEN/complex_exp_LUT/U711 is not placed. (LGL-003)
Warning: Standard cell instance Modulation_system_cart/CSK_GEN/complex_exp_LUT/U712 is not placed. (LGL-003)
Warning: Standard cell instance Modulation_system_cart/CSK_GEN/complex_exp_LUT/U713 is not placed. (LGL-003)
Warning: Standard cell instance Modulation_system_cart/CSK_GEN/complex_exp_LUT/U714 is not placed. (LGL-003)
Warning: Standard cell instance Modulation_system_cart/CSK_GEN/complex_exp_LUT/U715 is not placed. (LGL-003)
Warning: Standard cell instance Modulation_system_cart/CSK_GEN/complex_exp_LUT/U716 is not placed. (LGL-003)
Warning: Standard cell instance Modulation_system_cart/CSK_GEN/complex_exp_LUT/U717 is not placed. (LGL-003)
Warning: Standard cell instance Modulation_system_cart/CSK_GEN/complex_exp_LUT/U718 is not placed. (LGL-003)
Warning: Standard cell instance Modulation_system_cart/CSK_GEN/complex_exp_LUT/U719 is not placed. (LGL-003)
Warning: Standard cell instance Modulation_system_cart/CSK_GEN/complex_exp_LUT/U720 is not placed. (LGL-003)
Warning: Standard cell instance Modulation_system_cart/CSK_GEN/complex_exp_LUT/U721 is not placed. (LGL-003)
Warning: Standard cell instance Modulation_system_cart/CSK_GEN/complex_exp_LUT/U722 is not placed. (LGL-003)
Warning: Standard cell instance Modulation_system_cart/CSK_GEN/complex_exp_LUT/U723 is not placed. (LGL-003)
Warning: Standard cell instance Modulation_system_cart/CSK_GEN/complex_exp_LUT/U724 is not placed. (LGL-003)
Warning: Standard cell instance Modulation_system_cart/CSK_GEN/complex_exp_LUT/U725 is not placed. (LGL-003)
Warning: Standard cell instance Modulation_system_cart/CSK_GEN/complex_exp_LUT/U726 is not placed. (LGL-003)
Warning: Standard cell instance Modulation_system_cart/CSK_GEN/complex_exp_LUT/U727 is not placed. (LGL-003)
Warning: Standard cell instance Modulation_system_cart/CSK_GEN/complex_exp_LUT/U728 is not placed. (LGL-003)
Warning: Standard cell instance Modulation_system_cart/CSK_GEN/complex_exp_LUT/U729 is not placed. (LGL-003)
Warning: Standard cell instance Modulation_system_cart/CSK_GEN/complex_exp_LUT/U730 is not placed. (LGL-003)
Warning: Standard cell instance Modulation_system_cart/CSK_GEN/complex_exp_LUT/U731 is not placed. (LGL-003)
Warning: Standard cell instance Modulation_system_cart/CSK_GEN/complex_exp_LUT/U732 is not placed. (LGL-003)
Warning: Standard cell instance Modulation_system_cart/CSK_GEN/complex_exp_LUT/U733 is not placed. (LGL-003)
Warning: Standard cell instance Modulation_system_cart/CSK_GEN/complex_exp_LUT/U734 is not placed. (LGL-003)
Warning: Standard cell instance Modulation_system_cart/CSK_GEN/complex_exp_LUT/U735 is not placed. (LGL-003)
Warning: Standard cell instance Modulation_system_cart/CSK_GEN/complex_exp_LUT/U736 is not placed. (LGL-003)
Warning: Standard cell instance Modulation_system_cart/CSK_GEN/complex_exp_LUT/U737 is not placed. (LGL-003)
Warning: Standard cell instance Modulation_system_cart/CSK_GEN/complex_exp_LUT/U738 is not placed. (LGL-003)
Warning: Standard cell instance Modulation_system_cart/CSK_GEN/complex_exp_LUT/U739 is not placed. (LGL-003)
Warning: Standard cell instance Modulation_system_cart/CSK_GEN/complex_exp_LUT/U740 is not placed. (LGL-003)
Warning: Standard cell instance Modulation_system_cart/CSK_GEN/complex_exp_LUT/U741 is not placed. (LGL-003)
Warning: Standard cell instance Modulation_system_cart/CSK_GEN/complex_exp_LUT/U742 is not placed. (LGL-003)
Warning: Standard cell instance Modulation_system_cart/CSK_GEN/complex_exp_LUT/U743 is not placed. (LGL-003)
Warning: Standard cell instance Modulation_system_cart/CSK_GEN/complex_exp_LUT/U744 is not placed. (LGL-003)
Warning: Standard cell instance Modulation_system_cart/CSK_GEN/complex_exp_LUT/U745 is not placed. (LGL-003)
Warning: Standard cell instance Modulation_system_cart/CSK_GEN/complex_exp_LUT/U746 is not placed. (LGL-003)
Warning: Standard cell instance Modulation_system_cart/CSK_GEN/complex_exp_LUT/U747 is not placed. (LGL-003)
Warning: Standard cell instance Modulation_system_cart/CSK_GEN/complex_exp_LUT/U748 is not placed. (LGL-003)
Warning: Standard cell instance Modulation_system_cart/CSK_GEN/complex_exp_LUT/U749 is not placed. (LGL-003)
Warning: Standard cell instance Modulation_system_cart/CSK_GEN/complex_exp_LUT/U750 is not placed. (LGL-003)
Warning: Standard cell instance Modulation_system_cart/CSK_GEN/complex_exp_LUT/U751 is not placed. (LGL-003)
Warning: Standard cell instance Modulation_system_cart/CSK_GEN/complex_exp_LUT/U752 is not placed. (LGL-003)
Warning: Standard cell instance Modulation_system_cart/CSK_GEN/complex_exp_LUT/U753 is not placed. (LGL-003)
Warning: Standard cell instance Modulation_system_cart/CSK_GEN/complex_exp_LUT/U754 is not placed. (LGL-003)
Warning: Standard cell instance Modulation_system_cart/CSK_GEN/complex_exp_LUT/U755 is not placed. (LGL-003)
Warning: Standard cell instance Modulation_system_cart/CSK_GEN/complex_exp_LUT/U756 is not placed. (LGL-003)
Warning: Standard cell instance Modulation_system_cart/CSK_GEN/complex_exp_LUT/U757 is not placed. (LGL-003)
Warning: Standard cell instance Modulation_system_cart/CSK_GEN/complex_exp_LUT/U758 is not placed. (LGL-003)
Warning: Standard cell instance Modulation_system_cart/CSK_GEN/complex_exp_LUT/U759 is not placed. (LGL-003)
Warning: Standard cell instance Modulation_system_cart/CSK_GEN/complex_exp_LUT/U760 is not placed. (LGL-003)
Warning: Standard cell instance Modulation_system_cart/CSK_GEN/complex_exp_LUT/U761 is not placed. (LGL-003)
Warning: Standard cell instance Modulation_system_cart/CSK_GEN/complex_exp_LUT/U762 is not placed. (LGL-003)
Warning: Standard cell instance Modulation_system_cart/CSK_GEN/complex_exp_LUT/U763 is not placed. (LGL-003)
Warning: Standard cell instance Modulation_system_cart/CSK_GEN/complex_exp_LUT/U764 is not placed. (LGL-003)
Warning: Standard cell instance Modulation_system_cart/CSK_GEN/complex_exp_LUT/U765 is not placed. (LGL-003)
Warning: Standard cell instance Modulation_system_cart/CSK_GEN/complex_exp_LUT/U766 is not placed. (LGL-003)
Warning: Standard cell instance Modulation_system_cart/CSK_GEN/complex_exp_LUT/U767 is not placed. (LGL-003)
Warning: Standard cell instance Modulation_system_cart/CSK_GEN/complex_exp_LUT/U768 is not placed. (LGL-003)
Warning: Standard cell instance Modulation_system_cart/CSK_GEN/complex_exp_LUT/U769 is not placed. (LGL-003)
Warning: Standard cell instance Modulation_system_cart/CSK_GEN/complex_exp_LUT/U770 is not placed. (LGL-003)
Warning: Standard cell instance Modulation_system_cart/CSK_GEN/complex_exp_LUT/U771 is not placed. (LGL-003)
Warning: Standard cell instance Modulation_system_cart/CSK_GEN/complex_exp_LUT/U772 is not placed. (LGL-003)
Warning: Standard cell instance Modulation_system_cart/CSK_GEN/complex_exp_LUT/U773 is not placed. (LGL-003)
Warning: Standard cell instance Modulation_system_cart/CSK_GEN/complex_exp_LUT/U774 is not placed. (LGL-003)
Warning: Standard cell instance Modulation_system_cart/CSK_GEN/complex_exp_LUT/U775 is not placed. (LGL-003)
Warning: Standard cell instance Modulation_system_cart/CSK_GEN/complex_exp_LUT/U776 is not placed. (LGL-003)
Warning: Standard cell instance Modulation_system_cart/CSK_GEN/complex_exp_LUT/U777 is not placed. (LGL-003)
Warning: Standard cell instance Modulation_system_cart/CSK_GEN/complex_exp_LUT/U778 is not placed. (LGL-003)
Warning: Standard cell instance Modulation_system_cart/CSK_GEN/complex_exp_LUT/U779 is not placed. (LGL-003)
Warning: Standard cell instance Modulation_system_cart/CSK_GEN/complex_exp_LUT/U780 is not placed. (LGL-003)
Warning: Standard cell instance Modulation_system_cart/CSK_GEN/complex_exp_LUT/U781 is not placed. (LGL-003)
Warning: Standard cell instance Modulation_system_cart/CSK_GEN/complex_exp_LUT/U782 is not placed. (LGL-003)
Warning: Standard cell instance Modulation_system_cart/CSK_GEN/complex_exp_LUT/U783 is not placed. (LGL-003)
Warning: Standard cell instance Modulation_system_cart/CSK_GEN/complex_exp_LUT/U784 is not placed. (LGL-003)
Warning: Standard cell instance Modulation_system_cart/CSK_GEN/complex_exp_LUT/U785 is not placed. (LGL-003)
Warning: Standard cell instance Modulation_system_cart/CSK_GEN/complex_exp_LUT/U786 is not placed. (LGL-003)
Warning: Standard cell instance Modulation_system_cart/CSK_GEN/complex_exp_LUT/U787 is not placed. (LGL-003)
Warning: Standard cell instance Modulation_system_cart/CSK_GEN/complex_exp_LUT/U788 is not placed. (LGL-003)
Warning: Standard cell instance Modulation_system_cart/CSK_GEN/complex_exp_LUT/U789 is not placed. (LGL-003)
Warning: Standard cell instance Modulation_system_cart/CSK_GEN/complex_exp_LUT/U790 is not placed. (LGL-003)
Warning: Standard cell instance Modulation_system_cart/CSK_GEN/complex_exp_LUT/U791 is not placed. (LGL-003)
Warning: Standard cell instance Modulation_system_cart/CSK_GEN/complex_exp_LUT/U792 is not placed. (LGL-003)
Warning: Standard cell instance Modulation_system_cart/CSK_GEN/complex_exp_LUT/U793 is not placed. (LGL-003)
Warning: Standard cell instance Modulation_system_cart/CSK_GEN/complex_exp_LUT/U794 is not placed. (LGL-003)
Warning: Standard cell instance Modulation_system_cart/CSK_GEN/complex_exp_LUT/U795 is not placed. (LGL-003)
Warning: Standard cell instance Modulation_system_cart/CSK_GEN/complex_exp_LUT/U796 is not placed. (LGL-003)
Warning: Standard cell instance Modulation_system_cart/CSK_GEN/complex_exp_LUT/U797 is not placed. (LGL-003)
Warning: Standard cell instance Modulation_system_cart/CSK_GEN/complex_exp_LUT/U798 is not placed. (LGL-003)
Warning: Standard cell instance Modulation_system_cart/CSK_GEN/complex_exp_LUT/U799 is not placed. (LGL-003)
Warning: Standard cell instance Modulation_system_cart/CSK_GEN/complex_exp_LUT/U800 is not placed. (LGL-003)
Warning: Standard cell instance Modulation_system_cart/CSK_GEN/complex_exp_LUT/U801 is not placed. (LGL-003)
Warning: Standard cell instance Modulation_system_cart/CSK_GEN/complex_exp_LUT/U802 is not placed. (LGL-003)
Warning: Standard cell instance Modulation_system_cart/CSK_GEN/complex_exp_LUT/U803 is not placed. (LGL-003)
Warning: Standard cell instance Modulation_system_cart/CSK_GEN/complex_exp_LUT/U804 is not placed. (LGL-003)
Warning: Standard cell instance Modulation_system_cart/CSK_GEN/complex_exp_LUT/U805 is not placed. (LGL-003)
Warning: Standard cell instance Modulation_system_cart/CSK_GEN/complex_exp_LUT/U806 is not placed. (LGL-003)
Warning: Standard cell instance Modulation_system_cart/CSK_GEN/complex_exp_LUT/U807 is not placed. (LGL-003)
Warning: Standard cell instance Modulation_system_cart/CSK_GEN/complex_exp_LUT/U808 is not placed. (LGL-003)
Warning: Standard cell instance Modulation_system_cart/CSK_GEN/complex_exp_LUT/U809 is not placed. (LGL-003)
Warning: Standard cell instance Modulation_system_cart/CSK_GEN/complex_exp_LUT/U810 is not placed. (LGL-003)
Warning: Standard cell instance Modulation_system_cart/CSK_GEN/complex_exp_LUT/U811 is not placed. (LGL-003)
Warning: Standard cell instance Modulation_system_cart/CSK_GEN/complex_exp_LUT/U812 is not placed. (LGL-003)
Warning: Standard cell instance Modulation_system_cart/CSK_GEN/complex_exp_LUT/U813 is not placed. (LGL-003)
Warning: Standard cell instance Modulation_system_cart/CSK_GEN/complex_exp_LUT/U814 is not placed. (LGL-003)
Warning: Standard cell instance Modulation_system_cart/CSK_GEN/complex_exp_LUT/U815 is not placed. (LGL-003)
Warning: Standard cell instance Modulation_system_cart/CSK_GEN/complex_exp_LUT/U816 is not placed. (LGL-003)
Warning: Standard cell instance Modulation_system_cart/CSK_GEN/complex_exp_LUT/U817 is not placed. (LGL-003)
Warning: Standard cell instance Modulation_system_cart/CSK_GEN/complex_exp_LUT/U818 is not placed. (LGL-003)
Warning: Standard cell instance Modulation_system_cart/CSK_GEN/complex_exp_LUT/U819 is not placed. (LGL-003)
Warning: Standard cell instance Modulation_system_cart/CSK_GEN/complex_exp_LUT/U820 is not placed. (LGL-003)
Warning: Standard cell instance Modulation_system_cart/CSK_GEN/complex_exp_LUT/U821 is not placed. (LGL-003)
Warning: Standard cell instance Modulation_system_cart/CSK_GEN/complex_exp_LUT/U822 is not placed. (LGL-003)
Warning: Standard cell instance Modulation_system_cart/CSK_GEN/complex_exp_LUT/U823 is not placed. (LGL-003)
Warning: Standard cell instance Modulation_system_cart/CSK_GEN/complex_exp_LUT/U824 is not placed. (LGL-003)
Warning: Standard cell instance Modulation_system_cart/CSK_GEN/complex_exp_LUT/U825 is not placed. (LGL-003)
Warning: Standard cell instance Modulation_system_cart/CSK_GEN/complex_exp_LUT/U826 is not placed. (LGL-003)
Warning: Standard cell instance Modulation_system_cart/CSK_GEN/complex_exp_LUT/U827 is not placed. (LGL-003)
Warning: Standard cell instance Modulation_system_cart/CSK_GEN/complex_exp_LUT/U828 is not placed. (LGL-003)
Warning: Standard cell instance Modulation_system_cart/CSK_GEN/complex_exp_LUT/U829 is not placed. (LGL-003)
Warning: Standard cell instance Modulation_system_cart/CSK_GEN/complex_exp_LUT/U830 is not placed. (LGL-003)
Warning: Standard cell instance Modulation_system_cart/CSK_GEN/complex_exp_LUT/U831 is not placed. (LGL-003)
Warning: Standard cell instance Modulation_system_cart/CSK_GEN/complex_exp_LUT/U832 is not placed. (LGL-003)
Warning: Standard cell instance Modulation_system_cart/CSK_GEN/complex_exp_LUT/U833 is not placed. (LGL-003)
Warning: Standard cell instance Modulation_system_cart/CSK_GEN/complex_exp_LUT/U834 is not placed. (LGL-003)
Warning: Standard cell instance Modulation_system_cart/CSK_GEN/complex_exp_LUT/U835 is not placed. (LGL-003)
Warning: Standard cell instance Modulation_system_cart/CSK_GEN/complex_exp_LUT/U836 is not placed. (LGL-003)
Warning: Standard cell instance Modulation_system_cart/CSK_GEN/complex_exp_LUT/U837 is not placed. (LGL-003)
Warning: Standard cell instance Modulation_system_cart/CSK_GEN/complex_exp_LUT/U838 is not placed. (LGL-003)
Warning: Standard cell instance Modulation_system_cart/CSK_GEN/complex_exp_LUT/U839 is not placed. (LGL-003)
Warning: Standard cell instance Modulation_system_cart/CSK_GEN/complex_exp_LUT/U840 is not placed. (LGL-003)
Warning: Standard cell instance Modulation_system_cart/CSK_GEN/complex_exp_LUT/U841 is not placed. (LGL-003)
Warning: Standard cell instance Modulation_system_cart/CSK_GEN/complex_exp_LUT/U842 is not placed. (LGL-003)
Warning: Standard cell instance Modulation_system_cart/CSK_GEN/complex_exp_LUT/U843 is not placed. (LGL-003)
Warning: Standard cell instance Modulation_system_cart/CSK_GEN/complex_exp_LUT/U844 is not placed. (LGL-003)
Warning: Standard cell instance Modulation_system_cart/CSK_GEN/complex_exp_LUT/U845 is not placed. (LGL-003)
Warning: Standard cell instance Modulation_system_cart/CSK_GEN/complex_exp_LUT/U846 is not placed. (LGL-003)
Warning: Standard cell instance Modulation_system_cart/CSK_GEN/complex_exp_LUT/U847 is not placed. (LGL-003)
Warning: Standard cell instance Modulation_system_cart/CSK_GEN/complex_exp_LUT/U848 is not placed. (LGL-003)
Warning: Standard cell instance Modulation_system_cart/CSK_GEN/complex_exp_LUT/U849 is not placed. (LGL-003)
Warning: Standard cell instance Modulation_system_cart/CSK_GEN/complex_exp_LUT/U850 is not placed. (LGL-003)
Warning: Standard cell instance Modulation_system_cart/CSK_GEN/complex_exp_LUT/U851 is not placed. (LGL-003)
Warning: Standard cell instance Modulation_system_cart/CSK_GEN/complex_exp_LUT/U852 is not placed. (LGL-003)
Warning: Standard cell instance Modulation_system_cart/CSK_GEN/complex_exp_LUT/U853 is not placed. (LGL-003)
Warning: Standard cell instance Modulation_system_cart/CSK_GEN/complex_exp_LUT/U854 is not placed. (LGL-003)
Warning: Standard cell instance Modulation_system_cart/CSK_GEN/complex_exp_LUT/U855 is not placed. (LGL-003)
Warning: Standard cell instance Modulation_system_cart/CSK_GEN/complex_exp_LUT/U856 is not placed. (LGL-003)
Warning: Standard cell instance Modulation_system_cart/CSK_GEN/complex_exp_LUT/U857 is not placed. (LGL-003)
Warning: Standard cell instance Modulation_system_cart/CSK_GEN/complex_exp_LUT/U858 is not placed. (LGL-003)
Warning: Standard cell instance Modulation_system_cart/CSK_GEN/complex_exp_LUT/U859 is not placed. (LGL-003)
Warning: Standard cell instance Modulation_system_cart/CSK_GEN/complex_exp_LUT/U860 is not placed. (LGL-003)
Warning: Standard cell instance Modulation_system_cart/CSK_GEN/complex_exp_LUT/U861 is not placed. (LGL-003)
Warning: Standard cell instance Modulation_system_cart/CSK_GEN/complex_exp_LUT/U862 is not placed. (LGL-003)
Warning: Standard cell instance Modulation_system_cart/CSK_GEN/complex_exp_LUT/U863 is not placed. (LGL-003)
Warning: Standard cell instance Modulation_system_cart/CSK_GEN/complex_exp_LUT/U864 is not placed. (LGL-003)
Warning: Standard cell instance Modulation_system_cart/CSK_GEN/complex_exp_LUT/U865 is not placed. (LGL-003)
Warning: Standard cell instance Modulation_system_cart/CSK_GEN/complex_exp_LUT/U866 is not placed. (LGL-003)
Warning: Standard cell instance Modulation_system_cart/CSK_GEN/complex_exp_LUT/U867 is not placed. (LGL-003)
Warning: Standard cell instance Modulation_system_cart/CSK_GEN/complex_exp_LUT/U868 is not placed. (LGL-003)
Warning: Standard cell instance Modulation_system_cart/CSK_GEN/complex_exp_LUT/U869 is not placed. (LGL-003)
Warning: Standard cell instance Modulation_system_cart/CSK_GEN/complex_exp_LUT/U870 is not placed. (LGL-003)
Warning: Standard cell instance Modulation_system_cart/CSK_GEN/complex_exp_LUT/U871 is not placed. (LGL-003)
Warning: Standard cell instance Modulation_system_cart/CSK_GEN/complex_exp_LUT/U872 is not placed. (LGL-003)
Warning: Standard cell instance Modulation_system_cart/CSK_GEN/complex_exp_LUT/U873 is not placed. (LGL-003)
Warning: Standard cell instance Modulation_system_cart/CSK_GEN/complex_exp_LUT/U874 is not placed. (LGL-003)
Warning: Standard cell instance Modulation_system_cart/CSK_GEN/complex_exp_LUT/U875 is not placed. (LGL-003)
Warning: Standard cell instance Modulation_system_cart/CSK_GEN/complex_exp_LUT/U876 is not placed. (LGL-003)
Warning: Standard cell instance Modulation_system_cart/CSK_GEN/complex_exp_LUT/U877 is not placed. (LGL-003)
Warning: Standard cell instance Modulation_system_cart/CSK_GEN/complex_exp_LUT/U878 is not placed. (LGL-003)
Warning: Standard cell instance Modulation_system_cart/CSK_GEN/complex_exp_LUT/U879 is not placed. (LGL-003)
Warning: Standard cell instance Modulation_system_cart/CSK_GEN/complex_exp_LUT/U880 is not placed. (LGL-003)
Warning: Standard cell instance Modulation_system_cart/CSK_GEN/complex_exp_LUT/U881 is not placed. (LGL-003)
Warning: Standard cell instance Modulation_system_cart/CSK_GEN/complex_exp_LUT/U882 is not placed. (LGL-003)
Warning: Standard cell instance Modulation_system_cart/CSK_GEN/complex_exp_LUT/U883 is not placed. (LGL-003)
Warning: Standard cell instance Modulation_system_cart/CSK_GEN/complex_exp_LUT/U884 is not placed. (LGL-003)
Warning: Standard cell instance Modulation_system_cart/CSK_GEN/complex_exp_LUT/U885 is not placed. (LGL-003)
Warning: Standard cell instance Modulation_system_cart/CSK_GEN/complex_exp_LUT/U886 is not placed. (LGL-003)
Warning: Standard cell instance Modulation_system_cart/CSK_GEN/complex_exp_LUT/U887 is not placed. (LGL-003)
Warning: Standard cell instance Modulation_system_cart/CSK_GEN/complex_exp_LUT/U888 is not placed. (LGL-003)
Warning: Standard cell instance Modulation_system_cart/CSK_GEN/complex_exp_LUT/U889 is not placed. (LGL-003)
Warning: Standard cell instance Modulation_system_cart/CSK_GEN/complex_exp_LUT/U891 is not placed. (LGL-003)
Warning: Standard cell instance Modulation_system_cart/CSK_GEN/complex_exp_LUT/U893 is not placed. (LGL-003)
Warning: Standard cell instance Modulation_system_cart/CSK_GEN/complex_exp_LUT/U894 is not placed. (LGL-003)
Warning: Standard cell instance Modulation_system_cart/CSK_GEN/complex_exp_LUT/U895 is not placed. (LGL-003)
Warning: Standard cell instance Modulation_system_cart/CSK_GEN/complex_exp_LUT/U896 is not placed. (LGL-003)
Warning: Standard cell instance Modulation_system_cart/CSK_GEN/complex_exp_LUT/U898 is not placed. (LGL-003)
Warning: Standard cell instance Modulation_system_cart/CSK_GEN/complex_exp_LUT/U899 is not placed. (LGL-003)
Warning: Standard cell instance Modulation_system_cart/CSK_GEN/complex_exp_LUT/U902 is not placed. (LGL-003)
Warning: Standard cell instance Modulation_system_cart/CSK_GEN/complex_exp_LUT/U904 is not placed. (LGL-003)
Warning: Standard cell instance Modulation_system_cart/CSK_GEN/complex_exp_LUT/U905 is not placed. (LGL-003)
Warning: Standard cell instance Modulation_system_cart/CSK_GEN/complex_exp_LUT/U908 is not placed. (LGL-003)
Warning: Standard cell instance Modulation_system_cart/CSK_GEN/complex_exp_LUT/U910 is not placed. (LGL-003)
Warning: Standard cell instance Modulation_system_cart/CSK_GEN/complex_exp_LUT/U912 is not placed. (LGL-003)
Warning: Standard cell instance Modulation_system_cart/CSK_GEN/complex_exp_LUT/U913 is not placed. (LGL-003)
Warning: Standard cell instance Modulation_system_cart/CSK_GEN/complex_exp_LUT/U917 is not placed. (LGL-003)
Warning: Standard cell instance Modulation_system_cart/CSK_GEN/complex_exp_LUT/U920 is not placed. (LGL-003)
Warning: Standard cell instance Modulation_system_cart/CSK_GEN/complex_exp_LUT/U921 is not placed. (LGL-003)
Warning: Standard cell instance Modulation_system_cart/CSK_GEN/complex_exp_LUT/U922 is not placed. (LGL-003)
Warning: Standard cell instance Modulation_system_cart/CSK_GEN/complex_exp_LUT/U924 is not placed. (LGL-003)
Warning: Standard cell instance Modulation_system_cart/CSK_GEN/complex_exp_LUT/U926 is not placed. (LGL-003)
Warning: Standard cell instance Modulation_system_cart/CSK_GEN/complex_exp_LUT/U927 is not placed. (LGL-003)
Warning: Standard cell instance Modulation_system_cart/CSK_GEN/complex_exp_LUT/U928 is not placed. (LGL-003)
Warning: Standard cell instance Modulation_system_cart/CSK_GEN/complex_exp_LUT/U929 is not placed. (LGL-003)
Warning: Standard cell instance Modulation_system_cart/CSK_GEN/complex_exp_LUT/U932 is not placed. (LGL-003)
Warning: Standard cell instance Modulation_system_cart/CSK_GEN/complex_exp_LUT/U935 is not placed. (LGL-003)
Warning: Standard cell instance Modulation_system_cart/CSK_GEN/complex_exp_LUT/U938 is not placed. (LGL-003)
Warning: Standard cell instance Modulation_system_cart/CSK_GEN/complex_exp_LUT/U939 is not placed. (LGL-003)
Warning: Standard cell instance Modulation_system_cart/CSK_GEN/complex_exp_LUT/U941 is not placed. (LGL-003)
Warning: Standard cell instance Modulation_system_cart/CSK_GEN/complex_exp_LUT/U943 is not placed. (LGL-003)
Warning: Standard cell instance Modulation_system_cart/CSK_GEN/complex_exp_LUT/U944 is not placed. (LGL-003)
Warning: Standard cell instance Modulation_system_cart/CSK_GEN/complex_exp_LUT/U946 is not placed. (LGL-003)
Warning: Standard cell instance Modulation_system_cart/CSK_GEN/complex_exp_LUT/U950 is not placed. (LGL-003)
Warning: Standard cell instance Modulation_system_cart/CSK_GEN/complex_exp_LUT/U3 is not placed. (LGL-003)
Warning: Standard cell instance Modulation_system_cart/CSK_GEN/complex_exp_LUT/U4 is not placed. (LGL-003)
Warning: Standard cell instance Modulation_system_cart/CSK_GEN/complex_exp_LUT/U5 is not placed. (LGL-003)
Warning: Standard cell instance Modulation_system_cart/CSK_GEN/complex_exp_LUT/U6 is not placed. (LGL-003)
Warning: Standard cell instance Modulation_system_cart/CSK_GEN/complex_exp_LUT/U7 is not placed. (LGL-003)
Warning: Standard cell instance Modulation_system_cart/CSK_GEN/complex_exp_LUT/U8 is not placed. (LGL-003)
Warning: Standard cell instance Modulation_system_cart/CSK_GEN/complex_exp_LUT/U9 is not placed. (LGL-003)
Warning: Standard cell instance Modulation_system_cart/CSK_GEN/complex_exp_LUT/U10 is not placed. (LGL-003)
Warning: Standard cell instance Modulation_system_cart/CSK_GEN/complex_exp_LUT/U11 is not placed. (LGL-003)
Warning: Standard cell instance Modulation_system_cart/CSK_GEN/complex_exp_LUT/U12 is not placed. (LGL-003)
Warning: Standard cell instance Modulation_system_cart/CSK_GEN/complex_exp_LUT/U13 is not placed. (LGL-003)
Warning: Standard cell instance Modulation_system_cart/CSK_GEN/complex_exp_LUT/U14 is not placed. (LGL-003)
Warning: Standard cell instance Modulation_system_cart/CSK_GEN/complex_exp_LUT/U15 is not placed. (LGL-003)
Warning: Standard cell instance Modulation_system_cart/CSK_GEN/complex_exp_LUT/U16 is not placed. (LGL-003)
Warning: Standard cell instance Modulation_system_cart/CSK_GEN/complex_exp_LUT/U17 is not placed. (LGL-003)
Warning: Standard cell instance Modulation_system_cart/CSK_GEN/complex_exp_LUT/U18 is not placed. (LGL-003)
Warning: Standard cell instance Modulation_system_cart/CSK_GEN/complex_exp_LUT/U19 is not placed. (LGL-003)
Warning: Standard cell instance Modulation_system_cart/CSK_GEN/complex_exp_LUT/U20 is not placed. (LGL-003)
Warning: Standard cell instance Modulation_system_cart/CSK_GEN/complex_exp_LUT/U21 is not placed. (LGL-003)
Warning: Standard cell instance Modulation_system_cart/CSK_GEN/complex_exp_LUT/U22 is not placed. (LGL-003)
Warning: Standard cell instance Modulation_system_cart/CSK_GEN/complex_exp_LUT/U23 is not placed. (LGL-003)
Warning: Standard cell instance Modulation_system_cart/CSK_GEN/complex_exp_LUT/U24 is not placed. (LGL-003)
Warning: Standard cell instance Modulation_system_cart/CSK_GEN/complex_exp_LUT/U25 is not placed. (LGL-003)
Warning: Standard cell instance Modulation_system_cart/CSK_GEN/complex_exp_LUT/U26 is not placed. (LGL-003)
Warning: Standard cell instance Modulation_system_cart/CSK_GEN/complex_exp_LUT/U27 is not placed. (LGL-003)
Warning: Standard cell instance Modulation_system_cart/CSK_GEN/complex_exp_LUT/U28 is not placed. (LGL-003)
Warning: Standard cell instance Modulation_system_cart/CSK_GEN/complex_exp_LUT/U29 is not placed. (LGL-003)
Warning: Standard cell instance Modulation_system_cart/CSK_GEN/complex_exp_LUT/U30 is not placed. (LGL-003)
Warning: Standard cell instance Modulation_system_cart/CSK_GEN/complex_exp_LUT/U31 is not placed. (LGL-003)
Warning: Standard cell instance Modulation_system_cart/CSK_GEN/complex_exp_LUT/U32 is not placed. (LGL-003)
Warning: Standard cell instance Modulation_system_cart/CSK_GEN/complex_exp_LUT/U33 is not placed. (LGL-003)
Warning: Standard cell instance Modulation_system_cart/CSK_GEN/complex_exp_LUT/U34 is not placed. (LGL-003)
Warning: Standard cell instance Modulation_system_cart/CSK_GEN/complex_exp_LUT/U35 is not placed. (LGL-003)
Warning: Standard cell instance Modulation_system_cart/CSK_GEN/complex_exp_LUT/U36 is not placed. (LGL-003)
Warning: Standard cell instance Modulation_system_cart/CSK_GEN/complex_exp_LUT/U37 is not placed. (LGL-003)
Warning: Standard cell instance Modulation_system_cart/CSK_GEN/complex_exp_LUT/U38 is not placed. (LGL-003)
Warning: Standard cell instance Modulation_system_cart/CSK_GEN/complex_exp_LUT/U39 is not placed. (LGL-003)
Warning: Standard cell instance Modulation_system_cart/CSK_GEN/complex_exp_LUT/U40 is not placed. (LGL-003)
Warning: Standard cell instance Modulation_system_cart/CSK_GEN/complex_exp_LUT/U41 is not placed. (LGL-003)
Warning: Standard cell instance Modulation_system_cart/CSK_GEN/complex_exp_LUT/U42 is not placed. (LGL-003)
Warning: Standard cell instance Modulation_system_cart/CSK_GEN/complex_exp_LUT/U43 is not placed. (LGL-003)
Warning: Standard cell instance Modulation_system_cart/CSK_GEN/complex_exp_LUT/U44 is not placed. (LGL-003)
Warning: Standard cell instance Modulation_system_cart/CSK_GEN/complex_exp_LUT/U45 is not placed. (LGL-003)
Warning: Standard cell instance Modulation_system_cart/CSK_GEN/complex_exp_LUT/U46 is not placed. (LGL-003)
Warning: Standard cell instance Modulation_system_cart/CSK_GEN/complex_exp_LUT/U47 is not placed. (LGL-003)
Warning: Standard cell instance Modulation_system_cart/CSK_GEN/complex_exp_LUT/U48 is not placed. (LGL-003)
Warning: Standard cell instance Modulation_system_cart/CSK_GEN/complex_exp_LUT/U49 is not placed. (LGL-003)
Warning: Standard cell instance Modulation_system_cart/CSK_GEN/complex_exp_LUT/U50 is not placed. (LGL-003)
Warning: Standard cell instance Modulation_system_cart/CSK_GEN/complex_exp_LUT/U51 is not placed. (LGL-003)
Warning: Standard cell instance Modulation_system_cart/CSK_GEN/complex_exp_LUT/U52 is not placed. (LGL-003)
Warning: Standard cell instance Modulation_system_cart/CSK_GEN/complex_exp_LUT/U53 is not placed. (LGL-003)
Warning: Standard cell instance Modulation_system_cart/CSK_GEN/complex_exp_LUT/U54 is not placed. (LGL-003)
Warning: Standard cell instance Modulation_system_cart/CSK_GEN/complex_exp_LUT/U55 is not placed. (LGL-003)
Warning: Standard cell instance Modulation_system_cart/CSK_GEN/complex_exp_LUT/U56 is not placed. (LGL-003)
Warning: Standard cell instance Modulation_system_cart/CSK_GEN/complex_exp_LUT/U57 is not placed. (LGL-003)
Warning: Standard cell instance Modulation_system_cart/CSK_GEN/complex_exp_LUT/U58 is not placed. (LGL-003)
Warning: Standard cell instance Modulation_system_cart/CSK_GEN/complex_exp_LUT/U59 is not placed. (LGL-003)
Warning: Standard cell instance Modulation_system_cart/CSK_GEN/complex_exp_LUT/U60 is not placed. (LGL-003)
Warning: Standard cell instance Modulation_system_cart/CSK_GEN/complex_exp_LUT/U61 is not placed. (LGL-003)
Warning: Standard cell instance Modulation_system_cart/CSK_GEN/complex_exp_LUT/U62 is not placed. (LGL-003)
Warning: Standard cell instance Modulation_system_cart/CSK_GEN/complex_exp_LUT/U63 is not placed. (LGL-003)
Warning: Standard cell instance Modulation_system_cart/CSK_GEN/complex_exp_LUT/U64 is not placed. (LGL-003)
Warning: Standard cell instance Modulation_system_cart/CSK_GEN/complex_exp_LUT/U65 is not placed. (LGL-003)
Warning: Standard cell instance Modulation_system_cart/CSK_GEN/complex_exp_LUT/U66 is not placed. (LGL-003)
Warning: Standard cell instance Modulation_system_cart/CSK_GEN/complex_exp_LUT/U67 is not placed. (LGL-003)
Warning: Standard cell instance Modulation_system_cart/CSK_GEN/complex_exp_LUT/U68 is not placed. (LGL-003)
Warning: Standard cell instance Modulation_system_cart/CSK_GEN/complex_exp_LUT/U69 is not placed. (LGL-003)
Warning: Standard cell instance Modulation_system_cart/CSK_GEN/complex_exp_LUT/U70 is not placed. (LGL-003)
Warning: Standard cell instance Modulation_system_cart/CSK_GEN/complex_exp_LUT/U71 is not placed. (LGL-003)
Warning: Standard cell instance Modulation_system_cart/CSK_GEN/complex_exp_LUT/U72 is not placed. (LGL-003)
Warning: Standard cell instance Modulation_system_cart/CSK_GEN/complex_exp_LUT/U73 is not placed. (LGL-003)
Warning: Standard cell instance Modulation_system_cart/CSK_GEN/complex_exp_LUT/U74 is not placed. (LGL-003)
Warning: Standard cell instance Modulation_system_cart/CSK_GEN/complex_exp_LUT/U75 is not placed. (LGL-003)
Warning: Standard cell instance Modulation_system_cart/CSK_GEN/complex_exp_LUT/U76 is not placed. (LGL-003)
Warning: Standard cell instance Modulation_system_cart/CSK_GEN/complex_exp_LUT/U77 is not placed. (LGL-003)
Warning: Standard cell instance Modulation_system_cart/CSK_GEN/complex_exp_LUT/U78 is not placed. (LGL-003)
Warning: Standard cell instance Modulation_system_cart/CSK_GEN/complex_exp_LUT/U79 is not placed. (LGL-003)
Warning: Standard cell instance Modulation_system_cart/CSK_GEN/complex_exp_LUT/U80 is not placed. (LGL-003)
Warning: Standard cell instance Modulation_system_cart/CSK_GEN/complex_exp_LUT/U81 is not placed. (LGL-003)
Warning: Standard cell instance Modulation_system_cart/CSK_GEN/complex_exp_LUT/U82 is not placed. (LGL-003)
Warning: Standard cell instance Modulation_system_cart/CSK_GEN/complex_exp_LUT/U83 is not placed. (LGL-003)
Warning: Standard cell instance Modulation_system_cart/CSK_GEN/complex_exp_LUT/U84 is not placed. (LGL-003)
Warning: Standard cell instance Modulation_system_cart/CSK_GEN/complex_exp_LUT/U85 is not placed. (LGL-003)
Warning: Standard cell instance Modulation_system_cart/CSK_GEN/complex_exp_LUT/U86 is not placed. (LGL-003)
Warning: Standard cell instance Modulation_system_cart/CSK_GEN/complex_exp_LUT/U87 is not placed. (LGL-003)
Warning: Standard cell instance Modulation_system_cart/CSK_GEN/complex_exp_LUT/U88 is not placed. (LGL-003)
Warning: Standard cell instance Modulation_system_cart/CSK_GEN/complex_exp_LUT/U89 is not placed. (LGL-003)
Warning: Standard cell instance Modulation_system_cart/CSK_GEN/complex_exp_LUT/U90 is not placed. (LGL-003)
Warning: Standard cell instance Modulation_system_cart/CSK_GEN/complex_exp_LUT/U91 is not placed. (LGL-003)
Warning: Standard cell instance Modulation_system_cart/CSK_GEN/complex_exp_LUT/U92 is not placed. (LGL-003)
Warning: Standard cell instance Modulation_system_cart/CSK_GEN/complex_exp_LUT/U93 is not placed. (LGL-003)
Warning: Standard cell instance Modulation_system_cart/CSK_GEN/complex_exp_LUT/U94 is not placed. (LGL-003)
Warning: Standard cell instance Modulation_system_cart/CSK_GEN/complex_exp_LUT/U95 is not placed. (LGL-003)
Warning: Standard cell instance Modulation_system_cart/CSK_GEN/complex_exp_LUT/U96 is not placed. (LGL-003)
Warning: Standard cell instance Modulation_system_cart/CSK_GEN/complex_exp_LUT/U97 is not placed. (LGL-003)
Warning: Standard cell instance Modulation_system_cart/CSK_GEN/complex_exp_LUT/U98 is not placed. (LGL-003)
Warning: Standard cell instance Modulation_system_cart/CSK_GEN/complex_exp_LUT/U99 is not placed. (LGL-003)
Warning: Standard cell instance Modulation_system_cart/CSK_GEN/complex_exp_LUT/U100 is not placed. (LGL-003)
Warning: Standard cell instance Modulation_system_cart/CSK_GEN/complex_exp_LUT/U101 is not placed. (LGL-003)
Warning: Standard cell instance Modulation_system_cart/CSK_GEN/complex_exp_LUT/U102 is not placed. (LGL-003)
Warning: Standard cell instance Modulation_system_cart/CSK_GEN/complex_exp_LUT/U103 is not placed. (LGL-003)
Warning: Standard cell instance Modulation_system_cart/CSK_GEN/complex_exp_LUT/U104 is not placed. (LGL-003)
Warning: Standard cell instance Modulation_system_cart/CSK_GEN/complex_exp_LUT/U105 is not placed. (LGL-003)
Warning: Standard cell instance Modulation_system_cart/CSK_GEN/complex_exp_LUT/U106 is not placed. (LGL-003)
Warning: Standard cell instance Modulation_system_cart/CSK_GEN/complex_exp_LUT/U107 is not placed. (LGL-003)
Warning: Standard cell instance Modulation_system_cart/CSK_GEN/complex_exp_LUT/U108 is not placed. (LGL-003)
Warning: Standard cell instance Modulation_system_cart/CSK_GEN/complex_exp_LUT/U109 is not placed. (LGL-003)
Warning: Standard cell instance Modulation_system_cart/CSK_GEN/complex_exp_LUT/U110 is not placed. (LGL-003)
Warning: Standard cell instance Modulation_system_cart/CSK_GEN/complex_exp_LUT/U111 is not placed. (LGL-003)
Warning: Standard cell instance Modulation_system_cart/CSK_GEN/complex_exp_LUT/U112 is not placed. (LGL-003)
Warning: Standard cell instance Modulation_system_cart/CSK_GEN/complex_exp_LUT/U113 is not placed. (LGL-003)
Warning: Standard cell instance Modulation_system_cart/CSK_GEN/complex_exp_LUT/U114 is not placed. (LGL-003)
Warning: Standard cell instance Modulation_system_cart/CSK_GEN/complex_exp_LUT/U115 is not placed. (LGL-003)
Warning: Standard cell instance Modulation_system_cart/CSK_GEN/complex_exp_LUT/U116 is not placed. (LGL-003)
Warning: Standard cell instance Modulation_system_cart/CSK_GEN/complex_exp_LUT/U117 is not placed. (LGL-003)
Warning: Standard cell instance Modulation_system_cart/CSK_GEN/complex_exp_LUT/U118 is not placed. (LGL-003)
Warning: Standard cell instance Modulation_system_cart/CSK_GEN/complex_exp_LUT/U119 is not placed. (LGL-003)
Warning: Standard cell instance Modulation_system_cart/CSK_GEN/complex_exp_LUT/U120 is not placed. (LGL-003)
Warning: Standard cell instance Modulation_system_cart/CSK_GEN/complex_exp_LUT/U121 is not placed. (LGL-003)
Warning: Standard cell instance Modulation_system_cart/CSK_GEN/complex_exp_LUT/U122 is not placed. (LGL-003)
Warning: Standard cell instance Modulation_system_cart/CSK_GEN/complex_exp_LUT/U123 is not placed. (LGL-003)
Warning: Standard cell instance Modulation_system_cart/CSK_GEN/complex_exp_LUT/U124 is not placed. (LGL-003)
Warning: Standard cell instance Modulation_system_cart/CSK_GEN/complex_exp_LUT/U125 is not placed. (LGL-003)
Warning: Standard cell instance Modulation_system_cart/CSK_GEN/complex_exp_LUT/U126 is not placed. (LGL-003)
Warning: Standard cell instance Modulation_system_cart/CSK_GEN/complex_exp_LUT/U127 is not placed. (LGL-003)
Warning: Standard cell instance Modulation_system_cart/CSK_GEN/complex_exp_LUT/U128 is not placed. (LGL-003)
Warning: Standard cell instance Modulation_system_cart/CSK_GEN/complex_exp_LUT/U129 is not placed. (LGL-003)
Warning: Standard cell instance Modulation_system_cart/CSK_GEN/complex_exp_LUT/U130 is not placed. (LGL-003)
Warning: Standard cell instance Modulation_system_cart/CSK_GEN/complex_exp_LUT/U131 is not placed. (LGL-003)
Warning: Standard cell instance Modulation_system_cart/CSK_GEN/complex_exp_LUT/U132 is not placed. (LGL-003)
Warning: Standard cell instance Modulation_system_cart/CSK_GEN/complex_exp_LUT/U133 is not placed. (LGL-003)
Warning: Standard cell instance Modulation_system_cart/CSK_GEN/complex_exp_LUT/U134 is not placed. (LGL-003)
Warning: Standard cell instance Modulation_system_cart/CSK_GEN/complex_exp_LUT/U135 is not placed. (LGL-003)
Warning: Standard cell instance Modulation_system_cart/CSK_GEN/complex_exp_LUT/U136 is not placed. (LGL-003)
Warning: Standard cell instance Modulation_system_cart/CSK_GEN/complex_exp_LUT/U137 is not placed. (LGL-003)
Warning: Standard cell instance Modulation_system_cart/CSK_GEN/complex_exp_LUT/U138 is not placed. (LGL-003)
Warning: Standard cell instance Modulation_system_cart/CSK_GEN/complex_exp_LUT/U139 is not placed. (LGL-003)
Warning: Standard cell instance Modulation_system_cart/CSK_GEN/complex_exp_LUT/U140 is not placed. (LGL-003)
Warning: Standard cell instance Modulation_system_cart/CSK_GEN/complex_exp_LUT/U141 is not placed. (LGL-003)
Warning: Standard cell instance Modulation_system_cart/CSK_GEN/complex_exp_LUT/U142 is not placed. (LGL-003)
Warning: Standard cell instance Modulation_system_cart/CSK_GEN/complex_exp_LUT/U143 is not placed. (LGL-003)
Warning: Standard cell instance Modulation_system_cart/CSK_GEN/complex_exp_LUT/U144 is not placed. (LGL-003)
Warning: Standard cell instance Modulation_system_cart/CSK_GEN/complex_exp_LUT/U145 is not placed. (LGL-003)
Warning: Standard cell instance Modulation_system_cart/CSK_GEN/complex_exp_LUT/U146 is not placed. (LGL-003)
Warning: Standard cell instance Modulation_system_cart/CSK_GEN/complex_exp_LUT/U147 is not placed. (LGL-003)
Warning: Standard cell instance Modulation_system_cart/CSK_GEN/complex_exp_LUT/U148 is not placed. (LGL-003)
Warning: Standard cell instance Modulation_system_cart/CSK_GEN/complex_exp_LUT/U149 is not placed. (LGL-003)
Warning: Standard cell instance Modulation_system_cart/CSK_GEN/complex_exp_LUT/U150 is not placed. (LGL-003)
Warning: Standard cell instance Modulation_system_cart/CSK_GEN/complex_exp_LUT/U151 is not placed. (LGL-003)
Warning: Standard cell instance Modulation_system_cart/CSK_GEN/complex_exp_LUT/U152 is not placed. (LGL-003)
Warning: Standard cell instance Modulation_system_cart/CSK_GEN/complex_exp_LUT/U153 is not placed. (LGL-003)
Warning: Standard cell instance Modulation_system_cart/CSK_GEN/complex_exp_LUT/U154 is not placed. (LGL-003)
Warning: Standard cell instance Modulation_system_cart/CSK_GEN/complex_exp_LUT/U155 is not placed. (LGL-003)
Warning: Standard cell instance Modulation_system_cart/CSK_GEN/complex_exp_LUT/U156 is not placed. (LGL-003)
Warning: Standard cell instance Modulation_system_cart/CSK_GEN/complex_exp_LUT/U157 is not placed. (LGL-003)
Warning: Standard cell instance Modulation_system_cart/CSK_GEN/complex_exp_LUT/U158 is not placed. (LGL-003)
Warning: Standard cell instance Modulation_system_cart/CSK_GEN/complex_exp_LUT/U159 is not placed. (LGL-003)
Warning: Standard cell instance Modulation_system_cart/CSK_GEN/complex_exp_LUT/U160 is not placed. (LGL-003)
Warning: Standard cell instance Modulation_system_cart/CSK_GEN/complex_exp_LUT/U161 is not placed. (LGL-003)
Warning: Standard cell instance Modulation_system_cart/CSK_GEN/complex_exp_LUT/U162 is not placed. (LGL-003)
Warning: Standard cell instance Modulation_system_cart/CSK_GEN/complex_exp_LUT/U163 is not placed. (LGL-003)
Warning: Standard cell instance Modulation_system_cart/CSK_GEN/complex_exp_LUT/U164 is not placed. (LGL-003)
Warning: Standard cell instance Modulation_system_cart/CSK_GEN/complex_exp_LUT/U165 is not placed. (LGL-003)
Warning: Standard cell instance Modulation_system_cart/CSK_GEN/complex_exp_LUT/U166 is not placed. (LGL-003)
Warning: Standard cell instance Modulation_system_cart/CSK_GEN/complex_exp_LUT/U167 is not placed. (LGL-003)
Warning: Standard cell instance Modulation_system_cart/CSK_GEN/complex_exp_LUT/U168 is not placed. (LGL-003)
Warning: Standard cell instance Modulation_system_cart/CSK_GEN/complex_exp_LUT/U169 is not placed. (LGL-003)
Warning: Standard cell instance Modulation_system_cart/CSK_GEN/complex_exp_LUT/U170 is not placed. (LGL-003)
Warning: Standard cell instance Modulation_system_cart/CSK_GEN/complex_exp_LUT/U171 is not placed. (LGL-003)
Warning: Standard cell instance Modulation_system_cart/CSK_GEN/complex_exp_LUT/U172 is not placed. (LGL-003)
Warning: Standard cell instance Modulation_system_cart/CSK_GEN/complex_exp_LUT/U173 is not placed. (LGL-003)
Warning: Standard cell instance Modulation_system_cart/CSK_GEN/complex_exp_LUT/U174 is not placed. (LGL-003)
Warning: Standard cell instance Modulation_system_cart/CSK_GEN/complex_exp_LUT/U175 is not placed. (LGL-003)
Warning: Standard cell instance Modulation_system_cart/CSK_GEN/complex_exp_LUT/U176 is not placed. (LGL-003)
Warning: Standard cell instance Modulation_system_cart/CSK_GEN/complex_exp_LUT/U177 is not placed. (LGL-003)
Warning: Standard cell instance Modulation_system_cart/CSK_GEN/complex_exp_LUT/U178 is not placed. (LGL-003)
Warning: Standard cell instance Modulation_system_cart/CSK_GEN/complex_exp_LUT/U179 is not placed. (LGL-003)
Warning: Standard cell instance Modulation_system_cart/CSK_GEN/complex_exp_LUT/U180 is not placed. (LGL-003)
Warning: Standard cell instance Modulation_system_cart/CSK_GEN/complex_exp_LUT/U181 is not placed. (LGL-003)
Warning: Standard cell instance Modulation_system_cart/CSK_GEN/complex_exp_LUT/U182 is not placed. (LGL-003)
Warning: Standard cell instance Modulation_system_cart/CSK_GEN/complex_exp_LUT/U183 is not placed. (LGL-003)
Warning: Standard cell instance Modulation_system_cart/CSK_GEN/complex_exp_LUT/U184 is not placed. (LGL-003)
Warning: Standard cell instance Modulation_system_cart/CSK_GEN/complex_exp_LUT/U185 is not placed. (LGL-003)
Warning: Standard cell instance Modulation_system_cart/CSK_GEN/complex_exp_LUT/U186 is not placed. (LGL-003)
Warning: Standard cell instance Modulation_system_cart/CSK_GEN/complex_exp_LUT/U187 is not placed. (LGL-003)
Warning: Standard cell instance Modulation_system_cart/CSK_GEN/complex_exp_LUT/U188 is not placed. (LGL-003)
Warning: Standard cell instance Modulation_system_cart/CSK_GEN/complex_exp_LUT/U189 is not placed. (LGL-003)
Warning: Standard cell instance Modulation_system_cart/CSK_GEN/complex_exp_LUT/U190 is not placed. (LGL-003)
Warning: Standard cell instance Modulation_system_cart/CSK_GEN/complex_exp_LUT/U191 is not placed. (LGL-003)
Warning: Standard cell instance Modulation_system_cart/CSK_GEN/complex_exp_LUT/U192 is not placed. (LGL-003)
Warning: Standard cell instance Modulation_system_cart/CSK_GEN/complex_exp_LUT/U193 is not placed. (LGL-003)
Warning: Standard cell instance Modulation_system_cart/CSK_GEN/complex_exp_LUT/U194 is not placed. (LGL-003)
Warning: Standard cell instance Modulation_system_cart/CSK_GEN/complex_exp_LUT/U195 is not placed. (LGL-003)
Warning: Standard cell instance Modulation_system_cart/CSK_GEN/complex_exp_LUT/U196 is not placed. (LGL-003)
Warning: Standard cell instance Modulation_system_cart/CSK_GEN/complex_exp_LUT/U197 is not placed. (LGL-003)
Warning: Standard cell instance Modulation_system_cart/CSK_GEN/complex_exp_LUT/U198 is not placed. (LGL-003)
Warning: Standard cell instance Modulation_system_cart/CSK_GEN/complex_exp_LUT/U199 is not placed. (LGL-003)
Warning: Standard cell instance Modulation_system_cart/CSK_GEN/complex_exp_LUT/U200 is not placed. (LGL-003)
Warning: Standard cell instance Modulation_system_cart/CSK_GEN/complex_exp_LUT/U201 is not placed. (LGL-003)
Warning: Standard cell instance Modulation_system_cart/CSK_GEN/complex_exp_LUT/U202 is not placed. (LGL-003)
Warning: Standard cell instance Modulation_system_cart/CSK_GEN/complex_exp_LUT/U203 is not placed. (LGL-003)
Warning: Standard cell instance Modulation_system_cart/CSK_GEN/complex_exp_LUT/U204 is not placed. (LGL-003)
Warning: Standard cell instance Modulation_system_cart/CSK_GEN/complex_exp_LUT/U205 is not placed. (LGL-003)
Warning: Standard cell instance Modulation_system_cart/CSK_GEN/complex_exp_LUT/U206 is not placed. (LGL-003)
Warning: Standard cell instance Modulation_system_cart/CSK_GEN/complex_exp_LUT/U207 is not placed. (LGL-003)
Warning: Standard cell instance Modulation_system_cart/CSK_GEN/complex_exp_LUT/U208 is not placed. (LGL-003)
Warning: Standard cell instance Modulation_system_cart/CSK_GEN/complex_exp_LUT/U209 is not placed. (LGL-003)
Warning: Standard cell instance Modulation_system_cart/CSK_GEN/complex_exp_LUT/U210 is not placed. (LGL-003)
Warning: Standard cell instance Modulation_system_cart/CSK_GEN/complex_exp_LUT/U211 is not placed. (LGL-003)
Warning: Standard cell instance Modulation_system_cart/CSK_GEN/complex_exp_LUT/U212 is not placed. (LGL-003)
Warning: Standard cell instance Modulation_system_cart/CSK_GEN/complex_exp_LUT/U213 is not placed. (LGL-003)
Warning: Standard cell instance Modulation_system_cart/CSK_GEN/complex_exp_LUT/U214 is not placed. (LGL-003)
Warning: Standard cell instance Modulation_system_cart/CSK_GEN/complex_exp_LUT/U215 is not placed. (LGL-003)
Warning: Standard cell instance Modulation_system_cart/CSK_GEN/complex_exp_LUT/U216 is not placed. (LGL-003)
Warning: Standard cell instance Modulation_system_cart/CSK_GEN/complex_exp_LUT/U217 is not placed. (LGL-003)
Warning: Standard cell instance Modulation_system_cart/CSK_GEN/complex_exp_LUT/U218 is not placed. (LGL-003)
Warning: Standard cell instance Modulation_system_cart/CSK_GEN/complex_exp_LUT/U219 is not placed. (LGL-003)
Warning: Standard cell instance Modulation_system_cart/CSK_GEN/complex_exp_LUT/U220 is not placed. (LGL-003)
Warning: Standard cell instance Modulation_system_cart/CSK_GEN/complex_exp_LUT/U221 is not placed. (LGL-003)
Warning: Standard cell instance Modulation_system_cart/CSK_GEN/complex_exp_LUT/U222 is not placed. (LGL-003)
Warning: Standard cell instance Modulation_system_cart/CSK_GEN/complex_exp_LUT/U223 is not placed. (LGL-003)
Warning: Standard cell instance Modulation_system_cart/CSK_GEN/complex_exp_LUT/U224 is not placed. (LGL-003)
Warning: Standard cell instance Modulation_system_cart/CSK_GEN/complex_exp_LUT/U225 is not placed. (LGL-003)
Warning: Standard cell instance Modulation_system_cart/CSK_GEN/complex_exp_LUT/U226 is not placed. (LGL-003)
Warning: Standard cell instance Modulation_system_cart/CSK_GEN/complex_exp_LUT/U227 is not placed. (LGL-003)
Warning: Standard cell instance Modulation_system_cart/CSK_GEN/complex_exp_LUT/U228 is not placed. (LGL-003)
Warning: Standard cell instance Modulation_system_cart/CSK_GEN/complex_exp_LUT/U229 is not placed. (LGL-003)
Warning: Standard cell instance Modulation_system_cart/CSK_GEN/complex_exp_LUT/U230 is not placed. (LGL-003)
Warning: Standard cell instance Modulation_system_cart/CSK_GEN/complex_exp_LUT/U231 is not placed. (LGL-003)
Warning: Standard cell instance Modulation_system_cart/CSK_GEN/complex_exp_LUT/U232 is not placed. (LGL-003)
Warning: Standard cell instance Modulation_system_cart/CSK_GEN/complex_exp_LUT/U233 is not placed. (LGL-003)
Warning: Standard cell instance Modulation_system_cart/CSK_GEN/complex_exp_LUT/U234 is not placed. (LGL-003)
Warning: Standard cell instance Modulation_system_cart/CSK_GEN/complex_exp_LUT/U235 is not placed. (LGL-003)
Warning: Standard cell instance Modulation_system_cart/CSK_GEN/complex_exp_LUT/U236 is not placed. (LGL-003)
Warning: Standard cell instance Modulation_system_cart/CSK_GEN/complex_exp_LUT/U237 is not placed. (LGL-003)
Warning: Standard cell instance Modulation_system_cart/CSK_GEN/complex_exp_LUT/U238 is not placed. (LGL-003)
Warning: Standard cell instance Modulation_system_cart/CSK_GEN/complex_exp_LUT/U239 is not placed. (LGL-003)
Warning: Standard cell instance Modulation_system_cart/CSK_GEN/complex_exp_LUT/U240 is not placed. (LGL-003)
Warning: Standard cell instance Modulation_system_cart/CSK_GEN/complex_exp_LUT/U241 is not placed. (LGL-003)
Warning: Standard cell instance Modulation_system_cart/CSK_GEN/complex_exp_LUT/U242 is not placed. (LGL-003)
Warning: Standard cell instance Modulation_system_cart/CSK_GEN/complex_exp_LUT/U243 is not placed. (LGL-003)
Warning: Standard cell instance Modulation_system_cart/CSK_GEN/complex_exp_LUT/U244 is not placed. (LGL-003)
Warning: Standard cell instance Modulation_system_cart/CSK_GEN/complex_exp_LUT/U245 is not placed. (LGL-003)
Warning: Standard cell instance Modulation_system_cart/CSK_GEN/complex_exp_LUT/U246 is not placed. (LGL-003)
Warning: Standard cell instance Modulation_system_cart/CSK_GEN/complex_exp_LUT/U247 is not placed. (LGL-003)
Warning: Standard cell instance Modulation_system_cart/CSK_GEN/complex_exp_LUT/U248 is not placed. (LGL-003)
Warning: Standard cell instance Modulation_system_cart/CSK_GEN/complex_exp_LUT/U249 is not placed. (LGL-003)
Warning: Standard cell instance Modulation_system_cart/CSK_GEN/complex_exp_LUT/U250 is not placed. (LGL-003)
Warning: Standard cell instance Modulation_system_cart/CSK_GEN/complex_exp_LUT/U251 is not placed. (LGL-003)
Warning: Standard cell instance Modulation_system_cart/CSK_GEN/complex_exp_LUT/U252 is not placed. (LGL-003)
Warning: Standard cell instance Modulation_system_cart/CSK_GEN/complex_exp_LUT/U253 is not placed. (LGL-003)
Warning: Standard cell instance Modulation_system_cart/CSK_GEN/complex_exp_LUT/U254 is not placed. (LGL-003)
Warning: Standard cell instance Modulation_system_cart/CSK_GEN/complex_exp_LUT/U255 is not placed. (LGL-003)
Warning: Standard cell instance Modulation_system_cart/CSK_GEN/complex_exp_LUT/U256 is not placed. (LGL-003)
Warning: Standard cell instance Modulation_system_cart/CSK_GEN/complex_exp_LUT/U257 is not placed. (LGL-003)
Warning: Standard cell instance Modulation_system_cart/CSK_GEN/complex_exp_LUT/U258 is not placed. (LGL-003)
Warning: Standard cell instance Modulation_system_cart/CSK_GEN/complex_exp_LUT/U259 is not placed. (LGL-003)
Warning: Standard cell instance Modulation_system_cart/CSK_GEN/complex_exp_LUT/U260 is not placed. (LGL-003)
Warning: Standard cell instance Modulation_system_cart/CSK_GEN/complex_exp_LUT/U261 is not placed. (LGL-003)
Warning: Standard cell instance Modulation_system_cart/CSK_GEN/complex_exp_LUT/U262 is not placed. (LGL-003)
Warning: Standard cell instance Modulation_system_cart/CSK_GEN/complex_exp_LUT/U263 is not placed. (LGL-003)
Warning: Standard cell instance Modulation_system_cart/CSK_GEN/complex_exp_LUT/U264 is not placed. (LGL-003)
Warning: Standard cell instance Modulation_system_cart/CSK_GEN/complex_exp_LUT/U265 is not placed. (LGL-003)
Warning: Standard cell instance Modulation_system_cart/CSK_GEN/complex_exp_LUT/U266 is not placed. (LGL-003)
Warning: Standard cell instance Modulation_system_cart/CSK_GEN/complex_exp_LUT/U267 is not placed. (LGL-003)
Warning: Standard cell instance Modulation_system_cart/CSK_GEN/complex_exp_LUT/U268 is not placed. (LGL-003)
Warning: Standard cell instance Modulation_system_cart/CSK_GEN/complex_exp_LUT/U269 is not placed. (LGL-003)
Warning: Standard cell instance Modulation_system_cart/CSK_GEN/complex_exp_LUT/U270 is not placed. (LGL-003)
Warning: Standard cell instance Modulation_system_cart/CSK_GEN/complex_exp_LUT/U271 is not placed. (LGL-003)
Warning: Standard cell instance Modulation_system_cart/CSK_GEN/complex_exp_LUT/U272 is not placed. (LGL-003)
Warning: Standard cell instance Modulation_system_cart/CSK_GEN/complex_exp_LUT/U273 is not placed. (LGL-003)
Warning: Standard cell instance Modulation_system_cart/CSK_GEN/complex_exp_LUT/U274 is not placed. (LGL-003)
Warning: Standard cell instance Modulation_system_cart/CSK_GEN/complex_exp_LUT/U275 is not placed. (LGL-003)
Warning: Standard cell instance Modulation_system_cart/CSK_GEN/complex_exp_LUT/U276 is not placed. (LGL-003)
Warning: Standard cell instance Modulation_system_cart/CSK_GEN/complex_exp_LUT/U277 is not placed. (LGL-003)
Warning: Standard cell instance Modulation_system_cart/CSK_GEN/complex_exp_LUT/U278 is not placed. (LGL-003)
Warning: Standard cell instance Modulation_system_cart/CSK_GEN/complex_exp_LUT/U279 is not placed. (LGL-003)
Warning: Standard cell instance Modulation_system_cart/CSK_GEN/complex_exp_LUT/U280 is not placed. (LGL-003)
Warning: Standard cell instance Modulation_system_cart/CSK_GEN/complex_exp_LUT/U281 is not placed. (LGL-003)
Warning: Standard cell instance Modulation_system_cart/CSK_GEN/complex_exp_LUT/U282 is not placed. (LGL-003)
Warning: Standard cell instance Modulation_system_cart/CSK_GEN/complex_exp_LUT/U283 is not placed. (LGL-003)
Warning: Standard cell instance Modulation_system_cart/CSK_GEN/complex_exp_LUT/U284 is not placed. (LGL-003)
Warning: Standard cell instance Modulation_system_cart/CSK_GEN/complex_exp_LUT/U285 is not placed. (LGL-003)
Warning: Standard cell instance Modulation_system_cart/CSK_GEN/complex_exp_LUT/U286 is not placed. (LGL-003)
Warning: Standard cell instance Modulation_system_cart/CSK_GEN/complex_exp_LUT/U287 is not placed. (LGL-003)
Warning: Standard cell instance Modulation_system_cart/CSK_GEN/complex_exp_LUT/U288 is not placed. (LGL-003)
Warning: Standard cell instance Modulation_system_cart/CSK_GEN/complex_exp_LUT/U289 is not placed. (LGL-003)
Warning: Standard cell instance Modulation_system_cart/CSK_GEN/complex_exp_LUT/U290 is not placed. (LGL-003)
Warning: Standard cell instance Modulation_system_cart/CSK_GEN/complex_exp_LUT/U291 is not placed. (LGL-003)
Warning: Standard cell instance Modulation_system_cart/CSK_GEN/complex_exp_LUT/U292 is not placed. (LGL-003)
Warning: Standard cell instance Modulation_system_cart/CSK_GEN/complex_exp_LUT/U293 is not placed. (LGL-003)
Warning: Standard cell instance Modulation_system_cart/CSK_GEN/complex_exp_LUT/U294 is not placed. (LGL-003)
Warning: Standard cell instance Modulation_system_cart/CSK_GEN/complex_exp_LUT/U295 is not placed. (LGL-003)
Warning: Standard cell instance Modulation_system_cart/CSK_GEN/complex_exp_LUT/U296 is not placed. (LGL-003)
Warning: Standard cell instance Modulation_system_cart/CSK_GEN/complex_exp_LUT/U297 is not placed. (LGL-003)
Warning: Standard cell instance Modulation_system_cart/CSK_GEN/complex_exp_LUT/U298 is not placed. (LGL-003)
Warning: Standard cell instance Modulation_system_cart/CSK_GEN/complex_exp_LUT/U299 is not placed. (LGL-003)
Warning: Standard cell instance Modulation_system_cart/CSK_GEN/complex_exp_LUT/U300 is not placed. (LGL-003)
Warning: Standard cell instance Modulation_system_cart/CSK_GEN/complex_exp_LUT/U301 is not placed. (LGL-003)
Warning: Standard cell instance Modulation_system_cart/CSK_GEN/complex_exp_LUT/U302 is not placed. (LGL-003)
Warning: Standard cell instance Modulation_system_cart/CSK_GEN/complex_exp_LUT/U303 is not placed. (LGL-003)
Warning: Standard cell instance Modulation_system_cart/CSK_GEN/complex_exp_LUT/U304 is not placed. (LGL-003)
Warning: Standard cell instance Modulation_system_cart/CSK_GEN/complex_exp_LUT/U305 is not placed. (LGL-003)
Warning: Standard cell instance Modulation_system_cart/CSK_GEN/complex_exp_LUT/U306 is not placed. (LGL-003)
Warning: Standard cell instance Modulation_system_cart/CSK_GEN/complex_exp_LUT/U307 is not placed. (LGL-003)
Warning: Standard cell instance Modulation_system_cart/CSK_GEN/complex_exp_LUT/U308 is not placed. (LGL-003)
Warning: Standard cell instance Modulation_system_cart/CSK_GEN/complex_exp_LUT/U309 is not placed. (LGL-003)
Warning: Standard cell instance Modulation_system_cart/CSK_GEN/complex_exp_LUT/U310 is not placed. (LGL-003)
Warning: Standard cell instance Modulation_system_cart/CSK_GEN/complex_exp_LUT/U311 is not placed. (LGL-003)
Warning: Standard cell instance Modulation_system_cart/CSK_GEN/complex_exp_LUT/U312 is not placed. (LGL-003)
Warning: Standard cell instance Modulation_system_cart/CSK_GEN/complex_exp_LUT/U313 is not placed. (LGL-003)
Warning: Standard cell instance Modulation_system_cart/CSK_GEN/complex_exp_LUT/U314 is not placed. (LGL-003)
Warning: Standard cell instance Modulation_system_cart/CSK_GEN/complex_exp_LUT/U315 is not placed. (LGL-003)
Warning: Standard cell instance Modulation_system_cart/CSK_GEN/complex_exp_LUT/U316 is not placed. (LGL-003)
Warning: Standard cell instance Modulation_system_cart/CSK_GEN/complex_exp_LUT/U317 is not placed. (LGL-003)
Warning: Standard cell instance Modulation_system_cart/CSK_GEN/complex_exp_LUT/U318 is not placed. (LGL-003)
Warning: Standard cell instance Modulation_system_cart/CSK_GEN/complex_exp_LUT/U319 is not placed. (LGL-003)
Warning: Standard cell instance Modulation_system_cart/CSK_GEN/complex_exp_LUT/U320 is not placed. (LGL-003)
Warning: Standard cell instance Modulation_system_cart/CSK_GEN/complex_exp_LUT/U321 is not placed. (LGL-003)
Warning: Standard cell instance Modulation_system_cart/CSK_GEN/complex_exp_LUT/U322 is not placed. (LGL-003)
Warning: Standard cell instance Modulation_system_cart/CSK_GEN/complex_exp_LUT/U323 is not placed. (LGL-003)
Warning: Standard cell instance Modulation_system_cart/CSK_GEN/complex_exp_LUT/U324 is not placed. (LGL-003)
Warning: Standard cell instance Modulation_system_cart/CSK_GEN/complex_exp_LUT/U325 is not placed. (LGL-003)
Warning: Standard cell instance Modulation_system_cart/CSK_GEN/complex_exp_LUT/U326 is not placed. (LGL-003)
Warning: Standard cell instance Modulation_system_cart/CSK_GEN/complex_exp_LUT/U327 is not placed. (LGL-003)
Warning: Standard cell instance Modulation_system_cart/CSK_GEN/complex_exp_LUT/U328 is not placed. (LGL-003)
Warning: Standard cell instance Modulation_system_cart/CSK_GEN/complex_exp_LUT/U329 is not placed. (LGL-003)
Warning: Standard cell instance Modulation_system_cart/CSK_GEN/complex_exp_LUT/U330 is not placed. (LGL-003)
Warning: Standard cell instance Modulation_system_cart/CSK_GEN/complex_exp_LUT/U331 is not placed. (LGL-003)
Warning: Standard cell instance Modulation_system_cart/CSK_GEN/complex_exp_LUT/U332 is not placed. (LGL-003)
Warning: Standard cell instance Modulation_system_cart/CSK_GEN/complex_exp_LUT/U333 is not placed. (LGL-003)
Warning: Standard cell instance Modulation_system_cart/CSK_GEN/complex_exp_LUT/U334 is not placed. (LGL-003)
Warning: Standard cell instance Modulation_system_cart/CSK_GEN/complex_exp_LUT/U335 is not placed. (LGL-003)
Warning: Standard cell instance Modulation_system_cart/CSK_GEN/complex_exp_LUT/U336 is not placed. (LGL-003)
Warning: Standard cell instance Modulation_system_cart/CSK_GEN/complex_exp_LUT/U337 is not placed. (LGL-003)
Warning: Standard cell instance Modulation_system_cart/CSK_GEN/complex_exp_LUT/U338 is not placed. (LGL-003)
Warning: Standard cell instance Modulation_system_cart/CSK_GEN/complex_exp_LUT/U339 is not placed. (LGL-003)
Warning: Standard cell instance Modulation_system_cart/CSK_GEN/complex_exp_LUT/U340 is not placed. (LGL-003)
Warning: Standard cell instance Modulation_system_cart/CSK_GEN/complex_exp_LUT/U341 is not placed. (LGL-003)
Warning: Standard cell instance Modulation_system_cart/CSK_GEN/complex_exp_LUT/U342 is not placed. (LGL-003)
Warning: Standard cell instance Modulation_system_cart/CSK_GEN/complex_exp_LUT/U343 is not placed. (LGL-003)
Warning: Standard cell instance Modulation_system_cart/CSK_GEN/complex_exp_LUT/U344 is not placed. (LGL-003)
Warning: Standard cell instance Modulation_system_cart/CSK_GEN/complex_exp_LUT/U345 is not placed. (LGL-003)
Warning: Standard cell instance Modulation_system_cart/CSK_GEN/complex_exp_LUT/U346 is not placed. (LGL-003)
Warning: Standard cell instance Modulation_system_cart/CSK_GEN/complex_exp_LUT/U347 is not placed. (LGL-003)
Warning: Standard cell instance Modulation_system_cart/CSK_GEN/complex_exp_LUT/U348 is not placed. (LGL-003)
Warning: Standard cell instance Modulation_system_cart/CSK_GEN/complex_exp_LUT/U349 is not placed. (LGL-003)
Warning: Standard cell instance Modulation_system_cart/CSK_GEN/complex_exp_LUT/U350 is not placed. (LGL-003)
Warning: Standard cell instance Modulation_system_cart/CSK_GEN/complex_exp_LUT/U351 is not placed. (LGL-003)
Warning: Standard cell instance Modulation_system_cart/CSK_GEN/complex_exp_LUT/U352 is not placed. (LGL-003)
Warning: Standard cell instance Modulation_system_cart/CSK_GEN/complex_exp_LUT/U353 is not placed. (LGL-003)
Warning: Standard cell instance Modulation_system_cart/CSK_GEN/complex_exp_LUT/U354 is not placed. (LGL-003)
Warning: Standard cell instance Modulation_system_cart/CSK_GEN/complex_exp_LUT/U355 is not placed. (LGL-003)
Warning: Standard cell instance Modulation_system_cart/CSK_GEN/complex_exp_LUT/U356 is not placed. (LGL-003)
Warning: Standard cell instance Modulation_system_cart/CSK_GEN/complex_exp_LUT/U357 is not placed. (LGL-003)
Warning: Standard cell instance Modulation_system_cart/CSK_GEN/complex_exp_LUT/U358 is not placed. (LGL-003)
Warning: Standard cell instance Modulation_system_cart/CSK_GEN/complex_exp_LUT/U359 is not placed. (LGL-003)
Warning: Standard cell instance Modulation_system_cart/CSK_GEN/complex_exp_LUT/U360 is not placed. (LGL-003)
Warning: Standard cell instance Modulation_system_cart/CSK_GEN/complex_exp_LUT/U361 is not placed. (LGL-003)
Warning: Standard cell instance Modulation_system_cart/CSK_GEN/complex_exp_LUT/U362 is not placed. (LGL-003)
Warning: Standard cell instance Modulation_system_cart/CSK_GEN/complex_exp_LUT/U363 is not placed. (LGL-003)
Warning: Standard cell instance Modulation_system_cart/CSK_GEN/complex_exp_LUT/U364 is not placed. (LGL-003)
Warning: Standard cell instance Modulation_system_cart/CSK_GEN/complex_exp_LUT/U365 is not placed. (LGL-003)
Warning: Standard cell instance Modulation_system_cart/CSK_GEN/complex_exp_LUT/U366 is not placed. (LGL-003)
Warning: Standard cell instance Modulation_system_cart/CSK_GEN/complex_exp_LUT/U367 is not placed. (LGL-003)
Warning: Standard cell instance Modulation_system_cart/CSK_GEN/complex_exp_LUT/U368 is not placed. (LGL-003)
Warning: Standard cell instance Modulation_system_cart/CSK_GEN/complex_exp_LUT/U369 is not placed. (LGL-003)
Warning: Standard cell instance Modulation_system_cart/CSK_GEN/complex_exp_LUT/U370 is not placed. (LGL-003)
Warning: Standard cell instance Modulation_system_cart/CSK_GEN/complex_exp_LUT/U371 is not placed. (LGL-003)
Warning: Standard cell instance Modulation_system_cart/CSK_GEN/complex_exp_LUT/U372 is not placed. (LGL-003)
Warning: Standard cell instance Modulation_system_cart/CSK_GEN/complex_exp_LUT/U373 is not placed. (LGL-003)
Warning: Standard cell instance Modulation_system_cart/CSK_GEN/complex_exp_LUT/U374 is not placed. (LGL-003)
Warning: Standard cell instance Modulation_system_cart/CSK_GEN/complex_exp_LUT/U375 is not placed. (LGL-003)
Warning: Standard cell instance Modulation_system_cart/CSK_GEN/complex_exp_LUT/U376 is not placed. (LGL-003)
Warning: Standard cell instance Modulation_system_cart/CSK_GEN/complex_exp_LUT/U377 is not placed. (LGL-003)
Warning: Standard cell instance Modulation_system_cart/CSK_GEN/complex_exp_LUT/U378 is not placed. (LGL-003)
Warning: Standard cell instance Modulation_system_cart/CSK_GEN/complex_exp_LUT/U379 is not placed. (LGL-003)
Warning: Standard cell instance Modulation_system_cart/CSK_GEN/complex_exp_LUT/U380 is not placed. (LGL-003)
Warning: Standard cell instance Modulation_system_cart/CSK_GEN/complex_exp_LUT/U381 is not placed. (LGL-003)
Warning: Standard cell instance Modulation_system_cart/CSK_GEN/complex_exp_LUT/U382 is not placed. (LGL-003)
Warning: Standard cell instance Modulation_system_cart/CSK_GEN/complex_exp_LUT/U383 is not placed. (LGL-003)
Warning: Standard cell instance Modulation_system_cart/CSK_GEN/complex_exp_LUT/U384 is not placed. (LGL-003)
Warning: Standard cell instance Modulation_system_cart/CSK_GEN/complex_exp_LUT/U385 is not placed. (LGL-003)
Warning: Standard cell instance Modulation_system_cart/CSK_GEN/complex_exp_LUT/U386 is not placed. (LGL-003)
Warning: Standard cell instance Modulation_system_cart/CSK_GEN/complex_exp_LUT/U387 is not placed. (LGL-003)
Warning: Standard cell instance Modulation_system_cart/CSK_GEN/complex_exp_LUT/U388 is not placed. (LGL-003)
Warning: Standard cell instance Modulation_system_cart/CSK_GEN/complex_exp_LUT/U389 is not placed. (LGL-003)
Warning: Standard cell instance Modulation_system_cart/CSK_GEN/complex_exp_LUT/U390 is not placed. (LGL-003)
Warning: Standard cell instance Modulation_system_cart/CSK_GEN/complex_exp_LUT/U391 is not placed. (LGL-003)
Warning: Standard cell instance Modulation_system_cart/CSK_GEN/complex_exp_LUT/U392 is not placed. (LGL-003)
Warning: Standard cell instance Modulation_system_cart/CSK_GEN/complex_exp_LUT/U393 is not placed. (LGL-003)
Warning: Standard cell instance Modulation_system_cart/CSK_GEN/complex_exp_LUT/U394 is not placed. (LGL-003)
Warning: Standard cell instance Modulation_system_cart/CSK_GEN/complex_exp_LUT/U395 is not placed. (LGL-003)
Warning: Standard cell instance Modulation_system_cart/CSK_GEN/complex_exp_LUT/U396 is not placed. (LGL-003)
Warning: Standard cell instance Modulation_system_cart/CSK_GEN/complex_exp_LUT/U397 is not placed. (LGL-003)
Warning: Standard cell instance Modulation_system_cart/CSK_GEN/complex_exp_LUT/U398 is not placed. (LGL-003)
Warning: Standard cell instance Modulation_system_cart/CSK_GEN/complex_exp_LUT/U399 is not placed. (LGL-003)
Warning: Standard cell instance Modulation_system_cart/CSK_GEN/complex_exp_LUT/U400 is not placed. (LGL-003)
Warning: Standard cell instance Modulation_system_cart/CSK_GEN/complex_exp_LUT/U401 is not placed. (LGL-003)
Warning: Standard cell instance Modulation_system_cart/CSK_GEN/complex_exp_LUT/U402 is not placed. (LGL-003)
Warning: Standard cell instance Modulation_system_cart/CSK_GEN/complex_exp_LUT/U403 is not placed. (LGL-003)
Warning: Standard cell instance Modulation_system_cart/CSK_GEN/complex_exp_LUT/U404 is not placed. (LGL-003)
Warning: Standard cell instance Modulation_system_cart/CSK_GEN/complex_exp_LUT/U405 is not placed. (LGL-003)
Warning: Standard cell instance Modulation_system_cart/CSK_GEN/complex_exp_LUT/U406 is not placed. (LGL-003)
Warning: Standard cell instance Modulation_system_cart/CSK_GEN/complex_exp_LUT/U407 is not placed. (LGL-003)
Warning: Standard cell instance Modulation_system_cart/CSK_GEN/complex_exp_LUT/U408 is not placed. (LGL-003)
Warning: Standard cell instance Modulation_system_cart/CSK_GEN/complex_exp_LUT/U409 is not placed. (LGL-003)
Warning: Standard cell instance Modulation_system_cart/CSK_GEN/complex_exp_LUT/U410 is not placed. (LGL-003)
Warning: Standard cell instance Modulation_system_cart/CSK_GEN/complex_exp_LUT/U411 is not placed. (LGL-003)
Warning: Standard cell instance Modulation_system_cart/CSK_GEN/complex_exp_LUT/U412 is not placed. (LGL-003)
Warning: Standard cell instance Modulation_system_cart/CSK_GEN/complex_exp_LUT/U413 is not placed. (LGL-003)
Warning: Standard cell instance Modulation_system_cart/CSK_GEN/complex_exp_LUT/U414 is not placed. (LGL-003)
Warning: Standard cell instance Modulation_system_cart/CSK_GEN/complex_exp_LUT/U415 is not placed. (LGL-003)
Warning: Standard cell instance Modulation_system_cart/CSK_GEN/complex_exp_LUT/U416 is not placed. (LGL-003)
Warning: Standard cell instance Modulation_system_cart/CSK_GEN/complex_exp_LUT/U417 is not placed. (LGL-003)
Warning: Standard cell instance Modulation_system_cart/CSK_GEN/complex_exp_LUT/U418 is not placed. (LGL-003)
Warning: Standard cell instance Modulation_system_cart/CSK_GEN/complex_exp_LUT/U419 is not placed. (LGL-003)
Warning: Standard cell instance Modulation_system_cart/CSK_GEN/complex_exp_LUT/U420 is not placed. (LGL-003)
Warning: Standard cell instance Modulation_system_cart/CSK_GEN/complex_exp_LUT/U421 is not placed. (LGL-003)
Warning: Standard cell instance Modulation_system_cart/CSK_GEN/complex_exp_LUT/U422 is not placed. (LGL-003)
Warning: Standard cell instance Modulation_system_cart/CSK_GEN/complex_exp_LUT/U423 is not placed. (LGL-003)
Warning: Standard cell instance Modulation_system_cart/CSK_GEN/complex_exp_LUT/U424 is not placed. (LGL-003)
Warning: Standard cell instance Modulation_system_cart/CSK_GEN/complex_exp_LUT/U425 is not placed. (LGL-003)
Warning: Standard cell instance Modulation_system_cart/CSK_GEN/complex_exp_LUT/U426 is not placed. (LGL-003)
Warning: Standard cell instance Modulation_system_cart/CSK_GEN/complex_exp_LUT/U427 is not placed. (LGL-003)
Warning: Standard cell instance Modulation_system_cart/CSK_GEN/complex_exp_LUT/U428 is not placed. (LGL-003)
Warning: Standard cell instance Modulation_system_cart/CSK_GEN/complex_exp_LUT/U429 is not placed. (LGL-003)
Warning: Standard cell instance Modulation_system_cart/CSK_GEN/complex_exp_LUT/U430 is not placed. (LGL-003)
Warning: Standard cell instance Modulation_system_cart/CSK_GEN/complex_exp_LUT/U431 is not placed. (LGL-003)
Warning: Standard cell instance Modulation_system_cart/CSK_GEN/complex_exp_LUT/U432 is not placed. (LGL-003)
Warning: Standard cell instance Modulation_system_cart/CSK_GEN/complex_exp_LUT/U433 is not placed. (LGL-003)
Warning: Standard cell instance Modulation_system_cart/CSK_GEN/complex_exp_LUT/U434 is not placed. (LGL-003)
Warning: Standard cell instance Modulation_system_cart/CSK_GEN/complex_exp_LUT/U435 is not placed. (LGL-003)
Warning: Standard cell instance Modulation_system_cart/CSK_GEN/complex_exp_LUT/U436 is not placed. (LGL-003)
Warning: Standard cell instance Modulation_system_cart/CSK_GEN/complex_exp_LUT/U437 is not placed. (LGL-003)
Warning: Standard cell instance Modulation_system_cart/CSK_GEN/complex_exp_LUT/U438 is not placed. (LGL-003)
Warning: Standard cell instance Modulation_system_cart/CSK_GEN/complex_exp_LUT/U439 is not placed. (LGL-003)
Warning: Standard cell instance Modulation_system_cart/CSK_GEN/complex_exp_LUT/U440 is not placed. (LGL-003)
Warning: Standard cell instance Modulation_system_cart/CSK_GEN/complex_exp_LUT/U441 is not placed. (LGL-003)
Warning: Standard cell instance Modulation_system_cart/CSK_GEN/complex_exp_LUT/U442 is not placed. (LGL-003)
Warning: Standard cell instance Modulation_system_cart/CSK_GEN/complex_exp_LUT/U443 is not placed. (LGL-003)
Warning: Standard cell instance Modulation_system_cart/CSK_GEN/complex_exp_LUT/U444 is not placed. (LGL-003)
Warning: Standard cell instance Modulation_system_cart/CSK_GEN/complex_exp_LUT/U445 is not placed. (LGL-003)
Warning: Standard cell instance Modulation_system_cart/CSK_GEN/complex_exp_LUT/U446 is not placed. (LGL-003)
Warning: Standard cell instance Modulation_system_cart/CSK_GEN/complex_exp_LUT/U447 is not placed. (LGL-003)
Warning: Standard cell instance Modulation_system_cart/CSK_GEN/complex_exp_LUT/U448 is not placed. (LGL-003)
Warning: Standard cell instance Modulation_system_cart/CSK_GEN/complex_exp_LUT/U449 is not placed. (LGL-003)
Warning: Standard cell instance Modulation_system_cart/CSK_GEN/complex_exp_LUT/U450 is not placed. (LGL-003)
Warning: Standard cell instance Modulation_system_cart/CSK_GEN/complex_exp_LUT/U451 is not placed. (LGL-003)
Warning: Standard cell instance Modulation_system_cart/CSK_GEN/complex_exp_LUT/U452 is not placed. (LGL-003)
Warning: Standard cell instance Modulation_system_cart/CSK_GEN/complex_exp_LUT/U453 is not placed. (LGL-003)
Warning: Standard cell instance Modulation_system_cart/CSK_GEN/complex_exp_LUT/U454 is not placed. (LGL-003)
Warning: Standard cell instance Modulation_system_cart/CSK_GEN/complex_exp_LUT/U455 is not placed. (LGL-003)
Warning: Standard cell instance Modulation_system_cart/CSK_GEN/complex_exp_LUT/U456 is not placed. (LGL-003)
Warning: Standard cell instance Modulation_system_cart/CSK_GEN/complex_exp_LUT/U457 is not placed. (LGL-003)
Warning: Standard cell instance Modulation_system_cart/CSK_GEN/complex_exp_LUT/U458 is not placed. (LGL-003)
Warning: Standard cell instance Modulation_system_cart/CSK_GEN/complex_exp_LUT/U459 is not placed. (LGL-003)
Warning: Standard cell instance Modulation_system_cart/CSK_GEN/complex_exp_LUT/U460 is not placed. (LGL-003)
Warning: Standard cell instance Modulation_system_cart/CSK_GEN/complex_exp_LUT/U461 is not placed. (LGL-003)
Warning: Standard cell instance Modulation_system_cart/CSK_GEN/complex_exp_LUT/U462 is not placed. (LGL-003)
Warning: Standard cell instance Modulation_system_cart/CSK_GEN/complex_exp_LUT/U463 is not placed. (LGL-003)
Warning: Standard cell instance Modulation_system_cart/CSK_GEN/complex_exp_LUT/U464 is not placed. (LGL-003)
Warning: Standard cell instance Modulation_system_cart/CSK_GEN/complex_exp_LUT/U465 is not placed. (LGL-003)
Warning: Standard cell instance Modulation_system_cart/CSK_GEN/complex_exp_LUT/U466 is not placed. (LGL-003)
Warning: Standard cell instance Modulation_system_cart/CSK_GEN/complex_exp_LUT/U467 is not placed. (LGL-003)
Warning: Standard cell instance Modulation_system_cart/CSK_GEN/complex_exp_LUT/U468 is not placed. (LGL-003)
Warning: Standard cell instance Modulation_system_cart/CSK_GEN/complex_exp_LUT/U469 is not placed. (LGL-003)
Warning: Standard cell instance Modulation_system_cart/CSK_GEN/complex_exp_LUT/U470 is not placed. (LGL-003)
Warning: Standard cell instance Modulation_system_cart/CSK_GEN/complex_exp_LUT/U471 is not placed. (LGL-003)
Warning: Standard cell instance Modulation_system_cart/CSK_GEN/complex_exp_LUT/U472 is not placed. (LGL-003)
Warning: Standard cell instance Modulation_system_cart/CSK_GEN/complex_exp_LUT/U473 is not placed. (LGL-003)
Warning: Standard cell instance Modulation_system_cart/CSK_GEN/complex_exp_LUT/U474 is not placed. (LGL-003)
Warning: Standard cell instance Modulation_system_cart/CSK_GEN/complex_exp_LUT/U475 is not placed. (LGL-003)
Warning: Standard cell instance Modulation_system_cart/CSK_GEN/complex_exp_LUT/U476 is not placed. (LGL-003)
Warning: Standard cell instance Modulation_system_cart/CSK_GEN/complex_exp_LUT/U477 is not placed. (LGL-003)
Warning: Standard cell instance Modulation_system_cart/CSK_GEN/complex_exp_LUT/U478 is not placed. (LGL-003)
Warning: Standard cell instance Modulation_system_cart/CSK_GEN/complex_exp_LUT/U479 is not placed. (LGL-003)
Warning: Standard cell instance Modulation_system_cart/CSK_GEN/complex_exp_LUT/U480 is not placed. (LGL-003)
Warning: Standard cell instance Modulation_system_cart/CSK_GEN/complex_exp_LUT/U481 is not placed. (LGL-003)
Warning: Standard cell instance Modulation_system_cart/CSK_GEN/complex_exp_LUT/U482 is not placed. (LGL-003)
Warning: Standard cell instance Modulation_system_cart/CSK_GEN/complex_exp_LUT/U483 is not placed. (LGL-003)
Warning: Standard cell instance Modulation_system_cart/CSK_GEN/complex_exp_LUT/U484 is not placed. (LGL-003)
Warning: Standard cell instance Modulation_system_cart/CSK_GEN/complex_exp_LUT/U485 is not placed. (LGL-003)
Warning: Standard cell instance Modulation_system_cart/CSK_GEN/complex_exp_LUT/U486 is not placed. (LGL-003)
Warning: Standard cell instance Modulation_system_cart/CSK_GEN/complex_exp_LUT/U487 is not placed. (LGL-003)
Warning: Standard cell instance Modulation_system_cart/CSK_GEN/complex_exp_LUT/U488 is not placed. (LGL-003)
Warning: Standard cell instance Modulation_system_cart/CSK_GEN/complex_exp_LUT/U489 is not placed. (LGL-003)
Warning: Standard cell instance Modulation_system_cart/CSK_GEN/complex_exp_LUT/U490 is not placed. (LGL-003)
Warning: Standard cell instance Modulation_system_cart/CSK_GEN/complex_exp_LUT/U491 is not placed. (LGL-003)
Warning: Standard cell instance Modulation_system_cart/CSK_GEN/complex_exp_LUT/U492 is not placed. (LGL-003)
Warning: Standard cell instance Modulation_system_cart/CSK_GEN/complex_exp_LUT/U493 is not placed. (LGL-003)
Warning: Standard cell instance Modulation_system_cart/CSK_GEN/complex_exp_LUT/U494 is not placed. (LGL-003)
Warning: Standard cell instance Modulation_system_cart/CSK_GEN/complex_exp_LUT/U495 is not placed. (LGL-003)
Warning: Standard cell instance Modulation_system_cart/CSK_GEN/complex_exp_LUT/U496 is not placed. (LGL-003)
Warning: Standard cell instance Modulation_system_cart/CSK_GEN/complex_exp_LUT/U497 is not placed. (LGL-003)
Warning: Standard cell instance Modulation_system_cart/CSK_GEN/complex_exp_LUT/U498 is not placed. (LGL-003)
Warning: Standard cell instance Modulation_system_cart/CSK_GEN/complex_exp_LUT/U499 is not placed. (LGL-003)
Warning: Standard cell instance Modulation_system_cart/CSK_GEN/complex_exp_LUT/U500 is not placed. (LGL-003)
Warning: Standard cell instance Modulation_system_cart/CSK_GEN/complex_exp_LUT/U501 is not placed. (LGL-003)
Warning: Standard cell instance Modulation_system_cart/CSK_GEN/complex_exp_LUT/U502 is not placed. (LGL-003)
Warning: Standard cell instance Modulation_system_cart/CSK_GEN/complex_exp_LUT/U503 is not placed. (LGL-003)
Warning: Standard cell instance Modulation_system_cart/CSK_GEN/complex_exp_LUT/U504 is not placed. (LGL-003)
Warning: Standard cell instance Modulation_system_cart/CSK_GEN/complex_exp_LUT/U505 is not placed. (LGL-003)
Warning: Standard cell instance Modulation_system_cart/CSK_GEN/complex_exp_LUT/U506 is not placed. (LGL-003)
Warning: Standard cell instance Modulation_system_cart/CSK_GEN/complex_exp_LUT/U507 is not placed. (LGL-003)
Warning: Standard cell instance Modulation_system_cart/CSK_GEN/complex_exp_LUT/U508 is not placed. (LGL-003)
Warning: Standard cell instance Modulation_system_cart/CSK_GEN/complex_exp_LUT/U509 is not placed. (LGL-003)
Warning: Standard cell instance Modulation_system_cart/CSK_GEN/complex_exp_LUT/U510 is not placed. (LGL-003)
Warning: Standard cell instance Modulation_system_cart/CSK_GEN/complex_exp_LUT/U511 is not placed. (LGL-003)
Warning: Standard cell instance Modulation_system_cart/CSK_GEN/complex_exp_LUT/U512 is not placed. (LGL-003)
Warning: Standard cell instance Modulation_system_cart/CSK_GEN/complex_exp_LUT/U513 is not placed. (LGL-003)
Warning: Standard cell instance Modulation_system_cart/CSK_GEN/complex_exp_LUT/U514 is not placed. (LGL-003)
Warning: Standard cell instance Modulation_system_cart/CSK_GEN/complex_exp_LUT/U515 is not placed. (LGL-003)
Warning: Standard cell instance Modulation_system_cart/CSK_GEN/complex_exp_LUT/U516 is not placed. (LGL-003)
Warning: Standard cell instance Modulation_system_cart/CSK_GEN/complex_exp_LUT/U590 is not placed. (LGL-003)
Warning: Standard cell instance Modulation_system_cart/CSK_GEN/complex_exp_LUT/U594 is not placed. (LGL-003)
Warning: Standard cell instance Modulation_system_cart/CSK_GEN/complex_exp_LUT/U597 is not placed. (LGL-003)
Warning: Standard cell instance Modulation_system_cart/CSK_GEN/complex_exp_LUT/U599 is not placed. (LGL-003)
Warning: Standard cell instance Modulation_system_cart/CSK_GEN/complex_exp_LUT/U647 is not placed. (LGL-003)
Warning: Standard cell instance Modulation_system_cart/CSK_GEN/complex_exp_LUT/U648 is not placed. (LGL-003)
Warning: Standard cell instance Modulation_system_cart/CSK_GEN/complex_exp_LUT/U665 is not placed. (LGL-003)
Warning: Standard cell instance Modulation_system_cart/CSK_GEN/complex_exp_LUT/U676 is not placed. (LGL-003)
Warning: Standard cell instance Modulation_system_cart/CSK_GEN/complex_exp_LUT/U890 is not placed. (LGL-003)
Warning: Standard cell instance Modulation_system_cart/CSK_GEN/complex_exp_LUT/U892 is not placed. (LGL-003)
Warning: Standard cell instance Modulation_system_cart/CSK_GEN/complex_exp_LUT/U897 is not placed. (LGL-003)
Warning: Standard cell instance Modulation_system_cart/CSK_GEN/complex_exp_LUT/U900 is not placed. (LGL-003)
Warning: Standard cell instance Modulation_system_cart/CSK_GEN/complex_exp_LUT/U901 is not placed. (LGL-003)
Warning: Standard cell instance Modulation_system_cart/CSK_GEN/complex_exp_LUT/U903 is not placed. (LGL-003)
Warning: Standard cell instance Modulation_system_cart/CSK_GEN/complex_exp_LUT/U906 is not placed. (LGL-003)
Warning: Standard cell instance Modulation_system_cart/CSK_GEN/complex_exp_LUT/U907 is not placed. (LGL-003)
Warning: Standard cell instance Modulation_system_cart/CSK_GEN/complex_exp_LUT/U909 is not placed. (LGL-003)
Warning: Standard cell instance Modulation_system_cart/CSK_GEN/complex_exp_LUT/U911 is not placed. (LGL-003)
Warning: Standard cell instance Modulation_system_cart/CSK_GEN/complex_exp_LUT/U914 is not placed. (LGL-003)
Warning: Standard cell instance Modulation_system_cart/CSK_GEN/complex_exp_LUT/U915 is not placed. (LGL-003)
Warning: Standard cell instance Modulation_system_cart/CSK_GEN/complex_exp_LUT/U916 is not placed. (LGL-003)
Warning: Standard cell instance Modulation_system_cart/CSK_GEN/complex_exp_LUT/U918 is not placed. (LGL-003)
Warning: Standard cell instance Modulation_system_cart/CSK_GEN/complex_exp_LUT/U919 is not placed. (LGL-003)
Warning: Standard cell instance Modulation_system_cart/CSK_GEN/complex_exp_LUT/U923 is not placed. (LGL-003)
Warning: Standard cell instance Modulation_system_cart/CSK_GEN/complex_exp_LUT/U925 is not placed. (LGL-003)
Warning: Standard cell instance Modulation_system_cart/CSK_GEN/complex_exp_LUT/U930 is not placed. (LGL-003)
Warning: Standard cell instance Modulation_system_cart/CSK_GEN/complex_exp_LUT/U931 is not placed. (LGL-003)
Warning: Standard cell instance Modulation_system_cart/CSK_GEN/complex_exp_LUT/U933 is not placed. (LGL-003)
Warning: Standard cell instance Modulation_system_cart/CSK_GEN/complex_exp_LUT/U934 is not placed. (LGL-003)
Warning: Standard cell instance Modulation_system_cart/CSK_GEN/complex_exp_LUT/U936 is not placed. (LGL-003)
Warning: Standard cell instance Modulation_system_cart/CSK_GEN/complex_exp_LUT/U937 is not placed. (LGL-003)
Warning: Standard cell instance Modulation_system_cart/CSK_GEN/complex_exp_LUT/U940 is not placed. (LGL-003)
Warning: Standard cell instance Modulation_system_cart/CSK_GEN/complex_exp_LUT/U942 is not placed. (LGL-003)
Warning: Standard cell instance Modulation_system_cart/CSK_GEN/complex_exp_LUT/U945 is not placed. (LGL-003)
Warning: Standard cell instance Modulation_system_cart/CSK_GEN/complex_exp_LUT/U947 is not placed. (LGL-003)
Warning: Standard cell instance Modulation_system_cart/CSK_GEN/complex_exp_LUT/U948 is not placed. (LGL-003)
Warning: Standard cell instance Modulation_system_cart/CSK_GEN/complex_exp_LUT/U949 is not placed. (LGL-003)
Warning: Standard cell instance Modulation_system_cart/CSK_GEN/complex_exp_LUT/U951 is not placed. (LGL-003)
Warning: Standard cell instance Modulation_system_cart/CSK_GEN/complex_exp_LUT/U952 is not placed. (LGL-003)
Warning: Standard cell instance Modulation_system_cart/CSK_GEN/complex_exp_LUT/U953 is not placed. (LGL-003)
Warning: Standard cell instance Modulation_system_cart/CSK_GEN/complex_exp_LUT/U954 is not placed. (LGL-003)
Warning: Standard cell instance Modulation_system_cart/CSK_GEN/complex_exp_LUT/U955 is not placed. (LGL-003)
Warning: Standard cell instance Modulation_system_cart/CSK_GEN/complex_exp_LUT/U956 is not placed. (LGL-003)
Warning: Standard cell instance Modulation_system_cart/CSK_GEN/complex_exp_LUT/U957 is not placed. (LGL-003)
Warning: Standard cell instance Modulation_system_cart/CSK_GEN/complex_exp_LUT/U958 is not placed. (LGL-003)
Warning: Standard cell instance Modulation_system_cart/CSK_GEN/complex_exp_LUT/U959 is not placed. (LGL-003)
Warning: Standard cell instance Modulation_system_cart/CSK_GEN/complex_exp_LUT/U960 is not placed. (LGL-003)
Warning: Standard cell instance Modulation_system_cart/CSK_GEN/complex_exp_LUT/U961 is not placed. (LGL-003)
Warning: Standard cell instance Modulation_system_cart/CSK_GEN/complex_exp_LUT/U962 is not placed. (LGL-003)
Warning: Standard cell instance Modulation_system_cart/CSK_GEN/complex_exp_LUT/U963 is not placed. (LGL-003)
Warning: Standard cell instance Modulation_system_cart/CSK_GEN/complex_exp_LUT/U964 is not placed. (LGL-003)
Warning: Standard cell instance Modulation_system_cart/CSK_GEN/complex_exp_LUT/U965 is not placed. (LGL-003)
Warning: Standard cell instance Modulation_system_cart/CSK_GEN/complex_exp_LUT/U966 is not placed. (LGL-003)
Warning: Standard cell instance Modulation_system_cart/CSK_GEN/complex_exp_LUT/U967 is not placed. (LGL-003)
Warning: Standard cell instance Modulation_system_cart/CSK_GEN/complex_exp_LUT/U968 is not placed. (LGL-003)
Warning: Standard cell instance Modulation_system_cart/CSK_GEN/complex_exp_LUT/U969 is not placed. (LGL-003)
Warning: Standard cell instance Modulation_system_cart/CSK_GEN/complex_exp_LUT/U970 is not placed. (LGL-003)
Warning: Standard cell instance Modulation_system_cart/CSK_GEN/complex_exp_LUT/U971 is not placed. (LGL-003)
Warning: Standard cell instance Modulation_system_cart/CSK_GEN/complex_exp_LUT/U972 is not placed. (LGL-003)
Warning: Standard cell instance Modulation_system_cart/CSK_GEN/complex_exp_LUT/U973 is not placed. (LGL-003)
Warning: Standard cell instance Modulation_system_cart/CSK_GEN/complex_exp_LUT/U974 is not placed. (LGL-003)
Warning: Standard cell instance Modulation_system_cart/CSK_GEN/complex_exp_LUT/U975 is not placed. (LGL-003)
Warning: Standard cell instance Modulation_system_cart/CSK_GEN/complex_exp_LUT/U976 is not placed. (LGL-003)
Warning: Standard cell instance Modulation_system_cart/CSK_GEN/complex_exp_LUT/U977 is not placed. (LGL-003)
Warning: Standard cell instance Modulation_system_cart/CSK_GEN/complex_exp_LUT/U978 is not placed. (LGL-003)
Warning: Standard cell instance Modulation_system_cart/CSK_GEN/complex_exp_LUT/U979 is not placed. (LGL-003)
Warning: Standard cell instance Modulation_system_cart/CSK_GEN/complex_exp_LUT/U980 is not placed. (LGL-003)
Warning: Standard cell instance Modulation_system_cart/CSK_GEN/complex_exp_LUT/U981 is not placed. (LGL-003)
Warning: Standard cell instance Modulation_system_cart/CSK_GEN/complex_exp_LUT/U982 is not placed. (LGL-003)
Warning: Standard cell instance Modulation_system_cart/CSK_GEN/complex_exp_LUT/U983 is not placed. (LGL-003)
Warning: Standard cell instance Modulation_system_cart/CSK_GEN/complex_exp_LUT/U984 is not placed. (LGL-003)
Warning: Standard cell instance Modulation_system_cart/CSK_GEN/complex_exp_LUT/U985 is not placed. (LGL-003)
Warning: Standard cell instance Modulation_system_cart/CSK_GEN/complex_exp_LUT/U986 is not placed. (LGL-003)
Warning: Standard cell instance Modulation_system_cart/CSK_GEN/complex_exp_LUT/U987 is not placed. (LGL-003)
Warning: Standard cell instance Modulation_system_cart/CSK_GEN/complex_exp_LUT/U988 is not placed. (LGL-003)
Warning: Standard cell instance Modulation_system_cart/CSK_GEN/complex_exp_LUT/U989 is not placed. (LGL-003)
Warning: Standard cell instance Modulation_system_cart/CSK_GEN/complex_exp_LUT/U990 is not placed. (LGL-003)
Warning: Standard cell instance Modulation_system_cart/CSK_GEN/complex_exp_LUT/U991 is not placed. (LGL-003)
Warning: Standard cell instance Modulation_system_cart/CSK_GEN/complex_exp_LUT/U992 is not placed. (LGL-003)
Warning: Standard cell instance Modulation_system_cart/CSK_GEN/complex_exp_LUT/U993 is not placed. (LGL-003)
Warning: Standard cell instance Modulation_system_cart/CSK_GEN/complex_exp_LUT/U994 is not placed. (LGL-003)
Warning: Standard cell instance Modulation_system_cart/CSK_GEN/complex_exp_LUT/U995 is not placed. (LGL-003)
Warning: Standard cell instance Modulation_system_cart/CSK_GEN/complex_exp_LUT/U996 is not placed. (LGL-003)
Warning: Standard cell instance Modulation_system_cart/CSK_GEN/complex_exp_LUT/U997 is not placed. (LGL-003)
Warning: Standard cell instance Modulation_system_cart/CSK_GEN/complex_exp_LUT/U998 is not placed. (LGL-003)
Warning: Standard cell instance Modulation_system_cart/CSK_GEN/complex_exp_LUT/U999 is not placed. (LGL-003)
Warning: Standard cell instance Modulation_system_cart/CSK_GEN/complex_exp_LUT/U1000 is not placed. (LGL-003)
Warning: Standard cell instance Modulation_system_cart/CSK_GEN/complex_exp_LUT/U1001 is not placed. (LGL-003)
Warning: Standard cell instance Modulation_system_cart/CSK_GEN/complex_exp_LUT/U1002 is not placed. (LGL-003)
Warning: Standard cell instance Modulation_system_cart/CSK_GEN/complex_exp_LUT/U1003 is not placed. (LGL-003)
Warning: Standard cell instance Modulation_system_cart/CSK_GEN/complex_exp_LUT/U1004 is not placed. (LGL-003)
Warning: Standard cell instance Modulation_system_cart/CSK_GEN/complex_exp_LUT/U1005 is not placed. (LGL-003)
Warning: Standard cell instance Modulation_system_cart/CSK_GEN/complex_exp_LUT/U1006 is not placed. (LGL-003)
Warning: Standard cell instance Modulation_system_cart/CSK_GEN/complex_exp_LUT/U1007 is not placed. (LGL-003)
Warning: Standard cell instance Modulation_system_cart/CSK_GEN/complex_exp_LUT/U1008 is not placed. (LGL-003)
Warning: Standard cell instance Modulation_system_cart/CSK_GEN/complex_exp_LUT/U1009 is not placed. (LGL-003)
Warning: Standard cell instance Modulation_system_cart/CSK_GEN/complex_exp_LUT/U1010 is not placed. (LGL-003)
Warning: Standard cell instance Modulation_system_cart/CSK_GEN/complex_exp_LUT/U1011 is not placed. (LGL-003)
Warning: Standard cell instance Modulation_system_cart/CSK_GEN/complex_exp_LUT/U1012 is not placed. (LGL-003)
Warning: Standard cell instance Modulation_system_cart/CSK_GEN/complex_exp_LUT/U1013 is not placed. (LGL-003)
Warning: Standard cell instance Modulation_system_cart/CSK_GEN/complex_exp_LUT/U1014 is not placed. (LGL-003)
Warning: Standard cell instance Modulation_system_cart/CSK_GEN/complex_exp_LUT/U1015 is not placed. (LGL-003)
Warning: Standard cell instance Modulation_system_cart/CSK_GEN/complex_exp_LUT/U1016 is not placed. (LGL-003)
Warning: Standard cell instance Modulation_system_cart/CSK_GEN/complex_exp_LUT/U1017 is not placed. (LGL-003)
Warning: Standard cell instance Modulation_system_cart/CSK_GEN/complex_exp_LUT/U1018 is not placed. (LGL-003)
Warning: Standard cell instance Modulation_system_cart/CSK_GEN/complex_exp_LUT/U1019 is not placed. (LGL-003)
Warning: Standard cell instance Modulation_system_cart/CSK_GEN/complex_exp_LUT/U1020 is not placed. (LGL-003)
Warning: Standard cell instance Modulation_system_cart/CSK_GEN/complex_exp_LUT/U1021 is not placed. (LGL-003)
Warning: Standard cell instance Modulation_system_cart/CSK_GEN/complex_exp_LUT/U1022 is not placed. (LGL-003)
Warning: Standard cell instance Modulation_system_cart/CSK_GEN/complex_exp_LUT/U1023 is not placed. (LGL-003)
Warning: Standard cell instance Modulation_system_cart/CSK_GEN/complex_exp_LUT/U1024 is not placed. (LGL-003)
Warning: Standard cell instance Modulation_system_cart/CSK_GEN/complex_exp_LUT/U1025 is not placed. (LGL-003)
Warning: Standard cell instance Modulation_system_cart/CSK_GEN/complex_exp_LUT/U1026 is not placed. (LGL-003)
Warning: Standard cell instance Modulation_system_cart/CSK_GEN/complex_exp_LUT/U1027 is not placed. (LGL-003)
Warning: Standard cell instance Modulation_system_cart/CSK_GEN/complex_exp_LUT/U1028 is not placed. (LGL-003)
Warning: Standard cell instance Modulation_system_cart/CSK_GEN/complex_exp_LUT/U1029 is not placed. (LGL-003)
Warning: Standard cell instance Modulation_system_cart/CSK_GEN/complex_exp_LUT/U1030 is not placed. (LGL-003)
Warning: Standard cell instance Modulation_system_cart/CSK_GEN/complex_exp_LUT/U1031 is not placed. (LGL-003)
Warning: Standard cell instance Modulation_system_cart/CSK_GEN/complex_exp_LUT/U1032 is not placed. (LGL-003)
Warning: Standard cell instance Modulation_system_cart/CSK_GEN/complex_exp_LUT/U1033 is not placed. (LGL-003)
Warning: Standard cell instance Modulation_system_cart/CSK_GEN/complex_exp_LUT/U1034 is not placed. (LGL-003)
Warning: Standard cell instance Modulation_system_cart/CSK_GEN/complex_exp_LUT/U1035 is not placed. (LGL-003)
Warning: Standard cell instance Modulation_system_cart/CSK_GEN/complex_exp_LUT/U1036 is not placed. (LGL-003)
Warning: Standard cell instance Modulation_system_cart/CSK_GEN/complex_exp_LUT/U1037 is not placed. (LGL-003)
Warning: Standard cell instance Modulation_system_cart/CSK_GEN/complex_exp_LUT/U1038 is not placed. (LGL-003)
Warning: Standard cell instance Modulation_system_cart/CSK_GEN/complex_exp_LUT/U1039 is not placed. (LGL-003)
Warning: Standard cell instance Modulation_system_cart/CSK_GEN/complex_exp_LUT/U1040 is not placed. (LGL-003)
Warning: Standard cell instance Modulation_system_cart/CSK_GEN/complex_exp_LUT/U1041 is not placed. (LGL-003)
Warning: Standard cell instance Modulation_system_cart/CSK_GEN/complex_exp_LUT/U1042 is not placed. (LGL-003)
Warning: Standard cell instance Modulation_system_cart/CSK_GEN/complex_exp_LUT/U1043 is not placed. (LGL-003)
Warning: Standard cell instance Modulation_system_cart/CSK_GEN/complex_exp_LUT/U1044 is not placed. (LGL-003)
Warning: Standard cell instance Modulation_system_cart/CSK_GEN/complex_exp_LUT/U1045 is not placed. (LGL-003)
Warning: Standard cell instance Modulation_system_cart/CSK_GEN/complex_exp_LUT/U1046 is not placed. (LGL-003)
Warning: Standard cell instance Modulation_system_cart/CSK_GEN/complex_exp_LUT/U1047 is not placed. (LGL-003)
Warning: Standard cell instance Modulation_system_cart/CSK_GEN/complex_exp_LUT/U1048 is not placed. (LGL-003)
Warning: Standard cell instance Modulation_system_cart/CSK_GEN/complex_exp_LUT/U1049 is not placed. (LGL-003)
Warning: Standard cell instance Modulation_system_cart/CSK_GEN/complex_exp_LUT/U1050 is not placed. (LGL-003)
Warning: Standard cell instance Modulation_system_cart/CSK_GEN/complex_exp_LUT/U1051 is not placed. (LGL-003)
Warning: Standard cell instance Modulation_system_cart/CSK_GEN/complex_exp_LUT/U1052 is not placed. (LGL-003)
Warning: Standard cell instance Modulation_system_cart/CSK_GEN/complex_exp_LUT/U1053 is not placed. (LGL-003)
Warning: Standard cell instance Modulation_system_cart/CSK_GEN/complex_exp_LUT/U1054 is not placed. (LGL-003)
Warning: Standard cell instance Modulation_system_cart/CSK_GEN/complex_exp_LUT/U1055 is not placed. (LGL-003)
Warning: Standard cell instance Modulation_system_cart/CSK_GEN/complex_exp_LUT/U1056 is not placed. (LGL-003)
Warning: Standard cell instance Modulation_system_cart/CSK_GEN/complex_exp_LUT/U1057 is not placed. (LGL-003)
Warning: Standard cell instance Modulation_system_cart/CSK_GEN/complex_exp_LUT/U1058 is not placed. (LGL-003)
Warning: Standard cell instance Modulation_system_cart/CSK_GEN/complex_exp_LUT/U1059 is not placed. (LGL-003)
Warning: Standard cell instance Modulation_system_cart/CSK_GEN/complex_exp_LUT/U1060 is not placed. (LGL-003)
Warning: Standard cell instance Modulation_system_cart/CSK_GEN/complex_exp_LUT/U1061 is not placed. (LGL-003)
Warning: Standard cell instance Modulation_system_cart/CSK_GEN/complex_exp_LUT/U1062 is not placed. (LGL-003)
Warning: Standard cell instance Modulation_system_cart/CSK_GEN/complex_exp_LUT/U1063 is not placed. (LGL-003)
Warning: Standard cell instance Modulation_system_cart/CSK_GEN/complex_exp_LUT/U1064 is not placed. (LGL-003)
Warning: Standard cell instance Modulation_system_cart/CSK_GEN/complex_exp_LUT/U1065 is not placed. (LGL-003)
Warning: Standard cell instance Modulation_system_cart/CSK_GEN/complex_exp_LUT/U1066 is not placed. (LGL-003)
Warning: Standard cell instance Modulation_system_cart/CSK_GEN/complex_exp_LUT/U1067 is not placed. (LGL-003)
Warning: Standard cell instance Modulation_system_cart/CSK_GEN/complex_exp_LUT/U1068 is not placed. (LGL-003)
Warning: Standard cell instance Modulation_system_cart/CSK_GEN/complex_exp_LUT/U1069 is not placed. (LGL-003)
Warning: Standard cell instance Modulation_system_cart/CSK_GEN/complex_exp_LUT/U1070 is not placed. (LGL-003)
Warning: Standard cell instance Modulation_system_cart/CSK_GEN/complex_exp_LUT/U1071 is not placed. (LGL-003)
Warning: Standard cell instance Modulation_system_cart/CSK_GEN/complex_exp_LUT/U1072 is not placed. (LGL-003)
Warning: Standard cell instance Modulation_system_cart/CSK_GEN/complex_exp_LUT/U1073 is not placed. (LGL-003)
Warning: Standard cell instance Modulation_system_cart/CSK_GEN/complex_exp_LUT/U1074 is not placed. (LGL-003)
Warning: Standard cell instance Modulation_system_cart/CSK_GEN/complex_exp_LUT/U1075 is not placed. (LGL-003)
Warning: Standard cell instance Modulation_system_cart/CSK_GEN/complex_exp_LUT/U1076 is not placed. (LGL-003)
Warning: Standard cell instance Modulation_system_cart/CSK_GEN/complex_exp_LUT/U1077 is not placed. (LGL-003)
Warning: Standard cell instance Modulation_system_cart/CSK_GEN/complex_exp_LUT/U1078 is not placed. (LGL-003)
Warning: Standard cell instance Modulation_system_cart/CSK_GEN/complex_exp_LUT/U1079 is not placed. (LGL-003)
Warning: Standard cell instance Modulation_system_cart/CSK_GEN/complex_exp_LUT/U1080 is not placed. (LGL-003)
Warning: Standard cell instance Modulation_system_cart/CSK_GEN/complex_exp_LUT/U1081 is not placed. (LGL-003)
Warning: Standard cell instance Modulation_system_cart/CSK_GEN/complex_exp_LUT/U1082 is not placed. (LGL-003)
Warning: Standard cell instance Modulation_system_cart/CSK_GEN/complex_exp_LUT/U1083 is not placed. (LGL-003)
Warning: Standard cell instance Modulation_system_cart/CSK_GEN/complex_exp_LUT/U1084 is not placed. (LGL-003)
Warning: Standard cell instance Modulation_system_cart/CSK_GEN/complex_exp_LUT/U1085 is not placed. (LGL-003)
Warning: Standard cell instance Modulation_system_cart/CSK_GEN/complex_exp_LUT/U1086 is not placed. (LGL-003)
Warning: Standard cell instance Modulation_system_cart/CSK_GEN/complex_exp_LUT/U1087 is not placed. (LGL-003)
Warning: Standard cell instance Modulation_system_cart/CSK_GEN/complex_exp_LUT/U1088 is not placed. (LGL-003)
Warning: Standard cell instance Modulation_system_cart/CSK_GEN/complex_exp_LUT/U1089 is not placed. (LGL-003)
Warning: Standard cell instance Modulation_system_cart/CSK_GEN/complex_exp_LUT/U1090 is not placed. (LGL-003)
Warning: Standard cell instance Modulation_system_cart/CSK_GEN/complex_exp_LUT/U1091 is not placed. (LGL-003)
Warning: Standard cell instance Modulation_system_cart/CSK_GEN/complex_exp_LUT/U1092 is not placed. (LGL-003)
Warning: Standard cell instance Modulation_system_cart/CSK_GEN/complex_exp_LUT/U1093 is not placed. (LGL-003)
Warning: Standard cell instance Modulation_system_cart/CSK_GEN/complex_exp_LUT/U1094 is not placed. (LGL-003)
Warning: Standard cell instance Modulation_system_cart/Address_C/U14 is not placed. (LGL-003)
Warning: Standard cell instance Modulation_system_cart/Address_C/U15 is not placed. (LGL-003)
Warning: Standard cell instance Modulation_system_cart/Address_C/U16 is not placed. (LGL-003)
Warning: Standard cell instance Modulation_system_cart/Address_C/U17 is not placed. (LGL-003)
Warning: Standard cell instance Modulation_system_cart/Address_C/U18 is not placed. (LGL-003)
Warning: Standard cell instance Modulation_system_cart/Address_C/U19 is not placed. (LGL-003)
Warning: Standard cell instance Modulation_system_cart/Address_C/U20 is not placed. (LGL-003)
Warning: Standard cell instance Modulation_system_cart/Address_C/U21 is not placed. (LGL-003)
Warning: Standard cell instance Modulation_system_cart/Address_C/U22 is not placed. (LGL-003)
Warning: Standard cell instance Modulation_system_cart/Address_C/U23 is not placed. (LGL-003)
Warning: Standard cell instance Modulation_system_cart/Address_C/U24 is not placed. (LGL-003)
Warning: Standard cell instance Modulation_system_cart/Address_C/U25 is not placed. (LGL-003)
Warning: Standard cell instance Modulation_system_cart/Address_C/U27 is not placed. (LGL-003)
Warning: Standard cell instance Modulation_system_cart/Address_C/U28 is not placed. (LGL-003)
Warning: Standard cell instance Modulation_system_cart/Address_C/U29 is not placed. (LGL-003)
Warning: Standard cell instance Modulation_system_cart/Address_C/U30 is not placed. (LGL-003)
Warning: Standard cell instance Modulation_system_cart/Address_C/address_reg_0_ is not placed. (LGL-003)
Warning: Standard cell instance Modulation_system_cart/Address_C/address_reg_11_ is not placed. (LGL-003)
Warning: Standard cell instance Modulation_system_cart/Address_C/address_reg_10_ is not placed. (LGL-003)
Warning: Standard cell instance Modulation_system_cart/Address_C/address_reg_9_ is not placed. (LGL-003)
Warning: Standard cell instance Modulation_system_cart/Address_C/address_reg_8_ is not placed. (LGL-003)
Warning: Standard cell instance Modulation_system_cart/Address_C/address_reg_7_ is not placed. (LGL-003)
Warning: Standard cell instance Modulation_system_cart/Address_C/address_reg_6_ is not placed. (LGL-003)
Warning: Standard cell instance Modulation_system_cart/Address_C/address_reg_5_ is not placed. (LGL-003)
Warning: Standard cell instance Modulation_system_cart/Address_C/address_reg_4_ is not placed. (LGL-003)
Warning: Standard cell instance Modulation_system_cart/Address_C/address_reg_3_ is not placed. (LGL-003)
Warning: Standard cell instance Modulation_system_cart/Address_C/address_reg_2_ is not placed. (LGL-003)
Warning: Standard cell instance Modulation_system_cart/Address_C/address_reg_1_ is not placed. (LGL-003)
Warning: Standard cell instance Modulation_system_cart/Address_C/U3 is not placed. (LGL-003)
Warning: Standard cell instance Modulation_system_cart/Address_C/U4 is not placed. (LGL-003)
Warning: Standard cell instance Modulation_system_cart/Address_C/U5 is not placed. (LGL-003)
Warning: Standard cell instance Modulation_system_cart/Address_C/U6 is not placed. (LGL-003)
Warning: Standard cell instance Modulation_system_cart/Address_C/U7 is not placed. (LGL-003)
Warning: Standard cell instance Modulation_system_cart/Address_C/U8 is not placed. (LGL-003)
Warning: Standard cell instance Modulation_system_cart/Address_C/U9 is not placed. (LGL-003)
Warning: Standard cell instance Modulation_system_cart/Address_C/U50 is not placed. (LGL-003)
Warning: Standard cell instance Modulation_system_cart/Address_C/U51 is not placed. (LGL-003)
Warning: Standard cell instance Modulation_system_cart/Address_C/add_23/U1_1_10 is not placed. (LGL-003)
Warning: Standard cell instance Modulation_system_cart/Address_C/add_23/U1_1_7 is not placed. (LGL-003)
Warning: Standard cell instance Modulation_system_cart/Address_C/add_23/U1_1_9 is not placed. (LGL-003)
Warning: Standard cell instance Modulation_system_cart/Address_C/add_23/U1_1_8 is not placed. (LGL-003)
Warning: Standard cell instance Modulation_system_cart/Address_C/add_23/U1_1_6 is not placed. (LGL-003)
Warning: Standard cell instance Modulation_system_cart/Address_C/add_23/U1_1_4 is not placed. (LGL-003)
Warning: Standard cell instance Modulation_system_cart/Address_C/add_23/U1_1_2 is not placed. (LGL-003)
Warning: Standard cell instance Modulation_system_cart/Address_C/add_23/U1_1_1 is not placed. (LGL-003)
Warning: Standard cell instance Modulation_system_cart/Address_C/add_23/U1_1_3 is not placed. (LGL-003)
Warning: Standard cell instance Modulation_system_cart/Address_C/add_23/U1 is not placed. (LGL-003)
Warning: Standard cell instance Modulation_system_cart/Address_C/add_23/U1_1_5 is not placed. (LGL-003)
Warning: Standard cell instance Modulation_system_cart/Address_C/add_23/U2 is not placed. (LGL-003)
Warning: Standard cell instance Modulation_system_cart/delay_LUT/U9 is not placed. (LGL-003)
Warning: Standard cell instance Modulation_system_cart/delay_LUT/U10 is not placed. (LGL-003)
Warning: Standard cell instance Modulation_system_cart/delay_LUT/U11 is not placed. (LGL-003)
Warning: Standard cell instance Modulation_system_cart/delay_LUT/U12 is not placed. (LGL-003)
Warning: Standard cell instance Modulation_system_cart/delay_LUT/U13 is not placed. (LGL-003)
Warning: Standard cell instance Modulation_system_cart/delay_LUT/U14 is not placed. (LGL-003)
Warning: Standard cell instance Modulation_system_cart/delay_LUT/U15 is not placed. (LGL-003)
Warning: Standard cell instance Modulation_system_cart/delay_LUT/U16 is not placed. (LGL-003)
Warning: Standard cell instance Modulation_system_cart/delay_LUT/U17 is not placed. (LGL-003)
Warning: Standard cell instance Modulation_system_cart/delay_LUT/U18 is not placed. (LGL-003)
Warning: Standard cell instance Modulation_system_cart/delay_LUT/U19 is not placed. (LGL-003)
Warning: Standard cell instance Modulation_system_cart/delay_LUT/U5 is not placed. (LGL-003)
Warning: Standard cell instance Modulation_system_cart/delay_LUT/U6 is not placed. (LGL-003)
Warning: Standard cell instance Modulation_system_cart/delay_LUT/U7 is not placed. (LGL-003)
Warning: Standard cell instance Modulation_system_cart/delay_LUT/U8 is not placed. (LGL-003)
Warning: Standard cell instance Modulation_system_cart/delay_LUT/U21 is not placed. (LGL-003)
Warning: Standard cell instance Modulation_system_cart/delay_LUT/U22 is not placed. (LGL-003)
Warning: Standard cell instance Modulation_system_cart/delay_LUT/U3 is not placed. (LGL-003)
Warning: Standard cell instance Modulation_system_cart/delay_timer/U16 is not placed. (LGL-003)
Warning: Standard cell instance Modulation_system_cart/delay_timer/U17 is not placed. (LGL-003)
Warning: Standard cell instance Modulation_system_cart/delay_timer/U18 is not placed. (LGL-003)
Warning: Standard cell instance Modulation_system_cart/delay_timer/U19 is not placed. (LGL-003)
Warning: Standard cell instance Modulation_system_cart/delay_timer/U20 is not placed. (LGL-003)
Warning: Standard cell instance Modulation_system_cart/delay_timer/U21 is not placed. (LGL-003)
Warning: Standard cell instance Modulation_system_cart/delay_timer/U22 is not placed. (LGL-003)
Warning: Standard cell instance Modulation_system_cart/delay_timer/U23 is not placed. (LGL-003)
Warning: Standard cell instance Modulation_system_cart/delay_timer/U24 is not placed. (LGL-003)
Warning: Standard cell instance Modulation_system_cart/delay_timer/U25 is not placed. (LGL-003)
Warning: Standard cell instance Modulation_system_cart/delay_timer/U26 is not placed. (LGL-003)
Warning: Standard cell instance Modulation_system_cart/delay_timer/U27 is not placed. (LGL-003)
Warning: Standard cell instance Modulation_system_cart/delay_timer/U28 is not placed. (LGL-003)
Warning: Standard cell instance Modulation_system_cart/delay_timer/U29 is not placed. (LGL-003)
Warning: Standard cell instance Modulation_system_cart/delay_timer/U30 is not placed. (LGL-003)
Warning: Standard cell instance Modulation_system_cart/delay_timer/U31 is not placed. (LGL-003)
Warning: Standard cell instance Modulation_system_cart/delay_timer/count_reg_0_ is not placed. (LGL-003)
Warning: Standard cell instance Modulation_system_cart/delay_timer/count_reg_6_ is not placed. (LGL-003)
Warning: Standard cell instance Modulation_system_cart/delay_timer/trig_reg is not placed. (LGL-003)
Warning: Standard cell instance Modulation_system_cart/delay_timer/count_reg_5_ is not placed. (LGL-003)
Warning: Standard cell instance Modulation_system_cart/delay_timer/count_reg_4_ is not placed. (LGL-003)
Warning: Standard cell instance Modulation_system_cart/delay_timer/count_reg_3_ is not placed. (LGL-003)
Warning: Standard cell instance Modulation_system_cart/delay_timer/count_reg_2_ is not placed. (LGL-003)
Warning: Standard cell instance Modulation_system_cart/delay_timer/count_reg_1_ is not placed. (LGL-003)
Warning: Standard cell instance Modulation_system_cart/delay_timer/U4 is not placed. (LGL-003)
Warning: Standard cell instance Modulation_system_cart/delay_timer/U5 is not placed. (LGL-003)
Warning: Standard cell instance Modulation_system_cart/delay_timer/U6 is not placed. (LGL-003)
Warning: Standard cell instance Modulation_system_cart/delay_timer/U7 is not placed. (LGL-003)
Warning: Standard cell instance Modulation_system_cart/delay_timer/U8 is not placed. (LGL-003)
Warning: Standard cell instance Modulation_system_cart/delay_timer/U9 is not placed. (LGL-003)
Warning: Standard cell instance Modulation_system_cart/delay_timer/U10 is not placed. (LGL-003)
Warning: Standard cell instance Modulation_system_cart/delay_timer/U11 is not placed. (LGL-003)
Warning: Standard cell instance Modulation_system_cart/delay_timer/U12 is not placed. (LGL-003)
Warning: Standard cell instance Modulation_system_cart/delay_timer/U13 is not placed. (LGL-003)
Warning: Standard cell instance Modulation_system_cart/delay_timer/U14 is not placed. (LGL-003)
Warning: Standard cell instance Modulation_system_cart/delay_timer/add_23/U1_1_5 is not placed. (LGL-003)
Warning: Standard cell instance Modulation_system_cart/delay_timer/add_23/U1_1_4 is not placed. (LGL-003)
Warning: Standard cell instance Modulation_system_cart/delay_timer/add_23/U1_1_3 is not placed. (LGL-003)
Warning: Standard cell instance Modulation_system_cart/delay_timer/add_23/U1_1_2 is not placed. (LGL-003)
Warning: Standard cell instance Modulation_system_cart/delay_timer/add_23/U1_1_1 is not placed. (LGL-003)
Warning: Standard cell instance Modulation_system_cart/delay_timer/add_23/U1 is not placed. (LGL-003)
Warning: Standard cell instance Modulation_system_cart/delay_timer/add_23/U2 is not placed. (LGL-003)
Warning: Standard cell instance Modulation_system_cart/delay_timer/add_18/U1_1_6 is not placed. (LGL-003)
Warning: Standard cell instance Modulation_system_cart/delay_timer/add_18/U1_1_5 is not placed. (LGL-003)
Warning: Standard cell instance Modulation_system_cart/delay_timer/add_18/U1_1_4 is not placed. (LGL-003)
Warning: Standard cell instance Modulation_system_cart/delay_timer/add_18/U1_1_3 is not placed. (LGL-003)
Warning: Standard cell instance Modulation_system_cart/delay_timer/add_18/U1_1_2 is not placed. (LGL-003)
Warning: Standard cell instance Modulation_system_cart/delay_timer/add_18/U1_1_1 is not placed. (LGL-003)
Warning: Standard cell instance Modulation_system_cart/delay_timer/add_18/U1 is not placed. (LGL-003)
Warning: Standard cell instance Modulation_system_cart/Address_D/U11 is not placed. (LGL-003)
Warning: Standard cell instance Modulation_system_cart/Address_D/U12 is not placed. (LGL-003)
Warning: Standard cell instance Modulation_system_cart/Address_D/U13 is not placed. (LGL-003)
Warning: Standard cell instance Modulation_system_cart/Address_D/U14 is not placed. (LGL-003)
Warning: Standard cell instance Modulation_system_cart/Address_D/U15 is not placed. (LGL-003)
Warning: Standard cell instance Modulation_system_cart/Address_D/U16 is not placed. (LGL-003)
Warning: Standard cell instance Modulation_system_cart/Address_D/U17 is not placed. (LGL-003)
Warning: Standard cell instance Modulation_system_cart/Address_D/U18 is not placed. (LGL-003)
Warning: Standard cell instance Modulation_system_cart/Address_D/U19 is not placed. (LGL-003)
Warning: Standard cell instance Modulation_system_cart/Address_D/U20 is not placed. (LGL-003)
Warning: Standard cell instance Modulation_system_cart/Address_D/address_reg_0_ is not placed. (LGL-003)
Warning: Standard cell instance Modulation_system_cart/Address_D/address_reg_2_ is not placed. (LGL-003)
Warning: Standard cell instance Modulation_system_cart/Address_D/address_reg_3_ is not placed. (LGL-003)
Warning: Standard cell instance Modulation_system_cart/Address_D/address_reg_1_ is not placed. (LGL-003)
Warning: Standard cell instance Modulation_system_cart/Address_D/U3 is not placed. (LGL-003)
Warning: Standard cell instance Modulation_system_cart/Address_D/U4 is not placed. (LGL-003)
Warning: Standard cell instance Modulation_system_cart/Address_D/U5 is not placed. (LGL-003)
Warning: Standard cell instance Modulation_system_cart/Address_D/U6 is not placed. (LGL-003)
Warning: Standard cell instance Modulation_system_cart/control_unit/U19 is not placed. (LGL-003)
Warning: Standard cell instance Modulation_system_cart/control_unit/U20 is not placed. (LGL-003)
Warning: Standard cell instance Modulation_system_cart/control_unit/U21 is not placed. (LGL-003)
Warning: Standard cell instance Modulation_system_cart/control_unit/U22 is not placed. (LGL-003)
Warning: Standard cell instance Modulation_system_cart/control_unit/U23 is not placed. (LGL-003)
Warning: Standard cell instance Modulation_system_cart/control_unit/U24 is not placed. (LGL-003)
Warning: Standard cell instance Modulation_system_cart/control_unit/U25 is not placed. (LGL-003)
Warning: Standard cell instance Modulation_system_cart/control_unit/U26 is not placed. (LGL-003)
Warning: Standard cell instance Modulation_system_cart/control_unit/U27 is not placed. (LGL-003)
Warning: Standard cell instance Modulation_system_cart/control_unit/state_reg_reg_0_ is not placed. (LGL-003)
Warning: Standard cell instance Modulation_system_cart/control_unit/state_reg_reg_1_ is not placed. (LGL-003)
Warning: Standard cell instance Modulation_system_cart/control_unit/U3 is not placed. (LGL-003)
Warning: Standard cell instance Modulation_system_cart/control_unit/U4 is not placed. (LGL-003)
Warning: Standard cell instance Modulation_system_cart/control_unit/U5 is not placed. (LGL-003)
Warning: Standard cell instance Modulation_system_cart/control_unit/U6 is not placed. (LGL-003)
Warning: Standard cell instance Modulation_system_cart/control_unit/U7 is not placed. (LGL-003)
Warning: Standard cell instance Modulation_system_cart/control_unit/U8 is not placed. (LGL-003)
Warning: Standard cell instance Modulation_system_cart/control_unit/U9 is not placed. (LGL-003)
Warning: Standard cell instance Modulation_system_cart/control_unit/U10 is not placed. (LGL-003)
Warning: Standard cell instance Modulation_system_cart/control_unit/U11 is not placed. (LGL-003)
Warning: Standard cell instance Modulation_system_cart/control_unit/U12 is not placed. (LGL-003)
Warning: Standard cell instance Modulation_system_cart/control_unit/U13 is not placed. (LGL-003)
Warning: Standard cell instance Modulation_system_cart/control_unit/U14 is not placed. (LGL-003)
Warning: Standard cell instance Modulation_system_cart/control_unit/U15 is not placed. (LGL-003)
Warning: Standard cell instance Modulation_system_cart/control_unit/U16 is not placed. (LGL-003)
Warning: Standard cell instance Modulation_system_cart/control_unit/U17 is not placed. (LGL-003)
Warning: Standard cell instance Modulation_system_cart/control_unit/U18 is not placed. (LGL-003)
Warning: Standard cell instance U4 is not placed. (LGL-003)
Warning: Standard cell instance U5 is not placed. (LGL-003)
Design has no advanced rules
Checking legality
Checking cell legality:

Sorting rows.
Checking spacing rule legality.

Checking packing rule legality.


****************************************
  Report : Legality
****************************************

VIOLATIONS BY CATEGORY:
   MOVABLE  APP-FIXED USER-FIXED  DESCRIPTION
         0          0          0  Two objects overlap.
         0          0          0  A cell violates a pnet.
         0          0          0  A cell is illegal at a site.
         0          0          0  A cell is not aligned with a site.
         0          0          0  A cell has an illegal orientation.
         0          0          0  A cell spacing rule is violated.
         0          0          0  A layer rule is violated.
         0          0          0  A cell is in the wrong region.
         0          0          0  Two cells violate cts margins.
         0          0          0  Two cells violate coloring.

         0          0          0  TOTAL

TOTAL 0 Violations.

VIOLATIONS BY SUBCATEGORY:
     MOVABLE  APP-FIXED USER-FIXED  DESCRIPTION

         0          0          0    Two objects overlap.
           0          0          0    Two cells overlap.
           0          0          0    Two cells have overlapping keepout margins.
           0          0          0    A cell overlaps a blockage.
           0          0          0    A cell keepout margin overlaps a blockage.

         0          0          0    A cell violates a pnet.

         0          0          0    A cell is illegal at a site.
           0          0          0    A cell violates pin-track alignment rules.
           0          0          0    A cell is illegal at a site.
           0          0          0    A cell violates legal index rule.
           0          0          0    A cell has the wrong variant for its location.

         0          0          0    A cell is not aligned with a site.
           0          0          0    A cell is not aligned with the base site.
           0          0          0    A cell is not aligned with an overlaid site.

         0          0          0    A cell has an illegal orientation.

         0          0          0    A cell spacing rule is violated.
           0          0          0    A spacing rule is violated in a row.
           0          0          0    A spacing rule is violated between adjacent rows.
           0          0          0    A cell violates vertical abutment rule.
           0          0          0    A cell violates metal spacing rule.

         0          0          0    A layer rule is violated.
           0          0          0    A layer VTH rule is violated.
           0          0          0    A layer OD rule is violated.
           0          0          0    A layer OD max-width rule is violated.
           0          0          0    A layer ALL_OD corner rule is violated.
           0          0          0    A layer max-vertical-length rule is violated.
           0          0          0    A layer TPO rule is violated.
           0          0          0    Filler cell insertion cannot satisfy layer rules.

         0          0          0    A cell is in the wrong region.
           0          0          0    A cell is outside its hard bound.
           0          0          0    A cell is in the wrong voltage area.
           0          0          0    A cell violates an exclusive movebound.

         0          0          0    Two cells violate cts margins.

         0          0          0    Two cells violate coloring.


check_legality for block design CSS_Transmitter_Top succeeded!


check_legality succeeded.

**************************

1
